{
  "type": "FeatureCollection",
  "metadata": {
    "generatedAt": "2026-10-08T04:21:55.712Z",
    "generator": "Hoppers 2026 Transit Engine",
    "totalRoutes": 160,
    "totalStops": 880
  },
  "features": [
    {
      "type": "Feature",
      "id": "BUS_RT_001",
      "geometry": {
        "type": "LineString",
        "coordinates": [
          [
            88.3095,
            22.5445
          ],
          [
            88.3185,
            22.5425
          ],
          [
            88.3235,
            22.5405
          ],
          [
            88.3265,
            22.5385
          ],
          [
            88.3255,
            22.5315
          ],
          [
            88.331534,
            22.529721
          ],
          [
            88.341466,
            22.530279
          ],
          [
            88.3475,
            22.5285
          ],
          [
            88.3445,
            22.5205
          ],
          [
            88.3485,
            22.5185
          ],
          [
            88.3585,
            22.5185
          ],
          [
            88.3654,
            22.5185
          ],
          [
            88.3695,
            22.5215
          ],
          [
            88.373189,
            22.513614
          ],
          [
            88.3805,
            22.5079
          ],
          [
            88.382689,
            22.499114
          ],
          [
            88.3885,
            22.4925
          ],
          [
            88.3995,
            22.5015
          ],
          [
            88.399,
            22.4971
          ],
          [
            88.4015,
            22.4945
          ]
        ]
      },
      "properties": {
        "routeId": "BUS_RT_001",
        "routeNo": "1",
        "routeName": "1 (Mukundapur)",
        "origin": "Ramnagar",
        "destination": "Mukundapur",
        "stopCount": 20,
        "stops": [
          "Ramnagar",
          "BNR Hospital",
          "Babubazar",
          "Kidderpore",
          "Ekbalpur",
          "Alipore Zoo",
          "Bhabani Bhawan",
          "Hazra",
          "Kalighat",
          "Rashbehari",
          "Deshapriya Park",
          "Gariahat",
          "Ballygunge Station",
          "Kasba Post Office",
          "Haltu Bazar",
          "Ramlal Bazar",
          "Sapuipara",
          "Kalikapur",
          "EM Bypass",
          "Mukundapur"
        ],
        "category": "bus_route",
        "pujaStatus": "Diverted Corridor",
        "divertedPath": "Rashbehari Avenue",
        "glowColor": "#F59E0B",
        "lineColor": "#06B6D4"
      }
    },
    {
      "type": "Feature",
      "id": "BUS_RT_002",
      "geometry": {
        "type": "LineString",
        "coordinates": [
          [
            88.3095,
            22.5445
          ],
          [
            88.3015,
            22.5485
          ],
          [
            88.3235,
            22.5405
          ],
          [
            88.3265,
            22.5385
          ],
          [
            88.3255,
            22.5315
          ],
          [
            88.331534,
            22.529721
          ],
          [
            88.341466,
            22.530279
          ],
          [
            88.3475,
            22.5285
          ],
          [
            88.3445,
            22.5205
          ],
          [
            88.3485,
            22.5185
          ],
          [
            88.3515,
            22.5115
          ],
          [
            88.3455,
            22.5085
          ],
          [
            88.3515,
            22.5035
          ],
          [
            88.3555,
            22.5025
          ],
          [
            88.3615,
            22.5015
          ],
          [
            88.3685,
            22.4985
          ],
          [
            88.3815,
            22.4895
          ],
          [
            88.3885,
            22.4815
          ],
          [
            88.3935,
            22.4871
          ],
          [
            88.4015,
            22.4945
          ]
        ]
      },
      "properties": {
        "routeId": "BUS_RT_002",
        "routeNo": "1A",
        "routeName": "1A (Mukundapur)",
        "origin": "Ramnagar",
        "destination": "Mukundapur",
        "stopCount": 20,
        "stops": [
          "Ramnagar",
          "Garden Reach",
          "Babubazar",
          "Kidderpore",
          "Ekbalpur",
          "Alipore Zoo",
          "Bhabani Bhawan",
          "Hazra",
          "Kalighat",
          "Rashbehari",
          "Rabindra Sarovar",
          "Tollygunge Phari",
          "Anwar Shah Road",
          "Lake Gardens",
          "South City",
          "Jadavpur 8B",
          "Santoshpur",
          "Ajaynagar",
          "EM Bypass",
          "Mukundapur"
        ],
        "category": "bus_route",
        "pujaStatus": "Diverted Corridor",
        "divertedPath": "Rashbehari Avenue",
        "glowColor": "#F59E0B",
        "lineColor": "#06B6D4"
      }
    },
    {
      "type": "Feature",
      "id": "BUS_RT_003",
      "geometry": {
        "type": "LineString",
        "coordinates": [
          [
            88.3095,
            22.5445
          ],
          [
            88.2985,
            22.5285
          ],
          [
            88.2945,
            22.5145
          ],
          [
            88.3045,
            22.5185
          ],
          [
            88.3185,
            22.5085
          ],
          [
            88.3285,
            22.5105
          ],
          [
            88.3325,
            22.5045
          ],
          [
            88.3455,
            22.5085
          ],
          [
            88.3515,
            22.5115
          ],
          [
            88.3485,
            22.5185
          ],
          [
            88.3585,
            22.5185
          ],
          [
            88.3545,
            22.5145
          ],
          [
            88.3665,
            22.5115
          ],
          [
            88.3665,
            22.5055
          ],
          [
            88.3685,
            22.4985
          ],
          [
            88.3815,
            22.4895
          ],
          [
            88.3885,
            22.4815
          ],
          [
            88.39135,
            22.48125
          ],
          [
            88.3972,
            22.4828
          ],
          [
            88.3985,
            22.4715
          ],
          [
            88.3955,
            22.4645
          ],
          [
            88.4045,
            22.4765
          ]
        ]
      },
      "properties": {
        "routeId": "BUS_RT_003",
        "routeNo": "1B",
        "routeName": "1B (Nayabad)",
        "origin": "Ramnagar",
        "destination": "Nayabad",
        "stopCount": 22,
        "stops": [
          "Ramnagar",
          "Nature Park",
          "Jhinjhira Bazar",
          "Brace Bridge",
          "Taratala",
          "New Alipore",
          "Mahabirtala",
          "Tollygunge Phari",
          "Rabindra Sarovar",
          "Rashbehari",
          "Deshapriya Park",
          "Southern Avenue",
          "Golpark",
          "Dhakuria",
          "Jadavpur 8B",
          "Santoshpur",
          "Ajaynagar",
          "EM Bypass",
          "Peerless Hospital",
          "New Garia",
          "Garia Station",
          "Nayabad"
        ],
        "category": "bus_route",
        "pujaStatus": "Diverted Corridor",
        "divertedPath": "Rashbehari Avenue",
        "glowColor": "#F59E0B",
        "lineColor": "#06B6D4"
      }
    },
    {
      "type": "Feature",
      "id": "BUS_RT_004",
      "geometry": {
        "type": "LineString",
        "coordinates": [
          [
            88.3285,
            22.5105
          ],
          [
            88.3345,
            22.5145
          ],
          [
            88.3395,
            22.5165
          ],
          [
            88.3485,
            22.5185
          ],
          [
            88.3445,
            22.5205
          ],
          [
            88.3475,
            22.5285
          ],
          [
            88.3495,
            22.5335
          ],
          [
            88.3475,
            22.5415
          ],
          [
            88.3478,
            22.5535
          ],
          [
            88.3524,
            22.5516
          ],
          [
            88.3516,
            22.5645
          ],
          [
            88.3546,
            22.5668
          ],
          [
            88.3575,
            22.5745
          ],
          [
            88.3618,
            22.5735
          ],
          [
            88.3605,
            22.5815
          ],
          [
            88.3615,
            22.5875
          ],
          [
            88.3625,
            22.5975
          ],
          [
            88.3675,
            22.6015
          ],
          [
            88.3698,
            22.6025
          ],
          [
            88.3748,
            22.6042
          ],
          [
            88.3795,
            22.6075
          ],
          [
            88.3725,
            22.58475
          ],
          [
            88.3685,
            22.5638
          ]
        ]
      },
      "properties": {
        "routeId": "BUS_RT_004",
        "routeNo": "3B",
        "routeName": "3B (Milk Colony)",
        "origin": "New Alipore",
        "destination": "Milk Colony",
        "stopCount": 23,
        "stops": [
          "New Alipore",
          "Durgapur Bridge",
          "Chetla Park",
          "Rashbehari",
          "Kalighat",
          "Hazra",
          "Bhowanipore",
          "Rabindra Sadan",
          "Maidan",
          "Park Street",
          "Esplanade",
          "Chandni Chowk",
          "Central",
          "Medical College",
          "MG Road",
          "Girish Park",
          "Sovabazar",
          "Rajballavpara",
          "Shyambazar",
          "RG Kar",
          "Belgachia",
          "Ashubabu Bazar",
          "Milk Colony"
        ],
        "category": "bus_route",
        "pujaStatus": "Diverted & Bypassed",
        "divertedPath": "Amherst Street",
        "glowColor": "#F59E0B",
        "lineColor": "#06B6D4"
      }
    },
    {
      "type": "Feature",
      "id": "BUS_RT_005",
      "geometry": {
        "type": "LineString",
        "coordinates": [
          [
            88.4045,
            22.5195
          ],
          [
            88.3995,
            22.5132
          ],
          [
            88.3935,
            22.5145
          ],
          [
            88.3845,
            22.5155
          ],
          [
            88.3815,
            22.5165
          ],
          [
            88.3695,
            22.5215
          ],
          [
            88.3654,
            22.5185
          ],
          [
            88.3585,
            22.5185
          ],
          [
            88.3485,
            22.5185
          ],
          [
            88.3445,
            22.5205
          ],
          [
            88.3475,
            22.5285
          ],
          [
            88.3495,
            22.5335
          ],
          [
            88.3475,
            22.5415
          ],
          [
            88.3478,
            22.5535
          ],
          [
            88.3524,
            22.5516
          ],
          [
            88.3516,
            22.5645
          ],
          [
            88.3546,
            22.5668
          ],
          [
            88.3585,
            22.5635
          ],
          [
            88.3665,
            22.5615
          ],
          [
            88.3695,
            22.5638
          ],
          [
            88.3735,
            22.5745
          ],
          [
            88.3765,
            22.5855
          ],
          [
            88.3775,
            22.5935
          ],
          [
            88.3698,
            22.6025
          ],
          [
            88.3748,
            22.6042
          ],
          [
            88.3795,
            22.6075
          ],
          [
            88.3895,
            22.6055
          ],
          [
            88.3985,
            22.6035
          ],
          [
            88.4065,
            22.6025
          ],
          [
            88.4075,
            22.6121
          ],
          [
            88.4115,
            22.6235
          ]
        ]
      },
      "properties": {
        "routeId": "BUS_RT_005",
        "routeNo": "3C/1",
        "routeName": "3C/1 (Nager Bazar)",
        "origin": "Anandapur",
        "destination": "Nager Bazar",
        "stopCount": 31,
        "stops": [
          "Anandapur",
          "Ruby",
          "Acropolis Mall",
          "Bosepukur",
          "Kasba PS",
          "Ballygunge Station",
          "Gariahat",
          "Deshapriya Park",
          "Rashbehari",
          "Kalighat",
          "Hazra",
          "Bhowanipore",
          "Rabindra Sadan",
          "Maidan",
          "Park Street",
          "Esplanade",
          "Chandni Chowk",
          "Wellington",
          "Moulali",
          "Sealdah",
          "Rajabazar",
          "Maniktala",
          "Khanna Cinema",
          "Shyambazar",
          "RG Kar",
          "Belgachia",
          "Patipukur",
          "Kalindi",
          "Bangur Avenue",
          "Diamond Plaza",
          "Nager Bazar"
        ],
        "category": "bus_route",
        "pujaStatus": "Diverted Gateway",
        "divertedPath": "Bidhan Sarani",
        "glowColor": "#F59E0B",
        "lineColor": "#06B6D4"
      }
    },
    {
      "type": "Feature",
      "id": "BUS_RT_006",
      "geometry": {
        "type": "LineString",
        "coordinates": [
          [
            88.3105,
            22.4845
          ],
          [
            88.3115,
            22.4925
          ],
          [
            88.3145,
            22.5015
          ],
          [
            88.3215,
            22.5155
          ],
          [
            88.3245,
            22.5245
          ],
          [
            88.3255,
            22.5315
          ],
          [
            88.3265,
            22.5385
          ],
          [
            88.3315,
            22.5485
          ],
          [
            88.3385,
            22.5445
          ],
          [
            88.3475,
            22.5415
          ],
          [
            88.3478,
            22.5535
          ],
          [
            88.3524,
            22.5516
          ],
          [
            88.3516,
            22.5645
          ],
          [
            88.3546,
            22.5668
          ],
          [
            88.3585,
            22.5635
          ],
          [
            88.3665,
            22.5615
          ],
          [
            88.3695,
            22.5638
          ],
          [
            88.3735,
            22.5745
          ],
          [
            88.3765,
            22.5855
          ],
          [
            88.3775,
            22.5935
          ],
          [
            88.3698,
            22.6025
          ],
          [
            88.3748,
            22.6042
          ],
          [
            88.3795,
            22.6075
          ],
          [
            88.3725,
            22.58475
          ],
          [
            88.3685,
            22.5638
          ]
        ]
      },
      "properties": {
        "routeId": "BUS_RT_006",
        "routeNo": "3D",
        "routeName": "3D (Milk Colony)",
        "origin": "Sakher Bazar",
        "destination": "Milk Colony",
        "stopCount": 25,
        "stops": [
          "Sakher Bazar",
          "Behala Chowrasta",
          "Behala 14 No",
          "Majherhat",
          "Mominpore",
          "Ekbalpur",
          "Kidderpore",
          "Hastings",
          "PTS",
          "Rabindra Sadan",
          "Maidan",
          "Park Street",
          "Esplanade",
          "Chandni Chowk",
          "Wellington",
          "Moulali",
          "Sealdah",
          "Rajabazar",
          "Maniktala",
          "Khanna Cinema",
          "Shyambazar",
          "RG Kar",
          "Belgachia",
          "Ashubabu Bazar",
          "Milk Colony"
        ],
        "category": "bus_route",
        "pujaStatus": "Diverted & Bypassed",
        "divertedPath": "Amherst Street",
        "glowColor": "#F59E0B",
        "lineColor": "#06B6D4"
      }
    },
    {
      "type": "Feature",
      "id": "BUS_RT_007",
      "geometry": {
        "type": "LineString",
        "coordinates": [
          [
            88.2715,
            22.5385
          ],
          [
            88.2765,
            22.5396
          ],
          [
            88.2845,
            22.5425
          ],
          [
            88.2985,
            22.5495
          ],
          [
            88.2935,
            22.5465
          ],
          [
            88.3095,
            22.5445
          ],
          [
            88.2985,
            22.5285
          ],
          [
            88.2945,
            22.5145
          ],
          [
            88.3045,
            22.5185
          ],
          [
            88.3185,
            22.5085
          ],
          [
            88.317,
            22.5246
          ],
          [
            88.3185,
            22.5425
          ],
          [
            88.3235,
            22.5405
          ],
          [
            88.3265,
            22.5385
          ],
          [
            88.3315,
            22.5485
          ],
          [
            88.3345,
            22.5565
          ],
          [
            88.3411,
            22.5678
          ],
          [
            88.3516,
            22.5645
          ],
          [
            88.3546,
            22.5668
          ],
          [
            88.3585,
            22.5635
          ],
          [
            88.3665,
            22.5615
          ],
          [
            88.3695,
            22.5638
          ],
          [
            88.3735,
            22.5745
          ]
        ]
      },
      "properties": {
        "routeId": "BUS_RT_007",
        "routeNo": "12",
        "routeName": "12 (Rajabazar)",
        "origin": "Badartala",
        "destination": "Rajabazar",
        "stopCount": 23,
        "stops": [
          "Badartala",
          "Rajabagan",
          "Metiabruz",
          "Bichali Ghat",
          "Kamal Talkies",
          "Ramnagar",
          "Nature Park",
          "Jhinjhira Bazar",
          "Brace Bridge",
          "Taratala",
          "Hide Road",
          "BNR Hospital",
          "Babubazar",
          "Kidderpore",
          "Hastings",
          "Princep Ghat",
          "Babughat",
          "Esplanade",
          "Chandni Chowk",
          "Wellington",
          "Moulali",
          "Sealdah",
          "Rajabazar"
        ],
        "category": "bus_route",
        "pujaStatus": "Suburban Feeder / Truncated",
        "divertedPath": "Esplanade",
        "glowColor": "#F59E0B",
        "lineColor": "#06B6D4"
      }
    },
    {
      "type": "Feature",
      "id": "BUS_RT_008",
      "geometry": {
        "type": "LineString",
        "coordinates": [
          [
            88.2715,
            22.5385
          ],
          [
            88.2765,
            22.5396
          ],
          [
            88.2845,
            22.5425
          ],
          [
            88.2985,
            22.5495
          ],
          [
            88.2935,
            22.5465
          ],
          [
            88.3095,
            22.5445
          ],
          [
            88.3015,
            22.5485
          ],
          [
            88.3235,
            22.5405
          ],
          [
            88.3265,
            22.5385
          ],
          [
            88.3315,
            22.5485
          ],
          [
            88.3435,
            22.5525
          ],
          [
            88.3516,
            22.5645
          ]
        ]
      },
      "properties": {
        "routeId": "BUS_RT_008",
        "routeNo": "12",
        "routeName": "12 (Esplanade)",
        "origin": "Badartala",
        "destination": "Esplanade",
        "stopCount": 12,
        "stops": [
          "Badartala",
          "Rajabagan",
          "Metiabruz",
          "Bichali Ghat",
          "Kamal Talkies",
          "Ramnagar",
          "Garden Reach",
          "Babubazar",
          "Kidderpore",
          "Hastings",
          "Fort William",
          "Esplanade"
        ],
        "category": "bus_route",
        "pujaStatus": "Suburban Feeder / Truncated",
        "divertedPath": "Esplanade",
        "glowColor": "#F59E0B",
        "lineColor": "#06B6D4"
      }
    },
    {
      "type": "Feature",
      "id": "BUS_RT_009",
      "geometry": {
        "type": "LineString",
        "coordinates": [
          [
            88.3095,
            22.5445
          ],
          [
            88.2935,
            22.5465
          ],
          [
            88.293689,
            22.541364
          ],
          [
            88.2975,
            22.5384
          ],
          [
            88.296189,
            22.532364
          ],
          [
            88.2985,
            22.5285
          ],
          [
            88.2945,
            22.5145
          ],
          [
            88.3045,
            22.5185
          ],
          [
            88.3185,
            22.5085
          ],
          [
            88.3215,
            22.5155
          ],
          [
            88.3245,
            22.5245
          ],
          [
            88.3255,
            22.5315
          ],
          [
            88.3265,
            22.5385
          ],
          [
            88.3315,
            22.5485
          ],
          [
            88.3385,
            22.5445
          ],
          [
            88.3475,
            22.5415
          ],
          [
            88.3545,
            22.5415
          ],
          [
            88.3615,
            22.5395
          ],
          [
            88.3635,
            22.5475
          ],
          [
            88.3665,
            22.5615
          ],
          [
            88.3695,
            22.5638
          ],
          [
            88.3735,
            22.5745
          ]
        ]
      },
      "properties": {
        "routeId": "BUS_RT_009",
        "routeNo": "12/1",
        "routeName": "12/1 (Rajabazar)",
        "origin": "Ramnagar",
        "destination": "Rajabazar",
        "stopCount": 22,
        "stops": [
          "Ramnagar",
          "Kamal Talkies",
          "Mudiali",
          "HMG College",
          "Fatehpur",
          "Nature Park",
          "Jhinjhira Bazar",
          "Brace Bridge",
          "Taratala",
          "Majherhat",
          "Mominpore",
          "Ekbalpur",
          "Kidderpore",
          "Hastings",
          "PTS",
          "Rabindra Sadan",
          "Minto Park",
          "Beck Bagan",
          "Mallick Bazar",
          "Moulali",
          "Sealdah",
          "Rajabazar"
        ],
        "category": "bus_route",
        "pujaStatus": "Diverted & Bypassed",
        "divertedPath": "Amherst Street",
        "glowColor": "#F59E0B",
        "lineColor": "#06B6D4"
      }
    },
    {
      "type": "Feature",
      "id": "BUS_RT_010",
      "geometry": {
        "type": "LineString",
        "coordinates": [
          [
            88.2715,
            22.5385
          ],
          [
            88.2765,
            22.5396
          ],
          [
            88.2845,
            22.5425
          ],
          [
            88.2985,
            22.5495
          ],
          [
            88.300189,
            22.547614
          ],
          [
            88.3055,
            22.5479
          ],
          [
            88.305689,
            22.545114
          ],
          [
            88.3095,
            22.5445
          ],
          [
            88.3015,
            22.5485
          ],
          [
            88.3235,
            22.5405
          ],
          [
            88.3265,
            22.5385
          ],
          [
            88.3315,
            22.5485
          ],
          [
            88.3345,
            22.5565
          ],
          [
            88.3411,
            22.5678
          ],
          [
            88.3535,
            22.5835
          ],
          [
            88.3431,
            22.5855
          ]
        ]
      },
      "properties": {
        "routeId": "BUS_RT_010",
        "routeNo": "12A",
        "routeName": "12A (Howrah Station)",
        "origin": "Badartala",
        "destination": "Howrah Station",
        "stopCount": 16,
        "stops": [
          "Badartala",
          "Rajabagan",
          "Metiabruz",
          "Bichali Ghat",
          "Mudiali",
          "HMG College",
          "Fatehpur",
          "Ramnagar",
          "Garden Reach",
          "Babubazar",
          "Kidderpore",
          "Hastings",
          "Princep Ghat",
          "Babughat",
          "Barabazar",
          "Howrah Station"
        ],
        "category": "bus_route",
        "pujaStatus": "Suburban Feeder / Truncated",
        "divertedPath": "Esplanade",
        "glowColor": "#F59E0B",
        "lineColor": "#06B6D4"
      }
    },
    {
      "type": "Feature",
      "id": "BUS_RT_011",
      "geometry": {
        "type": "LineString",
        "coordinates": [
          [
            88.3315,
            22.5245
          ],
          [
            88.3815,
            22.4895
          ],
          [
            88.2985,
            22.5285
          ],
          [
            88.2945,
            22.5145
          ],
          [
            88.3045,
            22.5185
          ],
          [
            88.3185,
            22.5085
          ],
          [
            88.3215,
            22.5155
          ],
          [
            88.3245,
            22.5245
          ],
          [
            88.3255,
            22.5315
          ],
          [
            88.3265,
            22.5385
          ],
          [
            88.3315,
            22.5485
          ],
          [
            88.3435,
            22.5525
          ],
          [
            88.3516,
            22.5645
          ],
          [
            88.3485,
            22.5715
          ],
          [
            88.3535,
            22.5835
          ],
          [
            88.3431,
            22.5855
          ]
        ]
      },
      "properties": {
        "routeId": "BUS_RT_011",
        "routeNo": "12AD",
        "routeName": "12AD (Howrah Station)",
        "origin": "Akra Fatak",
        "destination": "Howrah Station",
        "stopCount": 16,
        "stops": [
          "Akra Fatak",
          "Santoshpur Station",
          "Nature Park",
          "Jhinjhira Bazar",
          "Brace Bridge",
          "Taratala",
          "Majherhat",
          "Mominpore",
          "Ekbalpur",
          "Kidderpore",
          "Hastings",
          "Fort William",
          "Esplanade",
          "BBD Bag",
          "Barabazar",
          "Howrah Station"
        ],
        "category": "bus_route",
        "pujaStatus": "Suburban Feeder / Truncated",
        "divertedPath": "Esplanade",
        "glowColor": "#F59E0B",
        "lineColor": "#06B6D4"
      }
    },
    {
      "type": "Feature",
      "id": "BUS_RT_012",
      "geometry": {
        "type": "LineString",
        "coordinates": [
          [
            88.2935,
            22.5465
          ],
          [
            88.3095,
            22.5445
          ],
          [
            88.3015,
            22.5485
          ],
          [
            88.3235,
            22.5405
          ],
          [
            88.3265,
            22.5385
          ],
          [
            88.3315,
            22.5485
          ],
          [
            88.3435,
            22.5525
          ],
          [
            88.3516,
            22.5645
          ]
        ]
      },
      "properties": {
        "routeId": "BUS_RT_012",
        "routeNo": "12B",
        "routeName": "12B (Esplanade)",
        "origin": "Kamal Talkies",
        "destination": "Esplanade",
        "stopCount": 8,
        "stops": [
          "Kamal Talkies",
          "Ramnagar",
          "Garden Reach",
          "Babubazar",
          "Kidderpore",
          "Hastings",
          "Fort William",
          "Esplanade"
        ],
        "category": "bus_route",
        "pujaStatus": "Suburban Feeder / Truncated",
        "divertedPath": "Esplanade",
        "glowColor": "#F59E0B",
        "lineColor": "#06B6D4"
      }
    },
    {
      "type": "Feature",
      "id": "BUS_RT_013",
      "geometry": {
        "type": "LineString",
        "coordinates": [
          [
            88.2945,
            22.4385
          ],
          [
            88.3015,
            22.4515
          ],
          [
            88.3085,
            22.4685
          ],
          [
            88.3095,
            22.4785
          ],
          [
            88.3105,
            22.4845
          ],
          [
            88.3115,
            22.4925
          ],
          [
            88.3145,
            22.5015
          ],
          [
            88.3185,
            22.5085
          ],
          [
            88.3045,
            22.5185
          ],
          [
            88.31,
            22.5296
          ],
          [
            88.3185,
            22.5425
          ],
          [
            88.3235,
            22.5405
          ],
          [
            88.3265,
            22.5385
          ],
          [
            88.3315,
            22.5485
          ],
          [
            88.3435,
            22.5525
          ],
          [
            88.3516,
            22.5645
          ],
          [
            88.3485,
            22.5715
          ],
          [
            88.3535,
            22.5835
          ],
          [
            88.3431,
            22.5855
          ]
        ]
      },
      "properties": {
        "routeId": "BUS_RT_013",
        "routeNo": "12C",
        "routeName": "12C (Howrah Station)",
        "origin": "Pailan",
        "destination": "Howrah Station",
        "stopCount": 19,
        "stops": [
          "Pailan",
          "Joka Bridge",
          "Thakurpukur",
          "Shilpara",
          "Sakher Bazar",
          "Behala Chowrasta",
          "Behala 14 No",
          "Taratala",
          "Brace Bridge",
          "Hide Road",
          "BNR Hospital",
          "Babubazar",
          "Kidderpore",
          "Hastings",
          "Fort William",
          "Esplanade",
          "BBD Bag",
          "Barabazar",
          "Howrah Station"
        ],
        "category": "bus_route",
        "pujaStatus": "Truncated / Diverted",
        "divertedPath": "Manton",
        "glowColor": "#F59E0B",
        "lineColor": "#06B6D4"
      }
    },
    {
      "type": "Feature",
      "id": "BUS_RT_014",
      "geometry": {
        "type": "LineString",
        "coordinates": [
          [
            88.2945,
            22.4785
          ],
          [
            88.298868,
            22.482388
          ],
          [
            88.307132,
            22.488612
          ],
          [
            88.3115,
            22.4925
          ],
          [
            88.3145,
            22.5015
          ],
          [
            88.3215,
            22.5155
          ],
          [
            88.3245,
            22.5245
          ],
          [
            88.3255,
            22.5315
          ],
          [
            88.3265,
            22.5385
          ],
          [
            88.3315,
            22.5485
          ],
          [
            88.3385,
            22.5445
          ],
          [
            88.3475,
            22.5415
          ],
          [
            88.3478,
            22.5535
          ],
          [
            88.3524,
            22.5516
          ],
          [
            88.3516,
            22.5645
          ],
          [
            88.3485,
            22.5715
          ],
          [
            88.3535,
            22.5835
          ],
          [
            88.3431,
            22.5855
          ]
        ]
      },
      "properties": {
        "routeId": "BUS_RT_014",
        "routeNo": "12C/1",
        "routeName": "12C/1 (Howrah Station)",
        "origin": "Shibrampur",
        "destination": "Howrah Station",
        "stopCount": 18,
        "stops": [
          "Shibrampur",
          "Shakuntala Park",
          "Bakultala",
          "Behala Chowrasta",
          "Behala 14 No",
          "Majherhat",
          "Mominpore",
          "Ekbalpur",
          "Kidderpore",
          "Hastings",
          "PTS",
          "Rabindra Sadan",
          "Maidan",
          "Park Street",
          "Esplanade",
          "BBD Bag",
          "Barabazar",
          "Howrah Station"
        ],
        "category": "bus_route",
        "pujaStatus": "Truncated / Diverted",
        "divertedPath": "Manton",
        "glowColor": "#F59E0B",
        "lineColor": "#06B6D4"
      }
    },
    {
      "type": "Feature",
      "id": "BUS_RT_015",
      "geometry": {
        "type": "LineString",
        "coordinates": [
          [
            88.4585,
            22.5635
          ],
          [
            88.437,
            22.5816
          ],
          [
            88.4185,
            22.6015
          ],
          [
            88.4115,
            22.6045
          ],
          [
            88.4045,
            22.5985
          ],
          [
            88.3985,
            22.5945
          ],
          [
            88.3912,
            22.5925
          ],
          [
            88.3775,
            22.5935
          ],
          [
            88.3765,
            22.5855
          ],
          [
            88.3735,
            22.5745
          ],
          [
            88.3695,
            22.5638
          ],
          [
            88.3645,
            22.56725
          ],
          [
            88.3625,
            22.5725
          ],
          [
            88.3575,
            22.5745
          ],
          [
            88.3525,
            22.5712
          ],
          [
            88.3485,
            22.5715
          ],
          [
            88.3535,
            22.5835
          ],
          [
            88.3431,
            22.5855
          ]
        ]
      },
      "properties": {
        "routeId": "BUS_RT_015",
        "routeNo": "12C/2",
        "routeName": "12C/2 (Howrah Station)",
        "origin": "Aquatica",
        "destination": "Howrah Station",
        "stopCount": 18,
        "stops": [
          "Aquatica",
          "Thakdari",
          "Kestopur Bazar",
          "Dumdum Park",
          "Laketown",
          "Sreebhumi",
          "Ultadanga",
          "Khanna Cinema",
          "Maniktala",
          "Rajabazar",
          "Sealdah",
          "Bank Of India",
          "Bowbazar",
          "Central",
          "Lalbazar",
          "BBD Bag",
          "Barabazar",
          "Howrah Station"
        ],
        "category": "bus_route",
        "pujaStatus": "Suburban Feeder / Truncated",
        "divertedPath": "Esplanade",
        "glowColor": "#F59E0B",
        "lineColor": "#06B6D4"
      }
    },
    {
      "type": "Feature",
      "id": "BUS_RT_016",
      "geometry": {
        "type": "LineString",
        "coordinates": [
          [
            88.2945,
            22.4385
          ],
          [
            88.3015,
            22.4515
          ],
          [
            88.3085,
            22.4685
          ],
          [
            88.3095,
            22.4785
          ],
          [
            88.3105,
            22.4845
          ],
          [
            88.3115,
            22.4925
          ],
          [
            88.3145,
            22.5015
          ],
          [
            88.3215,
            22.5155
          ],
          [
            88.3245,
            22.5245
          ],
          [
            88.3255,
            22.5315
          ],
          [
            88.3265,
            22.5385
          ],
          [
            88.3315,
            22.5485
          ],
          [
            88.3435,
            22.5525
          ],
          [
            88.3516,
            22.5645
          ],
          [
            88.3485,
            22.5715
          ],
          [
            88.3535,
            22.5835
          ],
          [
            88.3431,
            22.5855
          ]
        ]
      },
      "properties": {
        "routeId": "BUS_RT_016",
        "routeNo": "12C/1A",
        "routeName": "12C/1A (Howrah Station)",
        "origin": "Pailan",
        "destination": "Howrah Station",
        "stopCount": 17,
        "stops": [
          "Pailan",
          "Joka Bridge",
          "Thakurpukur",
          "Shilpara",
          "Sakher Bazar",
          "Behala Chowrasta",
          "Behala 14 No",
          "Majherhat",
          "Mominpore",
          "Ekbalpur",
          "Kidderpore",
          "Hastings",
          "Fort William",
          "Esplanade",
          "BBD Bag",
          "Barabazar",
          "Howrah Station"
        ],
        "category": "bus_route",
        "pujaStatus": "Truncated / Diverted",
        "divertedPath": "Manton",
        "glowColor": "#F59E0B",
        "lineColor": "#06B6D4"
      }
    },
    {
      "type": "Feature",
      "id": "BUS_RT_017",
      "geometry": {
        "type": "LineString",
        "coordinates": [
          [
            88.2945,
            22.4385
          ],
          [
            88.3015,
            22.4515
          ],
          [
            88.3085,
            22.4685
          ],
          [
            88.312534,
            22.467721
          ],
          [
            88.320466,
            22.469279
          ],
          [
            88.3245,
            22.4685
          ],
          [
            88.3295,
            22.4725
          ],
          [
            88.3345,
            22.4825
          ],
          [
            88.3445,
            22.4985
          ],
          [
            88.3515,
            22.5115
          ],
          [
            88.3485,
            22.5185
          ],
          [
            88.3445,
            22.5205
          ],
          [
            88.3475,
            22.5285
          ],
          [
            88.3495,
            22.5335
          ],
          [
            88.3475,
            22.5415
          ],
          [
            88.3478,
            22.5535
          ],
          [
            88.3524,
            22.5516
          ],
          [
            88.3516,
            22.5645
          ],
          [
            88.3485,
            22.5715
          ],
          [
            88.3535,
            22.5835
          ],
          [
            88.3431,
            22.5855
          ]
        ]
      },
      "properties": {
        "routeId": "BUS_RT_017",
        "routeNo": "12C/1B",
        "routeName": "12C/1B (Howrah Station)",
        "origin": "Pailan",
        "destination": "Howrah Station",
        "stopCount": 21,
        "stops": [
          "Pailan",
          "Joka Bridge",
          "Thakurpukur",
          "Cancer Hospital",
          "Kalitala Housing",
          "Kabardanga",
          "Keorapukur",
          "Haridevpur",
          "Tollygunge Metro",
          "Rabindra Sarovar",
          "Rashbehari",
          "Kalighat",
          "Hazra",
          "Bhowanipore",
          "Rabindra Sadan",
          "Maidan",
          "Park Street",
          "Esplanade",
          "BBD Bag",
          "Barabazar",
          "Howrah Station"
        ],
        "category": "bus_route",
        "pujaStatus": "Truncated / Diverted",
        "divertedPath": "Manton",
        "glowColor": "#F59E0B",
        "lineColor": "#06B6D4"
      }
    },
    {
      "type": "Feature",
      "id": "BUS_RT_018",
      "geometry": {
        "type": "LineString",
        "coordinates": [
          [
            88.3045,
            22.5025
          ],
          [
            88.2945,
            22.5145
          ],
          [
            88.3045,
            22.5185
          ],
          [
            88.3185,
            22.5085
          ],
          [
            88.3215,
            22.5155
          ],
          [
            88.3245,
            22.5245
          ],
          [
            88.3255,
            22.5315
          ],
          [
            88.3265,
            22.5385
          ],
          [
            88.3315,
            22.5485
          ],
          [
            88.3435,
            22.5525
          ],
          [
            88.3516,
            22.5645
          ],
          [
            88.3485,
            22.5715
          ],
          [
            88.3515,
            22.5721
          ],
          [
            88.3575,
            22.5745
          ],
          [
            88.3625,
            22.5725
          ],
          [
            88.3618,
            22.5735
          ],
          [
            88.3645,
            22.5745
          ],
          [
            88.3695,
            22.5638
          ]
        ]
      },
      "properties": {
        "routeId": "BUS_RT_018",
        "routeNo": "13",
        "routeName": "13 (Sealdah)",
        "origin": "Parnasree",
        "destination": "Sealdah",
        "stopCount": 18,
        "stops": [
          "Parnasree",
          "Jhinjhira Bazar",
          "Brace Bridge",
          "Taratala",
          "Majherhat",
          "Mominpore",
          "Ekbalpur",
          "Kidderpore",
          "Hastings",
          "Fort William",
          "Esplanade",
          "BBD Bag",
          "Podder Court",
          "Central",
          "Bowbazar",
          "Medical College",
          "College Street",
          "Sealdah"
        ],
        "category": "bus_route",
        "pujaStatus": "Diverted & Bypassed",
        "divertedPath": "Amherst Street",
        "glowColor": "#F59E0B",
        "lineColor": "#06B6D4"
      }
    },
    {
      "type": "Feature",
      "id": "BUS_RT_019",
      "geometry": {
        "type": "LineString",
        "coordinates": [
          [
            88.3315,
            22.5245
          ],
          [
            88.3115,
            22.5186
          ],
          [
            88.2945,
            22.5145
          ],
          [
            88.3045,
            22.5185
          ],
          [
            88.3185,
            22.5085
          ],
          [
            88.3215,
            22.5155
          ],
          [
            88.3245,
            22.5245
          ],
          [
            88.333,
            22.5216
          ],
          [
            88.3445,
            22.5205
          ],
          [
            88.3475,
            22.5285
          ],
          [
            88.3495,
            22.5335
          ],
          [
            88.3475,
            22.5415
          ],
          [
            88.3478,
            22.5535
          ],
          [
            88.3524,
            22.5516
          ],
          [
            88.3516,
            22.5645
          ],
          [
            88.3485,
            22.5715
          ]
        ]
      },
      "properties": {
        "routeId": "BUS_RT_019",
        "routeNo": "13A",
        "routeName": "13A (BBD Bag)",
        "origin": "SM Nagar",
        "destination": "BBD Bag",
        "stopCount": 16,
        "stops": [
          "SM Nagar",
          "Sarkarpool",
          "Jhinjhira Bazar",
          "Brace Bridge",
          "Taratala",
          "Majherhat",
          "Mominpore",
          "Alipore Court",
          "Kalighat",
          "Hazra",
          "Bhowanipore",
          "Rabindra Sadan",
          "Maidan",
          "Park Street",
          "Esplanade",
          "BBD Bag"
        ],
        "category": "bus_route",
        "pujaStatus": "Suburban Feeder / Truncated",
        "divertedPath": "Esplanade",
        "glowColor": "#F59E0B",
        "lineColor": "#06B6D4"
      }
    },
    {
      "type": "Feature",
      "id": "BUS_RT_020",
      "geometry": {
        "type": "LineString",
        "coordinates": [
          [
            88.3315,
            22.5245
          ],
          [
            88.323218,
            22.521971
          ],
          [
            88.318127,
            22.521356
          ],
          [
            88.307873,
            22.517644
          ],
          [
            88.302782,
            22.517029
          ],
          [
            88.2945,
            22.5145
          ],
          [
            88.3045,
            22.5185
          ],
          [
            88.3185,
            22.5085
          ],
          [
            88.3215,
            22.5155
          ],
          [
            88.3245,
            22.5245
          ],
          [
            88.3345,
            22.5256
          ],
          [
            88.3475,
            22.5285
          ],
          [
            88.3445,
            22.5205
          ],
          [
            88.3485,
            22.5185
          ],
          [
            88.3585,
            22.5185
          ],
          [
            88.3654,
            22.5185
          ],
          [
            88.3665,
            22.5115
          ],
          [
            88.3665,
            22.5055
          ],
          [
            88.3685,
            22.4985
          ],
          [
            88.3685,
            22.5638
          ]
        ]
      },
      "properties": {
        "routeId": "BUS_RT_020",
        "routeNo": "13C",
        "routeName": "13C (Baghajatin)",
        "origin": "Old Dakghar",
        "destination": "Baghajatin",
        "stopCount": 20,
        "stops": [
          "Old Dakghar",
          "Mollar Gate",
          "Rampur Quarter",
          "SM Nagar",
          "Sarkarpool",
          "Jhinjhira Bazar",
          "Brace Bridge",
          "Taratala",
          "Majherhat",
          "Mominpore",
          "Alipore Court",
          "Hazra",
          "Kalighat",
          "Rashbehari",
          "Deshapriya Park",
          "Gariahat",
          "Golpark",
          "Dhakuria",
          "Jadavpur 8B",
          "Baghajatin"
        ],
        "category": "bus_route",
        "pujaStatus": "Suburban Feeder / Truncated",
        "divertedPath": "Esplanade",
        "glowColor": "#F59E0B",
        "lineColor": "#06B6D4"
      }
    },
    {
      "type": "Feature",
      "id": "BUS_RT_021",
      "geometry": {
        "type": "LineString",
        "coordinates": [
          [
            88.3395,
            22.5165
          ],
          [
            88.3485,
            22.5185
          ],
          [
            88.3445,
            22.5205
          ],
          [
            88.3475,
            22.5285
          ],
          [
            88.3345,
            22.5256
          ],
          [
            88.3245,
            22.5245
          ],
          [
            88.3255,
            22.5315
          ],
          [
            88.3265,
            22.5385
          ],
          [
            88.3315,
            22.5485
          ],
          [
            88.3435,
            22.5525
          ],
          [
            88.3516,
            22.5645
          ],
          [
            88.3485,
            22.5715
          ],
          [
            88.3535,
            22.5835
          ],
          [
            88.3431,
            22.5855
          ]
        ]
      },
      "properties": {
        "routeId": "BUS_RT_021",
        "routeNo": "17",
        "routeName": "17 (Howrah Station)",
        "origin": "Chetla Park",
        "destination": "Howrah Station",
        "stopCount": 14,
        "stops": [
          "Chetla Park",
          "Rashbehari",
          "Kalighat",
          "Hazra",
          "Alipore Court",
          "Mominpore",
          "Ekbalpur",
          "Kidderpore",
          "Hastings",
          "Fort William",
          "Esplanade",
          "BBD Bag",
          "Barabazar",
          "Howrah Station"
        ],
        "category": "bus_route",
        "pujaStatus": "Suburban Feeder / Truncated",
        "divertedPath": "Esplanade",
        "glowColor": "#F59E0B",
        "lineColor": "#06B6D4"
      }
    },
    {
      "type": "Feature",
      "id": "BUS_RT_022",
      "geometry": {
        "type": "LineString",
        "coordinates": [
          [
            88.3315,
            22.5245
          ],
          [
            88.2945,
            22.4785
          ],
          [
            88.298868,
            22.482388
          ],
          [
            88.307132,
            22.488612
          ],
          [
            88.3115,
            22.4925
          ],
          [
            88.3145,
            22.5015
          ],
          [
            88.3215,
            22.5155
          ],
          [
            88.3245,
            22.5245
          ],
          [
            88.3255,
            22.5315
          ],
          [
            88.3265,
            22.5385
          ],
          [
            88.3315,
            22.5485
          ],
          [
            88.3435,
            22.5525
          ],
          [
            88.3516,
            22.5645
          ],
          [
            88.3485,
            22.5715
          ],
          [
            88.3535,
            22.5835
          ],
          [
            88.3431,
            22.5855
          ]
        ]
      },
      "properties": {
        "routeId": "BUS_RT_022",
        "routeNo": "18A",
        "routeName": "18A (Howrah Station)",
        "origin": "Greenfield City",
        "destination": "Howrah Station",
        "stopCount": 16,
        "stops": [
          "Greenfield City",
          "Shibrampur",
          "Shakuntala Park",
          "Bakultala",
          "Behala Chowrasta",
          "Behala 14 No",
          "Majherhat",
          "Mominpore",
          "Ekbalpur",
          "Kidderpore",
          "Hastings",
          "Fort William",
          "Esplanade",
          "BBD Bag",
          "Barabazar",
          "Howrah Station"
        ],
        "category": "bus_route",
        "pujaStatus": "Truncated / Diverted",
        "divertedPath": "Manton",
        "glowColor": "#F59E0B",
        "lineColor": "#06B6D4"
      }
    },
    {
      "type": "Feature",
      "id": "BUS_RT_023",
      "geometry": {
        "type": "LineString",
        "coordinates": [
          [
            88.3315,
            22.5245
          ],
          [
            88.317868,
            22.508388
          ],
          [
            88.308132,
            22.494612
          ],
          [
            88.2945,
            22.4785
          ],
          [
            88.298868,
            22.482388
          ],
          [
            88.307132,
            22.488612
          ],
          [
            88.3115,
            22.4925
          ],
          [
            88.3145,
            22.5015
          ],
          [
            88.3215,
            22.5155
          ],
          [
            88.3245,
            22.5245
          ],
          [
            88.3345,
            22.5256
          ],
          [
            88.3475,
            22.5285
          ],
          [
            88.3445,
            22.5205
          ],
          [
            88.3485,
            22.5185
          ],
          [
            88.3585,
            22.5185
          ],
          [
            88.3654,
            22.5185
          ],
          [
            88.3695,
            22.5215
          ],
          [
            88.3815,
            22.5165
          ],
          [
            88.3845,
            22.5155
          ],
          [
            88.3935,
            22.5145
          ],
          [
            88.3995,
            22.5132
          ],
          [
            88.3685,
            22.5638
          ]
        ]
      },
      "properties": {
        "routeId": "BUS_RT_023",
        "routeNo": "18B/1",
        "routeName": "18B/1 (China Mandir)",
        "origin": "Dakghar",
        "destination": "China Mandir",
        "stopCount": 22,
        "stops": [
          "Dakghar",
          "Moynagarh",
          "Sarada Park",
          "Shibrampur",
          "Shakuntala Park",
          "Bakultala",
          "Behala Chowrasta",
          "Behala 14 No",
          "Majherhat",
          "Mominpore",
          "Alipore Court",
          "Hazra",
          "Kalighat",
          "Rashbehari",
          "Deshapriya Park",
          "Gariahat",
          "Ballygunge Station",
          "Kasba PS",
          "Bosepukur",
          "Acropolis Mall",
          "Ruby",
          "China Mandir"
        ],
        "category": "bus_route",
        "pujaStatus": "Suburban Feeder / Truncated",
        "divertedPath": "Esplanade",
        "glowColor": "#F59E0B",
        "lineColor": "#06B6D4"
      }
    },
    {
      "type": "Feature",
      "id": "BUS_RT_024",
      "geometry": {
        "type": "LineString",
        "coordinates": [
          [
            88.3315,
            22.5245
          ],
          [
            88.2865,
            22.4765
          ],
          [
            88.2975,
            22.4836
          ],
          [
            88.3115,
            22.4925
          ],
          [
            88.3145,
            22.5015
          ],
          [
            88.3215,
            22.5155
          ],
          [
            88.3245,
            22.5245
          ],
          [
            88.3345,
            22.5256
          ],
          [
            88.3475,
            22.5285
          ],
          [
            88.3445,
            22.5205
          ],
          [
            88.3485,
            22.5185
          ],
          [
            88.3585,
            22.5185
          ],
          [
            88.3654,
            22.5185
          ],
          [
            88.3695,
            22.5215
          ],
          [
            88.3815,
            22.5165
          ],
          [
            88.3845,
            22.5155
          ],
          [
            88.3935,
            22.5145
          ],
          [
            88.3995,
            22.5132
          ],
          [
            88.4045,
            22.5195
          ]
        ]
      },
      "properties": {
        "routeId": "BUS_RT_024",
        "routeNo": "18C",
        "routeName": "18C (Anandapur)",
        "origin": "Kestor",
        "destination": "Anandapur",
        "stopCount": 19,
        "stops": [
          "Kestor",
          "Sarsuna",
          "Bakultala",
          "Behala Chowrasta",
          "Behala 14 No",
          "Majherhat",
          "Mominpore",
          "Alipore Court",
          "Hazra",
          "Kalighat",
          "Rashbehari",
          "Deshapriya Park",
          "Gariahat",
          "Ballygunge Station",
          "Kasba PS",
          "Bosepukur",
          "Acropolis Mall",
          "Ruby",
          "Anandapur"
        ],
        "category": "bus_route",
        "pujaStatus": "Active EM Bypass Corridor",
        "divertedPath": "Rashbehari Connector (Bosepukur)",
        "glowColor": "#F59E0B",
        "lineColor": "#06B6D4"
      }
    },
    {
      "type": "Feature",
      "id": "BUS_RT_025",
      "geometry": {
        "type": "LineString",
        "coordinates": [
          [
            88.3315,
            22.5245
          ],
          [
            88.2865,
            22.4765
          ],
          [
            88.2975,
            22.4836
          ],
          [
            88.3115,
            22.4925
          ],
          [
            88.3145,
            22.5015
          ],
          [
            88.3215,
            22.5155
          ],
          [
            88.3245,
            22.5245
          ],
          [
            88.3255,
            22.5315
          ],
          [
            88.3265,
            22.5385
          ],
          [
            88.3315,
            22.5485
          ],
          [
            88.3435,
            22.5525
          ],
          [
            88.3516,
            22.5645
          ],
          [
            88.3485,
            22.5715
          ],
          [
            88.3535,
            22.5835
          ],
          [
            88.3431,
            22.5855
          ]
        ]
      },
      "properties": {
        "routeId": "BUS_RT_025",
        "routeNo": "18D",
        "routeName": "18D (Howrah Station)",
        "origin": "Suryasen Nagar",
        "destination": "Howrah Station",
        "stopCount": 15,
        "stops": [
          "Suryasen Nagar",
          "Sarsuna",
          "Bakultala",
          "Behala Chowrasta",
          "Behala 14 No",
          "Majherhat",
          "Mominpore",
          "Ekbalpur",
          "Kidderpore",
          "Hastings",
          "Fort William",
          "Esplanade",
          "BBD Bag",
          "Barabazar",
          "Howrah Station"
        ],
        "category": "bus_route",
        "pujaStatus": "Truncated / Diverted",
        "divertedPath": "Manton",
        "glowColor": "#F59E0B",
        "lineColor": "#06B6D4"
      }
    },
    {
      "type": "Feature",
      "id": "BUS_RT_026",
      "geometry": {
        "type": "LineString",
        "coordinates": [
          [
            88.3315,
            22.5245
          ],
          [
            88.3095,
            22.4785
          ],
          [
            88.3105,
            22.4845
          ],
          [
            88.314018,
            22.487971
          ],
          [
            88.320727,
            22.493356
          ],
          [
            88.322273,
            22.495644
          ],
          [
            88.328982,
            22.501029
          ],
          [
            88.3325,
            22.5045
          ],
          [
            88.3455,
            22.5085
          ],
          [
            88.3515,
            22.5115
          ],
          [
            88.3485,
            22.5185
          ],
          [
            88.3445,
            22.5205
          ],
          [
            88.3475,
            22.5285
          ],
          [
            88.3495,
            22.5335
          ],
          [
            88.3475,
            22.5415
          ],
          [
            88.3545,
            22.5415
          ],
          [
            88.3615,
            22.5395
          ],
          [
            88.3635,
            22.5475
          ],
          [
            88.3665,
            22.5615
          ],
          [
            88.3695,
            22.5638
          ]
        ]
      },
      "properties": {
        "routeId": "BUS_RT_026",
        "routeNo": "21",
        "routeName": "21 (Sealdah)",
        "origin": "Barisha",
        "destination": "Sealdah",
        "stopCount": 20,
        "stops": [
          "Barisha",
          "Shilpara",
          "Sakher Bazar",
          "Ml Gupta Road",
          "Muchipara",
          "Siriti",
          "NSHM Campus",
          "Mahabirtala",
          "Tollygunge Phari",
          "Rabindra Sarovar",
          "Rashbehari",
          "Kalighat",
          "Hazra",
          "Bhowanipore",
          "Rabindra Sadan",
          "Minto Park",
          "Beck Bagan",
          "Mallick Bazar",
          "Moulali",
          "Sealdah"
        ],
        "category": "bus_route",
        "pujaStatus": "Diverted & Bypassed",
        "divertedPath": "Amherst Street",
        "glowColor": "#F59E0B",
        "lineColor": "#06B6D4"
      }
    },
    {
      "type": "Feature",
      "id": "BUS_RT_027",
      "geometry": {
        "type": "LineString",
        "coordinates": [
          [
            88.3315,
            22.5245
          ],
          [
            88.3095,
            22.4785
          ],
          [
            88.3105,
            22.4845
          ],
          [
            88.3115,
            22.4925
          ],
          [
            88.3145,
            22.5015
          ],
          [
            88.3185,
            22.5085
          ],
          [
            88.3285,
            22.5105
          ],
          [
            88.3325,
            22.5045
          ],
          [
            88.3455,
            22.5085
          ],
          [
            88.3515,
            22.5115
          ],
          [
            88.3485,
            22.5185
          ],
          [
            88.3445,
            22.5205
          ],
          [
            88.3475,
            22.5285
          ],
          [
            88.3495,
            22.5335
          ],
          [
            88.3475,
            22.5415
          ],
          [
            88.3545,
            22.5415
          ],
          [
            88.3615,
            22.5395
          ],
          [
            88.3635,
            22.5475
          ],
          [
            88.3665,
            22.5615
          ],
          [
            88.3695,
            22.5638
          ]
        ]
      },
      "properties": {
        "routeId": "BUS_RT_027",
        "routeNo": "21/1",
        "routeName": "21/1 (Sealdah)",
        "origin": "Barisha",
        "destination": "Sealdah",
        "stopCount": 20,
        "stops": [
          "Barisha",
          "Shilpara",
          "Sakher Bazar",
          "Behala Chowrasta",
          "Behala 14 No",
          "Taratala",
          "New Alipore",
          "Mahabirtala",
          "Tollygunge Phari",
          "Rabindra Sarovar",
          "Rashbehari",
          "Kalighat",
          "Hazra",
          "Bhowanipore",
          "Rabindra Sadan",
          "Minto Park",
          "Beck Bagan",
          "Mallick Bazar",
          "Moulali",
          "Sealdah"
        ],
        "category": "bus_route",
        "pujaStatus": "Diverted & Bypassed",
        "divertedPath": "Amherst Street",
        "glowColor": "#F59E0B",
        "lineColor": "#06B6D4"
      }
    },
    {
      "type": "Feature",
      "id": "BUS_RT_028",
      "geometry": {
        "type": "LineString",
        "coordinates": [
          [
            88.4815,
            22.7215
          ],
          [
            88.470804,
            22.70691
          ],
          [
            88.461766,
            22.693314
          ],
          [
            88.449548,
            22.677811
          ],
          [
            88.441773,
            22.664974
          ],
          [
            88.428651,
            22.648927
          ],
          [
            88.421349,
            22.636373
          ],
          [
            88.408227,
            22.620326
          ],
          [
            88.400452,
            22.607489
          ],
          [
            88.388234,
            22.591986
          ],
          [
            88.379196,
            22.57839
          ],
          [
            88.3685,
            22.5638
          ]
        ]
      },
      "properties": {
        "routeId": "BUS_RT_028",
        "routeNo": "23",
        "routeName": "23 (Boalghata)",
        "origin": "Barasat Chapadali",
        "destination": "Boalghata",
        "stopCount": 12,
        "stops": [
          "Barasat Chapadali",
          "Kazipara Depot",
          "Kadambagachi",
          "Goakhali",
          "Golabari",
          "Pakdaha",
          "Aminpur",
          "Paltadanga",
          "Shasan Bazar",
          "Mithpukuria",
          "Majlishpur",
          "Boalghata"
        ],
        "category": "bus_route",
        "pujaStatus": "Suburban Feeder / Truncated",
        "divertedPath": "Esplanade",
        "glowColor": "#F59E0B",
        "lineColor": "#06B6D4"
      }
    },
    {
      "type": "Feature",
      "id": "BUS_RT_029",
      "geometry": {
        "type": "LineString",
        "coordinates": [
          [
            88.3845,
            22.5435
          ],
          [
            88.38125,
            22.546433
          ],
          [
            88.380799,
            22.551046
          ],
          [
            88.3755,
            22.55275
          ],
          [
            88.375799,
            22.557812
          ],
          [
            88.37125,
            22.559967
          ],
          [
            88.3695,
            22.5638
          ],
          [
            88.3645,
            22.5745
          ],
          [
            88.3605,
            22.5815
          ],
          [
            88.3535,
            22.5835
          ],
          [
            88.3431,
            22.5855
          ],
          [
            88.3248,
            22.5835
          ],
          [
            88.3365,
            22.5895
          ],
          [
            88.3415,
            22.5985
          ],
          [
            88.3475,
            22.6045
          ]
        ]
      },
      "properties": {
        "routeId": "BUS_RT_029",
        "routeNo": "24",
        "routeName": "24 (Bandha Ghat)",
        "origin": "Topsia",
        "destination": "Bandha Ghat",
        "stopCount": 15,
        "stops": [
          "Topsia",
          "Christopher Road",
          "Panchkari",
          "Tangra",
          "RN Chowdhury Road",
          "Palmer Bazar",
          "Sealdah",
          "College Street",
          "MG Road",
          "Barabazar",
          "Howrah Station",
          "Howrah Maidan",
          "Pilkhana",
          "Salkia Chowrasta",
          "Bandha Ghat"
        ],
        "category": "bus_route",
        "pujaStatus": "Active EM Bypass Corridor",
        "divertedPath": "Rashbehari Connector (Bosepukur)",
        "glowColor": "#F59E0B",
        "lineColor": "#06B6D4"
      }
    },
    {
      "type": "Feature",
      "id": "BUS_RT_030",
      "geometry": {
        "type": "LineString",
        "coordinates": [
          [
            88.3845,
            22.5435
          ],
          [
            88.38125,
            22.546433
          ],
          [
            88.380799,
            22.551046
          ],
          [
            88.3755,
            22.55275
          ],
          [
            88.375799,
            22.557812
          ],
          [
            88.37125,
            22.559967
          ],
          [
            88.3695,
            22.5638
          ],
          [
            88.3665,
            22.5615
          ],
          [
            88.3585,
            22.5635
          ],
          [
            88.3546,
            22.5668
          ],
          [
            88.3516,
            22.5645
          ],
          [
            88.3485,
            22.5715
          ],
          [
            88.3535,
            22.5835
          ],
          [
            88.3431,
            22.5855
          ],
          [
            88.3248,
            22.5835
          ],
          [
            88.3365,
            22.5895
          ],
          [
            88.3415,
            22.5985
          ],
          [
            88.3475,
            22.6045
          ]
        ]
      },
      "properties": {
        "routeId": "BUS_RT_030",
        "routeNo": "24A",
        "routeName": "24A (Bandha Ghat)",
        "origin": "Topsia",
        "destination": "Bandha Ghat",
        "stopCount": 18,
        "stops": [
          "Topsia",
          "Christopher Road",
          "Panchkari",
          "Tangra",
          "RN Chowdhury Road",
          "Palmer Bazar",
          "Sealdah",
          "Moulali",
          "Wellington",
          "Chandni Chowk",
          "Esplanade",
          "BBD Bag",
          "Barabazar",
          "Howrah Station",
          "Howrah Maidan",
          "Pilkhana",
          "Salkia Chowrasta",
          "Bandha Ghat"
        ],
        "category": "bus_route",
        "pujaStatus": "Active EM Bypass Corridor",
        "divertedPath": "Rashbehari Connector (Bosepukur)",
        "glowColor": "#F59E0B",
        "lineColor": "#06B6D4"
      }
    },
    {
      "type": "Feature",
      "id": "BUS_RT_031",
      "geometry": {
        "type": "LineString",
        "coordinates": [
          [
            88.4015,
            22.4945
          ],
          [
            88.399,
            22.4971
          ],
          [
            88.3995,
            22.5015
          ],
          [
            88.3995,
            22.5132
          ],
          [
            88.3985,
            22.5295
          ],
          [
            88.3965,
            22.5415
          ],
          [
            88.3845,
            22.5435
          ],
          [
            88.378939,
            22.547364
          ],
          [
            88.377,
            22.5534
          ],
          [
            88.369939,
            22.556364
          ],
          [
            88.3665,
            22.5615
          ],
          [
            88.3585,
            22.5635
          ],
          [
            88.3546,
            22.5668
          ],
          [
            88.3516,
            22.5645
          ],
          [
            88.3485,
            22.5715
          ],
          [
            88.3535,
            22.5835
          ],
          [
            88.3431,
            22.5855
          ],
          [
            88.3315,
            22.5815
          ]
        ]
      },
      "properties": {
        "routeId": "BUS_RT_031",
        "routeNo": "24A/1",
        "routeName": "24A/1 (Howrah Fire Station)",
        "origin": "Mukundapur",
        "destination": "Howrah Fire Station",
        "stopCount": 18,
        "stops": [
          "Mukundapur",
          "EM Bypass",
          "Kalikapur",
          "Ruby",
          "VIP Bazar",
          "Science City",
          "Topsia",
          "4 No Bridge",
          "Chittaranjan Hospital",
          "CIT Road",
          "Moulali",
          "Wellington",
          "Chandni Chowk",
          "Esplanade",
          "BBD Bag",
          "Barabazar",
          "Howrah Station",
          "Howrah Fire Station"
        ],
        "category": "bus_route",
        "pujaStatus": "Diverted Corridor",
        "divertedPath": "Gariahat Crossing",
        "glowColor": "#F59E0B",
        "lineColor": "#06B6D4"
      }
    },
    {
      "type": "Feature",
      "id": "BUS_RT_032",
      "geometry": {
        "type": "LineString",
        "coordinates": [
          [
            88.3695,
            22.5638
          ],
          [
            88.3645,
            22.5745
          ],
          [
            88.3605,
            22.5815
          ],
          [
            88.3535,
            22.5835
          ],
          [
            88.3431,
            22.5855
          ]
        ]
      },
      "properties": {
        "routeId": "BUS_RT_032",
        "routeNo": "24B",
        "routeName": "24B (Howrah Station)",
        "origin": "Sealdah",
        "destination": "Howrah Station",
        "stopCount": 5,
        "stops": [
          "Sealdah",
          "College Street",
          "MG Road",
          "Barabazar",
          "Howrah Station"
        ],
        "category": "bus_route",
        "pujaStatus": "Diverted & Bypassed",
        "divertedPath": "Amherst Street",
        "glowColor": "#F59E0B",
        "lineColor": "#06B6D4"
      }
    },
    {
      "type": "Feature",
      "id": "BUS_RT_033",
      "geometry": {
        "type": "LineString",
        "coordinates": [
          [
            88.3695,
            22.5638
          ],
          [
            88.3645,
            22.5745
          ],
          [
            88.3605,
            22.5815
          ],
          [
            88.3535,
            22.5835
          ],
          [
            88.3431,
            22.5855
          ]
        ]
      },
      "properties": {
        "routeId": "BUS_RT_033",
        "routeNo": "28",
        "routeName": "28 (Howrah Station)",
        "origin": "Sealdah",
        "destination": "Howrah Station",
        "stopCount": 5,
        "stops": [
          "Sealdah",
          "College Street",
          "MG Road",
          "Barabazar",
          "Howrah Station"
        ],
        "category": "bus_route",
        "pujaStatus": "Diverted & Bypassed",
        "divertedPath": "Amherst Street",
        "glowColor": "#F59E0B",
        "lineColor": "#06B6D4"
      }
    },
    {
      "type": "Feature",
      "id": "BUS_RT_034",
      "geometry": {
        "type": "LineString",
        "coordinates": [
          [
            88.3725,
            22.6275
          ],
          [
            88.3715,
            22.6185
          ],
          [
            88.3698,
            22.6025
          ],
          [
            88.3675,
            22.6015
          ],
          [
            88.3625,
            22.5975
          ],
          [
            88.3615,
            22.5875
          ],
          [
            88.3605,
            22.5815
          ],
          [
            88.3575,
            22.5745
          ],
          [
            88.3546,
            22.5668
          ],
          [
            88.3516,
            22.5645
          ]
        ]
      },
      "properties": {
        "routeId": "BUS_RT_034",
        "routeNo": "30A",
        "routeName": "30A (Esplanade)",
        "origin": "Sinthi",
        "destination": "Esplanade",
        "stopCount": 10,
        "stops": [
          "Sinthi",
          "Chiria",
          "Shyambazar",
          "Rajballavpara",
          "Sovabazar",
          "Girish Park",
          "MG Road",
          "Central",
          "Chandni Chowk",
          "Esplanade"
        ],
        "category": "bus_route",
        "pujaStatus": "Diverted Gateway",
        "divertedPath": "Bidhan Sarani",
        "glowColor": "#F59E0B",
        "lineColor": "#06B6D4"
      }
    },
    {
      "type": "Feature",
      "id": "BUS_RT_035",
      "geometry": {
        "type": "LineString",
        "coordinates": [
          [
            88.3315,
            22.5245
          ],
          [
            88.4385,
            22.6685
          ],
          [
            88.4435,
            22.6545
          ],
          [
            88.4415,
            22.6485
          ],
          [
            88.4185,
            22.6325
          ],
          [
            88.4115,
            22.6235
          ],
          [
            88.3972,
            22.6225
          ],
          [
            88.3715,
            22.6185
          ],
          [
            88.3698,
            22.6025
          ],
          [
            88.3775,
            22.5935
          ],
          [
            88.3765,
            22.5855
          ],
          [
            88.3735,
            22.5745
          ],
          [
            88.3695,
            22.5638
          ],
          [
            88.3665,
            22.5615
          ],
          [
            88.3585,
            22.5635
          ],
          [
            88.3546,
            22.5668
          ],
          [
            88.3516,
            22.5645
          ],
          [
            88.3411,
            22.5678
          ]
        ]
      },
      "properties": {
        "routeId": "BUS_RT_035",
        "routeNo": "30B",
        "routeName": "30B (Babughat)",
        "origin": "Gouripur",
        "destination": "Babughat",
        "stopCount": 18,
        "stops": [
          "Gouripur",
          "Birati",
          "Airport Gate 3",
          "Airport Gate 1",
          "Central Jail",
          "Nager Bazar",
          "Dumdum Station",
          "Chiria",
          "Shyambazar",
          "Khanna Cinema",
          "Maniktala",
          "Rajabazar",
          "Sealdah",
          "Moulali",
          "Wellington",
          "Chandni Chowk",
          "Esplanade",
          "Babughat"
        ],
        "category": "bus_route",
        "pujaStatus": "Suburban Feeder / Truncated",
        "divertedPath": "Esplanade",
        "glowColor": "#F59E0B",
        "lineColor": "#06B6D4"
      }
    },
    {
      "type": "Feature",
      "id": "BUS_RT_036",
      "geometry": {
        "type": "LineString",
        "coordinates": [
          [
            88.3315,
            22.5245
          ],
          [
            88.3825,
            22.5696
          ],
          [
            88.4365,
            22.6165
          ],
          [
            88.431,
            22.6141
          ],
          [
            88.4285,
            22.6135
          ],
          [
            88.4185,
            22.6015
          ],
          [
            88.4115,
            22.6045
          ],
          [
            88.4045,
            22.5985
          ],
          [
            88.3985,
            22.6035
          ],
          [
            88.3895,
            22.6055
          ],
          [
            88.3795,
            22.6075
          ],
          [
            88.3748,
            22.6042
          ],
          [
            88.3698,
            22.6025
          ],
          [
            88.3675,
            22.6015
          ],
          [
            88.3625,
            22.5975
          ],
          [
            88.3615,
            22.5875
          ],
          [
            88.3605,
            22.5815
          ],
          [
            88.3575,
            22.5745
          ],
          [
            88.3546,
            22.5668
          ],
          [
            88.3516,
            22.5645
          ],
          [
            88.3411,
            22.5678
          ]
        ]
      },
      "properties": {
        "routeId": "BUS_RT_036",
        "routeNo": "30C",
        "routeName": "30C (Babughat)",
        "origin": "Hatiara",
        "destination": "Babughat",
        "stopCount": 21,
        "stops": [
          "Hatiara",
          "Helabattala",
          "Jyangra",
          "Ashwini Nagar",
          "Baguiati",
          "Kestopur",
          "Dumdum Park",
          "Laketown",
          "Kalindi",
          "Patipukur",
          "Belgachia",
          "RG Kar",
          "Shyambazar",
          "Rajballavpara",
          "Sovabazar",
          "Girish Park",
          "MG Road",
          "Central",
          "Chandni Chowk",
          "Esplanade",
          "Babughat"
        ],
        "category": "bus_route",
        "pujaStatus": "Suburban Feeder / Truncated",
        "divertedPath": "Esplanade",
        "glowColor": "#F59E0B",
        "lineColor": "#06B6D4"
      }
    },
    {
      "type": "Feature",
      "id": "BUS_RT_037",
      "geometry": {
        "type": "LineString",
        "coordinates": [
          [
            88.3315,
            22.5245
          ],
          [
            88.3825,
            22.5696
          ],
          [
            88.4365,
            22.6165
          ],
          [
            88.431,
            22.6141
          ],
          [
            88.4285,
            22.6135
          ],
          [
            88.4185,
            22.6015
          ],
          [
            88.4115,
            22.6045
          ],
          [
            88.4045,
            22.5985
          ],
          [
            88.3985,
            22.5945
          ],
          [
            88.3912,
            22.5925
          ],
          [
            88.3775,
            22.5935
          ],
          [
            88.3765,
            22.5855
          ],
          [
            88.3735,
            22.5745
          ],
          [
            88.3695,
            22.5638
          ],
          [
            88.3665,
            22.5615
          ],
          [
            88.3585,
            22.5635
          ],
          [
            88.3546,
            22.5668
          ],
          [
            88.3516,
            22.5645
          ],
          [
            88.3411,
            22.5678
          ]
        ]
      },
      "properties": {
        "routeId": "BUS_RT_037",
        "routeNo": "30C/1",
        "routeName": "30C/1 (Babughat)",
        "origin": "Hatiara",
        "destination": "Babughat",
        "stopCount": 19,
        "stops": [
          "Hatiara",
          "Helabattala",
          "Jyangra",
          "Ashwini Nagar",
          "Baguiati",
          "Kestopur",
          "Dumdum Park",
          "Laketown",
          "Sreebhumi",
          "Ultadanga",
          "Khanna Cinema",
          "Maniktala",
          "Rajabazar",
          "Sealdah",
          "Moulali",
          "Wellington",
          "Chandni Chowk",
          "Esplanade",
          "Babughat"
        ],
        "category": "bus_route",
        "pujaStatus": "Suburban Feeder / Truncated",
        "divertedPath": "Esplanade",
        "glowColor": "#F59E0B",
        "lineColor": "#06B6D4"
      }
    },
    {
      "type": "Feature",
      "id": "BUS_RT_038",
      "geometry": {
        "type": "LineString",
        "coordinates": [
          [
            88.4045,
            22.6335
          ],
          [
            88.4185,
            22.6325
          ],
          [
            88.4115,
            22.6235
          ],
          [
            88.4075,
            22.6121
          ],
          [
            88.4065,
            22.6025
          ],
          [
            88.3985,
            22.6035
          ],
          [
            88.3895,
            22.6055
          ],
          [
            88.3795,
            22.6075
          ],
          [
            88.3748,
            22.6042
          ],
          [
            88.3698,
            22.6025
          ],
          [
            88.3775,
            22.5935
          ],
          [
            88.3765,
            22.5855
          ],
          [
            88.3735,
            22.5745
          ],
          [
            88.3695,
            22.5638
          ],
          [
            88.3665,
            22.5615
          ],
          [
            88.3585,
            22.5635
          ],
          [
            88.3546,
            22.5668
          ],
          [
            88.3516,
            22.5645
          ],
          [
            88.3411,
            22.5678
          ]
        ]
      },
      "properties": {
        "routeId": "BUS_RT_038",
        "routeNo": "30D",
        "routeName": "30D (Babughat)",
        "origin": "Dumdum Canton",
        "destination": "Babughat",
        "stopCount": 19,
        "stops": [
          "Dumdum Canton",
          "Central Jail",
          "Nager Bazar",
          "Diamond Plaza",
          "Bangur Avenue",
          "Kalindi",
          "Patipukur",
          "Belgachia",
          "RG Kar",
          "Shyambazar",
          "Khanna Cinema",
          "Maniktala",
          "Rajabazar",
          "Sealdah",
          "Moulali",
          "Wellington",
          "Chandni Chowk",
          "Esplanade",
          "Babughat"
        ],
        "category": "bus_route",
        "pujaStatus": "Diverted Gateway",
        "divertedPath": "Bidhan Sarani",
        "glowColor": "#F59E0B",
        "lineColor": "#06B6D4"
      }
    },
    {
      "type": "Feature",
      "id": "BUS_RT_039",
      "geometry": {
        "type": "LineString",
        "coordinates": [
          [
            88.3562,
            22.6548
          ],
          [
            88.3715,
            22.6515
          ],
          [
            88.3715,
            22.6455
          ],
          [
            88.3715,
            22.6365
          ],
          [
            88.3725,
            22.6275
          ],
          [
            88.3715,
            22.6185
          ],
          [
            88.3698,
            22.6025
          ],
          [
            88.3775,
            22.5935
          ],
          [
            88.3912,
            22.5925
          ],
          [
            88.3995,
            22.5885
          ],
          [
            88.4045,
            22.5875
          ],
          [
            88.403868,
            22.580388
          ],
          [
            88.407132,
            22.575612
          ],
          [
            88.4065,
            22.5685
          ],
          [
            88.414534,
            22.571721
          ],
          [
            88.426466,
            22.577279
          ],
          [
            88.4345,
            22.5805
          ],
          [
            88.4325,
            22.5785
          ],
          [
            88.4335,
            22.5765
          ],
          [
            88.4315,
            22.5735
          ]
        ]
      },
      "properties": {
        "routeId": "BUS_RT_039",
        "routeNo": "32A",
        "routeName": "32A (Sector V)",
        "origin": "Dakshineswar",
        "destination": "Sector V",
        "stopCount": 20,
        "stops": [
          "Dakshineswar",
          "Dunlop",
          "Bonhooghly",
          "Tobin Road",
          "Sinthi",
          "Chiria",
          "Shyambazar",
          "Khanna Cinema",
          "Ultadanga",
          "Saltlake PNB",
          "Saltlake CA Block",
          "Labony Estate",
          "Saltlake 13no Tank",
          "Saltlake Stadium",
          "Saltlake 14no Tank",
          "Sushrut Hospital",
          "Wipro",
          "SDF",
          "College More",
          "Sector V"
        ],
        "category": "bus_route",
        "pujaStatus": "Diverted Gateway",
        "divertedPath": "Bidhan Sarani",
        "glowColor": "#F59E0B",
        "lineColor": "#06B6D4"
      }
    },
    {
      "type": "Feature",
      "id": "BUS_RT_040",
      "geometry": {
        "type": "LineString",
        "coordinates": [
          [
            88.3715,
            22.6515
          ],
          [
            88.3546,
            22.5668
          ],
          [
            88.3585,
            22.5635
          ],
          [
            88.359,
            22.5671
          ],
          [
            88.3625,
            22.5725
          ],
          [
            88.3618,
            22.5735
          ],
          [
            88.3645,
            22.5745
          ],
          [
            88.3625,
            22.5885
          ],
          [
            88.363634,
            22.592388
          ],
          [
            88.368666,
            22.598612
          ],
          [
            88.3698,
            22.6025
          ],
          [
            88.3715,
            22.6185
          ],
          [
            88.3725,
            22.6275
          ],
          [
            88.3705,
            22.6356
          ],
          [
            88.3715,
            22.6455
          ],
          [
            88.3516,
            22.5645
          ]
        ]
      },
      "properties": {
        "routeId": "BUS_RT_040",
        "routeNo": "34B",
        "routeName": "34B (Esplanade)",
        "origin": "Dunlop",
        "destination": "Esplanade",
        "stopCount": 16,
        "stops": [
          "Dunlop",
          "Chandni Chowk",
          "Wellington",
          "Hind Cinema",
          "Bowbazar",
          "Medical College",
          "College Street",
          "Vivekananda Road",
          "Hedua",
          "Hatibagan",
          "Shyambazar",
          "Chiria",
          "Sinthi",
          "Baranagar Bazar",
          "Bonhooghly",
          "Esplanade"
        ],
        "category": "bus_route",
        "pujaStatus": "Diverted Gateway",
        "divertedPath": "Bidhan Sarani",
        "glowColor": "#F59E0B",
        "lineColor": "#06B6D4"
      }
    },
    {
      "type": "Feature",
      "id": "BUS_RT_041",
      "geometry": {
        "type": "LineString",
        "coordinates": [
          [
            88.3845,
            22.6395
          ],
          [
            88.3715,
            22.6365
          ],
          [
            88.3725,
            22.6275
          ],
          [
            88.3715,
            22.6185
          ],
          [
            88.3698,
            22.6025
          ],
          [
            88.3775,
            22.5935
          ],
          [
            88.3765,
            22.5855
          ],
          [
            88.3735,
            22.5745
          ],
          [
            88.3695,
            22.5638
          ],
          [
            88.3665,
            22.5615
          ],
          [
            88.3585,
            22.5635
          ],
          [
            88.3546,
            22.5668
          ],
          [
            88.3516,
            22.5645
          ]
        ]
      },
      "properties": {
        "routeId": "BUS_RT_041",
        "routeNo": "34C",
        "routeName": "34C (Esplanade)",
        "origin": "Noapara",
        "destination": "Esplanade",
        "stopCount": 13,
        "stops": [
          "Noapara",
          "Tobin Road",
          "Sinthi",
          "Chiria",
          "Shyambazar",
          "Khanna Cinema",
          "Maniktala",
          "Rajabazar",
          "Sealdah",
          "Moulali",
          "Wellington",
          "Chandni Chowk",
          "Esplanade"
        ],
        "category": "bus_route",
        "pujaStatus": "Diverted Gateway",
        "divertedPath": "Bidhan Sarani",
        "glowColor": "#F59E0B",
        "lineColor": "#06B6D4"
      }
    },
    {
      "type": "Feature",
      "id": "BUS_RT_042",
      "geometry": {
        "type": "LineString",
        "coordinates": [
          [
            88.3665,
            22.5055
          ],
          [
            88.3645,
            22.4995
          ],
          [
            88.3615,
            22.5015
          ],
          [
            88.3555,
            22.5025
          ],
          [
            88.3515,
            22.5035
          ],
          [
            88.3455,
            22.5085
          ],
          [
            88.3325,
            22.5045
          ],
          [
            88.3285,
            22.5105
          ],
          [
            88.3185,
            22.5085
          ],
          [
            88.3215,
            22.5155
          ],
          [
            88.3245,
            22.5245
          ],
          [
            88.3255,
            22.5315
          ],
          [
            88.3265,
            22.5385
          ],
          [
            88.3315,
            22.5485
          ],
          [
            88.3435,
            22.5525
          ],
          [
            88.3516,
            22.5645
          ],
          [
            88.3485,
            22.5715
          ],
          [
            88.3535,
            22.5835
          ],
          [
            88.3431,
            22.5855
          ]
        ]
      },
      "properties": {
        "routeId": "BUS_RT_042",
        "routeNo": "37",
        "routeName": "37 (Howrah Station)",
        "origin": "Dhakuria",
        "destination": "Howrah Station",
        "stopCount": 19,
        "stops": [
          "Dhakuria",
          "Jadavpur PS",
          "South City",
          "Lake Gardens",
          "Anwar Shah Road",
          "Tollygunge Phari",
          "Mahabirtala",
          "New Alipore",
          "Taratala",
          "Majherhat",
          "Mominpore",
          "Ekbalpur",
          "Kidderpore",
          "Hastings",
          "Fort William",
          "Esplanade",
          "BBD Bag",
          "Barabazar",
          "Howrah Station"
        ],
        "category": "bus_route",
        "pujaStatus": "Diverted Corridor",
        "divertedPath": "Gariahat Crossing",
        "glowColor": "#F59E0B",
        "lineColor": "#06B6D4"
      }
    },
    {
      "type": "Feature",
      "id": "BUS_RT_043",
      "geometry": {
        "type": "LineString",
        "coordinates": [
          [
            88.3665,
            22.5055
          ],
          [
            88.3665,
            22.5115
          ],
          [
            88.3654,
            22.5185
          ],
          [
            88.3585,
            22.5185
          ],
          [
            88.3485,
            22.5185
          ],
          [
            88.3445,
            22.5205
          ],
          [
            88.3475,
            22.5285
          ],
          [
            88.3495,
            22.5335
          ],
          [
            88.3475,
            22.5415
          ],
          [
            88.3478,
            22.5535
          ],
          [
            88.3524,
            22.5516
          ],
          [
            88.3516,
            22.5645
          ],
          [
            88.3485,
            22.5715
          ],
          [
            88.3535,
            22.5835
          ],
          [
            88.3431,
            22.5855
          ]
        ]
      },
      "properties": {
        "routeId": "BUS_RT_043",
        "routeNo": "37A",
        "routeName": "37A (Howrah Station)",
        "origin": "Dhakuria",
        "destination": "Howrah Station",
        "stopCount": 15,
        "stops": [
          "Dhakuria",
          "Golpark",
          "Gariahat",
          "Deshapriya Park",
          "Rashbehari",
          "Kalighat",
          "Hazra",
          "Bhowanipore",
          "Rabindra Sadan",
          "Maidan",
          "Park Street",
          "Esplanade",
          "BBD Bag",
          "Barabazar",
          "Howrah Station"
        ],
        "category": "bus_route",
        "pujaStatus": "Diverted Corridor",
        "divertedPath": "Gariahat Crossing",
        "glowColor": "#F59E0B",
        "lineColor": "#06B6D4"
      }
    },
    {
      "type": "Feature",
      "id": "BUS_RT_044",
      "geometry": {
        "type": "LineString",
        "coordinates": [
          [
            88.3315,
            22.5245
          ],
          [
            88.335849,
            22.529396
          ],
          [
            88.342673,
            22.535775
          ],
          [
            88.345038,
            22.53948
          ],
          [
            88.352962,
            22.54652
          ],
          [
            88.355327,
            22.550225
          ],
          [
            88.362151,
            22.556604
          ],
          [
            88.3665,
            22.5615
          ],
          [
            88.3585,
            22.5635
          ],
          [
            88.3546,
            22.5668
          ],
          [
            88.3516,
            22.5645
          ],
          [
            88.3485,
            22.5715
          ],
          [
            88.3685,
            22.5638
          ]
        ]
      },
      "properties": {
        "routeId": "BUS_RT_044",
        "routeNo": "39",
        "routeName": "39 (High Court)",
        "origin": "Picnic Garden",
        "destination": "High Court",
        "stopCount": 13,
        "stops": [
          "Picnic Garden",
          "Colony Bazar",
          "Kustia",
          "Bondel Gate",
          "4 No Bridge",
          "Chittaranjan Hospital",
          "CIT Road",
          "Moulali",
          "Wellington",
          "Chandni Chowk",
          "Esplanade",
          "BBD Bag",
          "High Court"
        ],
        "category": "bus_route",
        "pujaStatus": "Suburban Feeder / Truncated",
        "divertedPath": "Esplanade",
        "glowColor": "#F59E0B",
        "lineColor": "#06B6D4"
      }
    },
    {
      "type": "Feature",
      "id": "BUS_RT_045",
      "geometry": {
        "type": "LineString",
        "coordinates": [
          [
            88.3985,
            22.5295
          ],
          [
            88.389939,
            22.532364
          ],
          [
            88.385,
            22.5374
          ],
          [
            88.374939,
            22.539364
          ],
          [
            88.3685,
            22.5435
          ],
          [
            88.3635,
            22.5475
          ],
          [
            88.3665,
            22.5615
          ],
          [
            88.3695,
            22.5638
          ],
          [
            88.3645,
            22.5745
          ],
          [
            88.3605,
            22.5815
          ],
          [
            88.3535,
            22.5835
          ],
          [
            88.3431,
            22.5855
          ]
        ]
      },
      "properties": {
        "routeId": "BUS_RT_045",
        "routeNo": "39A/2",
        "routeName": "39A/2 (Howrah Station)",
        "origin": "VIP Bazar",
        "destination": "Howrah Station",
        "stopCount": 12,
        "stops": [
          "VIP Bazar",
          "Colony Bazar",
          "Kustia",
          "Bondel Gate",
          "Park Circus",
          "Mallick Bazar",
          "Moulali",
          "Sealdah",
          "College Street",
          "MG Road",
          "Barabazar",
          "Howrah Station"
        ],
        "category": "bus_route",
        "pujaStatus": "Suburban Feeder / Truncated",
        "divertedPath": "Esplanade",
        "glowColor": "#F59E0B",
        "lineColor": "#06B6D4"
      }
    },
    {
      "type": "Feature",
      "id": "BUS_RT_046",
      "geometry": {
        "type": "LineString",
        "coordinates": [
          [
            88.3315,
            22.5245
          ],
          [
            88.329583,
            22.514717
          ],
          [
            88.330466,
            22.506612
          ],
          [
            88.3265,
            22.4956
          ],
          [
            88.328132,
            22.487946
          ],
          [
            88.324917,
            22.477383
          ],
          [
            88.3245,
            22.4685
          ],
          [
            88.3295,
            22.4725
          ],
          [
            88.3345,
            22.4825
          ],
          [
            88.332534,
            22.489054
          ],
          [
            88.334466,
            22.497946
          ],
          [
            88.3325,
            22.5045
          ],
          [
            88.3455,
            22.5085
          ],
          [
            88.3515,
            22.5115
          ],
          [
            88.3485,
            22.5185
          ],
          [
            88.3445,
            22.5205
          ],
          [
            88.3475,
            22.5285
          ],
          [
            88.3495,
            22.5335
          ],
          [
            88.3475,
            22.5415
          ],
          [
            88.3478,
            22.5535
          ],
          [
            88.3524,
            22.5516
          ],
          [
            88.3516,
            22.5645
          ],
          [
            88.3411,
            22.5678
          ]
        ]
      },
      "properties": {
        "routeId": "BUS_RT_046",
        "routeNo": "40A",
        "routeName": "40A (Babughat)",
        "origin": "Julpia",
        "destination": "Babughat",
        "stopCount": 23,
        "stops": [
          "Julpia",
          "Nepalgunge",
          "Bakeshwar",
          "Mallickpur",
          "Sajnaberia",
          "Mittirchak",
          "Kabardanga",
          "Keorapukur",
          "Haridevpur",
          "Siriti",
          "NSHM Campus",
          "Mahabirtala",
          "Tollygunge Phari",
          "Rabindra Sarovar",
          "Rashbehari",
          "Kalighat",
          "Hazra",
          "Bhowanipore",
          "Rabindra Sadan",
          "Maidan",
          "Park Street",
          "Esplanade",
          "Babughat"
        ],
        "category": "bus_route",
        "pujaStatus": "Suburban Feeder / Truncated",
        "divertedPath": "Esplanade",
        "glowColor": "#F59E0B",
        "lineColor": "#06B6D4"
      }
    },
    {
      "type": "Feature",
      "id": "BUS_RT_047",
      "geometry": {
        "type": "LineString",
        "coordinates": [
          [
            88.3085,
            22.4685
          ],
          [
            88.312534,
            22.467721
          ],
          [
            88.320466,
            22.469279
          ],
          [
            88.3245,
            22.4685
          ],
          [
            88.3295,
            22.4725
          ],
          [
            88.3345,
            22.4825
          ],
          [
            88.3445,
            22.4985
          ],
          [
            88.3515,
            22.5115
          ],
          [
            88.3485,
            22.5185
          ],
          [
            88.3445,
            22.5205
          ],
          [
            88.3475,
            22.5285
          ],
          [
            88.3495,
            22.5335
          ],
          [
            88.3475,
            22.5415
          ],
          [
            88.3478,
            22.5535
          ],
          [
            88.3524,
            22.5516
          ],
          [
            88.3516,
            22.5645
          ],
          [
            88.3411,
            22.5678
          ]
        ]
      },
      "properties": {
        "routeId": "BUS_RT_047",
        "routeNo": "40B",
        "routeName": "40B (Babughat)",
        "origin": "Thakurpukur",
        "destination": "Babughat",
        "stopCount": 17,
        "stops": [
          "Thakurpukur",
          "Cancer Hospital",
          "Kalitala Housing",
          "Kabardanga",
          "Keorapukur",
          "Haridevpur",
          "Tollygunge Metro",
          "Rabindra Sarovar",
          "Rashbehari",
          "Kalighat",
          "Hazra",
          "Bhowanipore",
          "Rabindra Sadan",
          "Maidan",
          "Park Street",
          "Esplanade",
          "Babughat"
        ],
        "category": "bus_route",
        "pujaStatus": "Truncated / Diverted",
        "divertedPath": "Manton",
        "glowColor": "#F59E0B",
        "lineColor": "#06B6D4"
      }
    },
    {
      "type": "Feature",
      "id": "BUS_RT_048",
      "geometry": {
        "type": "LineString",
        "coordinates": [
          [
            88.3315,
            22.5245
          ],
          [
            88.338534,
            22.510721
          ],
          [
            88.349466,
            22.499279
          ],
          [
            88.3565,
            22.4855
          ],
          [
            88.3515,
            22.4895
          ],
          [
            88.3485,
            22.4945
          ],
          [
            88.3445,
            22.4985
          ],
          [
            88.3515,
            22.5115
          ],
          [
            88.3485,
            22.5185
          ],
          [
            88.3445,
            22.5205
          ],
          [
            88.3475,
            22.5285
          ],
          [
            88.3495,
            22.5335
          ],
          [
            88.3475,
            22.5415
          ],
          [
            88.3478,
            22.5535
          ],
          [
            88.3524,
            22.5516
          ],
          [
            88.3516,
            22.5645
          ],
          [
            88.3485,
            22.5715
          ],
          [
            88.3535,
            22.5835
          ],
          [
            88.3431,
            22.5855
          ]
        ]
      },
      "properties": {
        "routeId": "BUS_RT_048",
        "routeNo": "41",
        "routeName": "41 (Howrah Station)",
        "origin": "Layalka",
        "destination": "Howrah Station",
        "stopCount": 19,
        "stops": [
          "Layalka",
          "Bijoygarh",
          "Gandhi Colony",
          "Netaji Nagar",
          "Ranikuthi",
          "Malancha Cinema",
          "Tollygunge Metro",
          "Rabindra Sarovar",
          "Rashbehari",
          "Kalighat",
          "Hazra",
          "Bhowanipore",
          "Rabindra Sadan",
          "Maidan",
          "Park Street",
          "Esplanade",
          "BBD Bag",
          "Barabazar",
          "Howrah Station"
        ],
        "category": "bus_route",
        "pujaStatus": "Diverted Corridor",
        "divertedPath": "Gariahat Crossing",
        "glowColor": "#F59E0B",
        "lineColor": "#06B6D4"
      }
    },
    {
      "type": "Feature",
      "id": "BUS_RT_049",
      "geometry": {
        "type": "LineString",
        "coordinates": [
          [
            88.3565,
            22.4855
          ],
          [
            88.3515,
            22.4895
          ],
          [
            88.3485,
            22.4945
          ],
          [
            88.3445,
            22.4985
          ],
          [
            88.3515,
            22.5115
          ],
          [
            88.3485,
            22.5185
          ],
          [
            88.3445,
            22.5205
          ],
          [
            88.3475,
            22.5285
          ],
          [
            88.3495,
            22.5335
          ],
          [
            88.3475,
            22.5415
          ],
          [
            88.3478,
            22.5535
          ],
          [
            88.3524,
            22.5516
          ],
          [
            88.3516,
            22.5645
          ],
          [
            88.3485,
            22.5715
          ],
          [
            88.3535,
            22.5835
          ],
          [
            88.3431,
            22.5855
          ]
        ]
      },
      "properties": {
        "routeId": "BUS_RT_049",
        "routeNo": "41B",
        "routeName": "41B (Howrah Station)",
        "origin": "Netaji Nagar",
        "destination": "Howrah Station",
        "stopCount": 16,
        "stops": [
          "Netaji Nagar",
          "Ranikuthi",
          "Malancha Cinema",
          "Tollygunge Metro",
          "Rabindra Sarovar",
          "Rashbehari",
          "Kalighat",
          "Hazra",
          "Bhowanipore",
          "Rabindra Sadan",
          "Maidan",
          "Park Street",
          "Esplanade",
          "BBD Bag",
          "Barabazar",
          "Howrah Station"
        ],
        "category": "bus_route",
        "pujaStatus": "Diverted Corridor",
        "divertedPath": "Gariahat Crossing",
        "glowColor": "#F59E0B",
        "lineColor": "#06B6D4"
      }
    },
    {
      "type": "Feature",
      "id": "BUS_RT_050",
      "geometry": {
        "type": "LineString",
        "coordinates": [
          [
            88.3315,
            22.5245
          ],
          [
            88.341534,
            22.525388
          ],
          [
            88.355466,
            22.528612
          ],
          [
            88.3655,
            22.5295
          ],
          [
            88.3575,
            22.5261
          ],
          [
            88.3525,
            22.5245
          ],
          [
            88.3475,
            22.5285
          ],
          [
            88.3445,
            22.5205
          ],
          [
            88.336868,
            22.523388
          ],
          [
            88.333132,
            22.528612
          ],
          [
            88.3255,
            22.5315
          ],
          [
            88.3265,
            22.5385
          ],
          [
            88.3235,
            22.5405
          ],
          [
            88.3015,
            22.5485
          ],
          [
            88.3095,
            22.5445
          ],
          [
            88.305689,
            22.545114
          ],
          [
            88.3055,
            22.5479
          ],
          [
            88.300189,
            22.547614
          ],
          [
            88.2985,
            22.5495
          ]
        ]
      },
      "properties": {
        "routeId": "BUS_RT_050",
        "routeNo": "42A",
        "routeName": "42A (Bichali Ghat)",
        "origin": "Picnic Garden",
        "destination": "Bichali Ghat",
        "stopCount": 19,
        "stops": [
          "Picnic Garden",
          "Kustia",
          "Bondel Gate",
          "Ballygunge Phari",
          "Garcha Road",
          "Sishu Mangal",
          "Hazra",
          "Kalighat",
          "Alipore Court",
          "Command Hospital",
          "Ekbalpur",
          "Kidderpore",
          "Babubazar",
          "Garden Reach",
          "Ramnagar",
          "Fatehpur",
          "HMG College",
          "Mudiali",
          "Bichali Ghat"
        ],
        "category": "bus_route",
        "pujaStatus": "Suburban Feeder / Truncated",
        "divertedPath": "Esplanade",
        "glowColor": "#F59E0B",
        "lineColor": "#06B6D4"
      }
    },
    {
      "type": "Feature",
      "id": "BUS_RT_051",
      "geometry": {
        "type": "LineString",
        "coordinates": [
          [
            88.4045,
            22.5195
          ],
          [
            88.3995,
            22.5132
          ],
          [
            88.3935,
            22.5145
          ],
          [
            88.3845,
            22.5155
          ],
          [
            88.3815,
            22.5165
          ],
          [
            88.3695,
            22.5215
          ],
          [
            88.3654,
            22.5185
          ],
          [
            88.3585,
            22.5185
          ],
          [
            88.3485,
            22.5185
          ],
          [
            88.3515,
            22.5115
          ],
          [
            88.3455,
            22.5085
          ],
          [
            88.3325,
            22.5045
          ],
          [
            88.3285,
            22.5105
          ],
          [
            88.3185,
            22.5085
          ],
          [
            88.3045,
            22.5185
          ],
          [
            88.2945,
            22.5145
          ],
          [
            88.2985,
            22.5285
          ],
          [
            88.3095,
            22.5445
          ],
          [
            88.2935,
            22.5465
          ],
          [
            88.2985,
            22.5495
          ]
        ]
      },
      "properties": {
        "routeId": "BUS_RT_051",
        "routeNo": "42B",
        "routeName": "42B (Bichali Ghat)",
        "origin": "Anandapur",
        "destination": "Bichali Ghat",
        "stopCount": 20,
        "stops": [
          "Anandapur",
          "Ruby",
          "Acropolis Mall",
          "Bosepukur",
          "Kasba PS",
          "Ballygunge Station",
          "Gariahat",
          "Deshapriya Park",
          "Rashbehari",
          "Rabindra Sarovar",
          "Tollygunge Phari",
          "Mahabirtala",
          "New Alipore",
          "Taratala",
          "Brace Bridge",
          "Jhinjhira Bazar",
          "Nature Park",
          "Ramnagar",
          "Kamal Talkies",
          "Bichali Ghat"
        ],
        "category": "bus_route",
        "pujaStatus": "Active EM Bypass Corridor",
        "divertedPath": "Rashbehari Connector (Bosepukur)",
        "glowColor": "#F59E0B",
        "lineColor": "#06B6D4"
      }
    },
    {
      "type": "Feature",
      "id": "BUS_RT_052",
      "geometry": {
        "type": "LineString",
        "coordinates": [
          [
            88.3562,
            22.6548
          ],
          [
            88.3625,
            22.6525
          ],
          [
            88.3655,
            22.6481
          ],
          [
            88.3715,
            22.6455
          ],
          [
            88.369,
            22.6326
          ],
          [
            88.3695,
            22.6215
          ],
          [
            88.3675,
            22.6141
          ],
          [
            88.3685,
            22.6085
          ],
          [
            88.3644,
            22.6033
          ],
          [
            88.3675,
            22.6015
          ],
          [
            88.3625,
            22.5975
          ],
          [
            88.3615,
            22.5875
          ],
          [
            88.3605,
            22.5815
          ],
          [
            88.3575,
            22.5745
          ],
          [
            88.3546,
            22.5668
          ],
          [
            88.3516,
            22.5645
          ]
        ]
      },
      "properties": {
        "routeId": "BUS_RT_052",
        "routeNo": "43",
        "routeName": "43 (Esplanade)",
        "origin": "Dakshineswar",
        "destination": "Esplanade",
        "stopCount": 16,
        "stops": [
          "Dakshineswar",
          "Alambazar",
          "Deshbandhu Road",
          "Bonhooghly",
          "Baranagar Bazar",
          "Cossipore",
          "Bibibazar",
          "Chitpur Bridge",
          "Bagbazar",
          "Rajballavpara",
          "Sovabazar",
          "Girish Park",
          "MG Road",
          "Central",
          "Chandni Chowk",
          "Esplanade"
        ],
        "category": "bus_route",
        "pujaStatus": "Diverted Gateway",
        "divertedPath": "Bidhan Sarani",
        "glowColor": "#F59E0B",
        "lineColor": "#06B6D4"
      }
    },
    {
      "type": "Feature",
      "id": "BUS_RT_053",
      "geometry": {
        "type": "LineString",
        "coordinates": [
          [
            88.4285,
            22.6135
          ],
          [
            88.4185,
            22.6015
          ],
          [
            88.4115,
            22.6045
          ],
          [
            88.4045,
            22.5985
          ],
          [
            88.3985,
            22.5945
          ],
          [
            88.3912,
            22.5925
          ],
          [
            88.3885,
            22.5775
          ],
          [
            88.3892,
            22.5715
          ],
          [
            88.3735,
            22.5745
          ],
          [
            88.3695,
            22.5638
          ],
          [
            88.3645,
            22.5745
          ],
          [
            88.3605,
            22.5815
          ],
          [
            88.3535,
            22.5835
          ],
          [
            88.3431,
            22.5855
          ]
        ]
      },
      "properties": {
        "routeId": "BUS_RT_053",
        "routeNo": "44",
        "routeName": "44 (Howrah Station)",
        "origin": "Baguiati",
        "destination": "Howrah Station",
        "stopCount": 14,
        "stops": [
          "Baguiati",
          "Kestopur",
          "Dumdum Park",
          "Laketown",
          "Sreebhumi",
          "Ultadanga",
          "Kankurgachi",
          "Phoolbagan",
          "Rajabazar",
          "Sealdah",
          "College Street",
          "MG Road",
          "Barabazar",
          "Howrah Station"
        ],
        "category": "bus_route",
        "pujaStatus": "Diverted Gateway",
        "divertedPath": "Bidhan Sarani",
        "glowColor": "#F59E0B",
        "lineColor": "#06B6D4"
      }
    },
    {
      "type": "Feature",
      "id": "BUS_RT_054",
      "geometry": {
        "type": "LineString",
        "coordinates": [
          [
            88.4285,
            22.6135
          ],
          [
            88.4185,
            22.6015
          ],
          [
            88.4115,
            22.6045
          ],
          [
            88.4045,
            22.5985
          ],
          [
            88.3985,
            22.5945
          ],
          [
            88.3912,
            22.5925
          ],
          [
            88.3885,
            22.5775
          ],
          [
            88.3892,
            22.5715
          ],
          [
            88.3985,
            22.5645
          ],
          [
            88.3695,
            22.5638
          ],
          [
            88.3645,
            22.5745
          ],
          [
            88.3605,
            22.5815
          ],
          [
            88.3535,
            22.5835
          ],
          [
            88.3431,
            22.5855
          ]
        ]
      },
      "properties": {
        "routeId": "BUS_RT_054",
        "routeNo": "44/1",
        "routeName": "44/1 (Howrah Station)",
        "origin": "Baguiati",
        "destination": "Howrah Station",
        "stopCount": 14,
        "stops": [
          "Baguiati",
          "Kestopur",
          "Dumdum Park",
          "Laketown",
          "Sreebhumi",
          "Ultadanga",
          "Kankurgachi",
          "Phoolbagan",
          "Beleghata",
          "Sealdah",
          "College Street",
          "MG Road",
          "Barabazar",
          "Howrah Station"
        ],
        "category": "bus_route",
        "pujaStatus": "Diverted Gateway",
        "divertedPath": "Bidhan Sarani",
        "glowColor": "#F59E0B",
        "lineColor": "#06B6D4"
      }
    },
    {
      "type": "Feature",
      "id": "BUS_RT_055",
      "geometry": {
        "type": "LineString",
        "coordinates": [
          [
            88.4315,
            22.5735
          ],
          [
            88.4325,
            22.5785
          ],
          [
            88.4335,
            22.5765
          ],
          [
            88.4345,
            22.5805
          ],
          [
            88.4185,
            22.5865
          ],
          [
            88.4165,
            22.5895
          ],
          [
            88.4085,
            22.5895
          ],
          [
            88.4045,
            22.5875
          ],
          [
            88.3995,
            22.5885
          ],
          [
            88.3912,
            22.5925
          ],
          [
            88.3775,
            22.5935
          ],
          [
            88.3765,
            22.5855
          ],
          [
            88.3735,
            22.5745
          ],
          [
            88.3695,
            22.5638
          ],
          [
            88.3645,
            22.5745
          ],
          [
            88.3605,
            22.5815
          ],
          [
            88.3535,
            22.5835
          ],
          [
            88.3431,
            22.5855
          ]
        ]
      },
      "properties": {
        "routeId": "BUS_RT_055",
        "routeNo": "44A",
        "routeName": "44A (Howrah Station)",
        "origin": "Sector V",
        "destination": "Howrah Station",
        "stopCount": 18,
        "stops": [
          "Sector V",
          "SDF",
          "College More",
          "Wipro",
          "Karunamoyee",
          "Bikash Bhawan",
          "City Center 1",
          "Saltlake CA Block",
          "Saltlake PNB",
          "Ultadanga",
          "Khanna Cinema",
          "Maniktala",
          "Rajabazar",
          "Sealdah",
          "College Street",
          "MG Road",
          "Barabazar",
          "Howrah Station"
        ],
        "category": "bus_route",
        "pujaStatus": "Active EM Bypass Corridor",
        "divertedPath": "Rashbehari Connector (Bosepukur)",
        "glowColor": "#F59E0B",
        "lineColor": "#06B6D4"
      }
    },
    {
      "type": "Feature",
      "id": "BUS_RT_056",
      "geometry": {
        "type": "LineString",
        "coordinates": [
          [
            88.4415,
            22.6485
          ],
          [
            88.4395,
            22.6365
          ],
          [
            88.4385,
            22.6315
          ],
          [
            88.4355,
            22.6235
          ],
          [
            88.4285,
            22.6135
          ],
          [
            88.4185,
            22.6015
          ],
          [
            88.4115,
            22.6045
          ],
          [
            88.4045,
            22.5985
          ],
          [
            88.3985,
            22.5945
          ],
          [
            88.3912,
            22.5925
          ],
          [
            88.3885,
            22.5775
          ],
          [
            88.3892,
            22.5715
          ],
          [
            88.3985,
            22.5645
          ],
          [
            88.3695,
            22.5638
          ],
          [
            88.3665,
            22.5615
          ],
          [
            88.365868,
            22.554721
          ],
          [
            88.369132,
            22.550279
          ],
          [
            88.3685,
            22.5435
          ],
          [
            88.3655,
            22.5385
          ],
          [
            88.3655,
            22.5295
          ],
          [
            88.3654,
            22.5185
          ],
          [
            88.3665,
            22.5115
          ],
          [
            88.3665,
            22.5055
          ],
          [
            88.3685,
            22.4985
          ],
          [
            88.367201,
            22.519488
          ],
          [
            88.369799,
            22.542812
          ],
          [
            88.3685,
            22.5638
          ]
        ]
      },
      "properties": {
        "routeId": "BUS_RT_056",
        "routeNo": "45",
        "routeName": "45 (Baisnabghata)",
        "origin": "Airport Gate 1",
        "destination": "Baisnabghata",
        "stopCount": 27,
        "stops": [
          "Airport Gate 1",
          "Kaikhali",
          "Haldirams",
          "Teghoria",
          "Baguiati",
          "Kestopur",
          "Dumdum Park",
          "Laketown",
          "Sreebhumi",
          "Ultadanga",
          "Kankurgachi",
          "Phoolbagan",
          "Beleghata",
          "Sealdah",
          "Moulali",
          "CIT Road",
          "Chittaranjan Hospital",
          "Park Circus",
          "Quest Mall",
          "Ballygunge Phari",
          "Gariahat",
          "Golpark",
          "Dhakuria",
          "Jadavpur 8B",
          "Baghajatin",
          "Ramgarh",
          "Baisnabghata"
        ],
        "category": "bus_route",
        "pujaStatus": "Diverted Corridor",
        "divertedPath": "Rashbehari Avenue",
        "glowColor": "#F59E0B",
        "lineColor": "#06B6D4"
      }
    },
    {
      "type": "Feature",
      "id": "BUS_RT_057",
      "geometry": {
        "type": "LineString",
        "coordinates": [
          [
            88.4415,
            22.6485
          ],
          [
            88.4395,
            22.6365
          ],
          [
            88.4385,
            22.6315
          ],
          [
            88.4355,
            22.6235
          ],
          [
            88.4285,
            22.6135
          ],
          [
            88.4185,
            22.6015
          ],
          [
            88.4115,
            22.6045
          ],
          [
            88.4045,
            22.5985
          ],
          [
            88.3985,
            22.5945
          ],
          [
            88.3912,
            22.5925
          ],
          [
            88.3885,
            22.5775
          ],
          [
            88.3892,
            22.5715
          ],
          [
            88.3985,
            22.5645
          ],
          [
            88.3695,
            22.5638
          ],
          [
            88.3665,
            22.5615
          ],
          [
            88.365868,
            22.554721
          ],
          [
            88.369132,
            22.550279
          ],
          [
            88.3685,
            22.5435
          ],
          [
            88.3655,
            22.5385
          ],
          [
            88.3655,
            22.5295
          ],
          [
            88.3654,
            22.5185
          ],
          [
            88.3665,
            22.5115
          ],
          [
            88.3665,
            22.5055
          ],
          [
            88.3685,
            22.4985
          ],
          [
            88.371534,
            22.487721
          ],
          [
            88.378466,
            22.479279
          ],
          [
            88.3815,
            22.4685
          ],
          [
            88.387,
            22.4656
          ],
          [
            88.3955,
            22.4645
          ]
        ]
      },
      "properties": {
        "routeId": "BUS_RT_057",
        "routeNo": "45A",
        "routeName": "45A (Garia Station)",
        "origin": "Airport Gate 1",
        "destination": "Garia Station",
        "stopCount": 29,
        "stops": [
          "Airport Gate 1",
          "Kaikhali",
          "Haldirams",
          "Teghoria",
          "Baguiati",
          "Kestopur",
          "Dumdum Park",
          "Laketown",
          "Sreebhumi",
          "Ultadanga",
          "Kankurgachi",
          "Phoolbagan",
          "Beleghata",
          "Sealdah",
          "Moulali",
          "CIT Road",
          "Chittaranjan Hospital",
          "Park Circus",
          "Quest Mall",
          "Ballygunge Phari",
          "Gariahat",
          "Golpark",
          "Dhakuria",
          "Jadavpur 8B",
          "Baghajatin",
          "Ramgarh",
          "Garia Metro",
          "Dhalai Bridge",
          "Garia Station"
        ],
        "category": "bus_route",
        "pujaStatus": "Diverted Corridor",
        "divertedPath": "Rashbehari Avenue",
        "glowColor": "#F59E0B",
        "lineColor": "#06B6D4"
      }
    },
    {
      "type": "Feature",
      "id": "BUS_RT_058",
      "geometry": {
        "type": "LineString",
        "coordinates": [
          [
            88.3985,
            22.5645
          ],
          [
            88.3985,
            22.5645
          ],
          [
            88.3695,
            22.5638
          ],
          [
            88.3665,
            22.5615
          ],
          [
            88.3635,
            22.5475
          ],
          [
            88.3615,
            22.5395
          ],
          [
            88.3545,
            22.5415
          ],
          [
            88.352,
            22.5321
          ],
          [
            88.3525,
            22.5245
          ],
          [
            88.3475,
            22.5285
          ],
          [
            88.3445,
            22.5205
          ],
          [
            88.3485,
            22.5185
          ],
          [
            88.3515,
            22.5115
          ],
          [
            88.3455,
            22.5085
          ],
          [
            88.3515,
            22.5035
          ],
          [
            88.3555,
            22.5025
          ],
          [
            88.3615,
            22.5015
          ],
          [
            88.3685,
            22.4985
          ],
          [
            88.37225,
            22.492383
          ],
          [
            88.378799,
            22.487946
          ],
          [
            88.3805,
            22.4806
          ],
          [
            88.387799,
            22.476612
          ],
          [
            88.39025,
            22.469717
          ],
          [
            88.3955,
            22.4645
          ]
        ]
      },
      "properties": {
        "routeId": "BUS_RT_058",
        "routeNo": "45B",
        "routeName": "45B (Garia Station)",
        "origin": "Beleghata Building",
        "destination": "Garia Station",
        "stopCount": 24,
        "stops": [
          "Beleghata Building",
          "Beleghata",
          "Sealdah",
          "Moulali",
          "Mallick Bazar",
          "Beck Bagan",
          "Minto Park",
          "Lansdowne",
          "Sishu Mangal",
          "Hazra",
          "Kalighat",
          "Rashbehari",
          "Rabindra Sarovar",
          "Tollygunge Phari",
          "Anwar Shah Road",
          "Lake Gardens",
          "South City",
          "Jadavpur 8B",
          "Baghajatin",
          "Ramgarh",
          "45 Bus Stand",
          "Patuli",
          "Dhalai Bridge",
          "Garia Station"
        ],
        "category": "bus_route",
        "pujaStatus": "Diverted Corridor",
        "divertedPath": "Rashbehari Avenue",
        "glowColor": "#F59E0B",
        "lineColor": "#06B6D4"
      }
    },
    {
      "type": "Feature",
      "id": "BUS_RT_059",
      "geometry": {
        "type": "LineString",
        "coordinates": [
          [
            88.4415,
            22.6485
          ],
          [
            88.4395,
            22.6365
          ],
          [
            88.4385,
            22.6315
          ],
          [
            88.4355,
            22.6235
          ],
          [
            88.4285,
            22.6135
          ],
          [
            88.4185,
            22.6015
          ],
          [
            88.4115,
            22.6045
          ],
          [
            88.4045,
            22.5985
          ],
          [
            88.3985,
            22.5945
          ],
          [
            88.3912,
            22.5925
          ],
          [
            88.3885,
            22.5775
          ],
          [
            88.3765,
            22.5855
          ],
          [
            88.3625,
            22.5885
          ],
          [
            88.361201,
            22.582388
          ],
          [
            88.363799,
            22.578612
          ],
          [
            88.3625,
            22.5725
          ],
          [
            88.3585,
            22.5635
          ],
          [
            88.3546,
            22.5668
          ],
          [
            88.3516,
            22.5645
          ]
        ]
      },
      "properties": {
        "routeId": "BUS_RT_059",
        "routeNo": "46",
        "routeName": "46 (Esplanade)",
        "origin": "Airport Gate 1",
        "destination": "Esplanade",
        "stopCount": 19,
        "stops": [
          "Airport Gate 1",
          "Kaikhali",
          "Haldirams",
          "Teghoria",
          "Baguiati",
          "Kestopur",
          "Dumdum Park",
          "Laketown",
          "Sreebhumi",
          "Ultadanga",
          "Kankurgachi",
          "Maniktala",
          "Vivekananda Road",
          "Amherst Street",
          "Bank Of India",
          "Bowbazar",
          "Wellington",
          "Chandni Chowk",
          "Esplanade"
        ],
        "category": "bus_route",
        "pujaStatus": "Diverted Gateway",
        "divertedPath": "Bidhan Sarani",
        "glowColor": "#F59E0B",
        "lineColor": "#06B6D4"
      }
    },
    {
      "type": "Feature",
      "id": "BUS_RT_060",
      "geometry": {
        "type": "LineString",
        "coordinates": [
          [
            88.3315,
            22.5245
          ],
          [
            88.369201,
            22.557054
          ],
          [
            88.410799,
            22.591946
          ],
          [
            88.4485,
            22.6245
          ],
          [
            88.437,
            22.6181
          ],
          [
            88.4285,
            22.6135
          ],
          [
            88.4185,
            22.6015
          ],
          [
            88.4115,
            22.6045
          ],
          [
            88.4045,
            22.5985
          ],
          [
            88.3985,
            22.5945
          ],
          [
            88.3912,
            22.5925
          ],
          [
            88.3775,
            22.5935
          ],
          [
            88.3765,
            22.5855
          ],
          [
            88.3735,
            22.5745
          ],
          [
            88.3695,
            22.5638
          ],
          [
            88.3665,
            22.5615
          ],
          [
            88.3585,
            22.5635
          ],
          [
            88.3546,
            22.5668
          ],
          [
            88.3516,
            22.5645
          ]
        ]
      },
      "properties": {
        "routeId": "BUS_RT_060",
        "routeNo": "46A",
        "routeName": "46A (Esplanade)",
        "origin": "Jagardanga",
        "destination": "Esplanade",
        "stopCount": 19,
        "stops": [
          "Jagardanga",
          "Derozio College",
          "Salua Bazar",
          "Chinar Park",
          "Lokenath Mandir",
          "Baguiati",
          "Kestopur",
          "Dumdum Park",
          "Laketown",
          "Sreebhumi",
          "Ultadanga",
          "Khanna Cinema",
          "Maniktala",
          "Rajabazar",
          "Sealdah",
          "Moulali",
          "Wellington",
          "Chandni Chowk",
          "Esplanade"
        ],
        "category": "bus_route",
        "pujaStatus": "Suburban Feeder / Truncated",
        "divertedPath": "Esplanade",
        "glowColor": "#F59E0B",
        "lineColor": "#06B6D4"
      }
    },
    {
      "type": "Feature",
      "id": "BUS_RT_061",
      "geometry": {
        "type": "LineString",
        "coordinates": [
          [
            88.3315,
            22.5245
          ],
          [
            88.4685,
            22.6355
          ],
          [
            88.4555,
            22.6275
          ],
          [
            88.4485,
            22.6245
          ],
          [
            88.437,
            22.6181
          ],
          [
            88.4285,
            22.6135
          ],
          [
            88.4185,
            22.6015
          ],
          [
            88.4115,
            22.6045
          ],
          [
            88.4045,
            22.5985
          ],
          [
            88.3985,
            22.5945
          ],
          [
            88.3912,
            22.5925
          ],
          [
            88.3885,
            22.5775
          ],
          [
            88.3765,
            22.5855
          ],
          [
            88.3735,
            22.5745
          ],
          [
            88.3695,
            22.5638
          ],
          [
            88.3665,
            22.5615
          ],
          [
            88.3585,
            22.5635
          ],
          [
            88.3546,
            22.5668
          ],
          [
            88.3516,
            22.5645
          ]
        ]
      },
      "properties": {
        "routeId": "BUS_RT_061",
        "routeNo": "46B",
        "routeName": "46B (Esplanade)",
        "origin": "Moonbeam",
        "destination": "Esplanade",
        "stopCount": 19,
        "stops": [
          "Moonbeam",
          "Akanksha",
          "City Center 2",
          "Chinar Park",
          "Lokenath Mandir",
          "Baguiati",
          "Kestopur",
          "Dumdum Park",
          "Laketown",
          "Sreebhumi",
          "Ultadanga",
          "Kankurgachi",
          "Maniktala",
          "Rajabazar",
          "Sealdah",
          "Moulali",
          "Wellington",
          "Chandni Chowk",
          "Esplanade"
        ],
        "category": "bus_route",
        "pujaStatus": "Suburban Feeder / Truncated",
        "divertedPath": "Esplanade",
        "glowColor": "#F59E0B",
        "lineColor": "#06B6D4"
      }
    },
    {
      "type": "Feature",
      "id": "BUS_RT_062",
      "geometry": {
        "type": "LineString",
        "coordinates": [
          [
            88.3445,
            22.4985
          ],
          [
            88.3515,
            22.5115
          ],
          [
            88.3485,
            22.5185
          ],
          [
            88.3445,
            22.5205
          ],
          [
            88.3475,
            22.5285
          ],
          [
            88.3495,
            22.5335
          ],
          [
            88.3475,
            22.5415
          ],
          [
            88.3478,
            22.5535
          ],
          [
            88.3524,
            22.5516
          ],
          [
            88.3516,
            22.5645
          ],
          [
            88.3485,
            22.5715
          ],
          [
            88.3575,
            22.5745
          ],
          [
            88.3625,
            22.5725
          ],
          [
            88.3618,
            22.5735
          ],
          [
            88.3645,
            22.5745
          ],
          [
            88.3695,
            22.5638
          ],
          [
            88.3735,
            22.5745
          ]
        ]
      },
      "properties": {
        "routeId": "BUS_RT_062",
        "routeNo": "47/1",
        "routeName": "47/1 (Rajabazar)",
        "origin": "Tollygunge Metro",
        "destination": "Rajabazar",
        "stopCount": 17,
        "stops": [
          "Tollygunge Metro",
          "Rabindra Sarovar",
          "Rashbehari",
          "Kalighat",
          "Hazra",
          "Bhowanipore",
          "Rabindra Sadan",
          "Maidan",
          "Park Street",
          "Esplanade",
          "BBD Bag",
          "Central",
          "Bowbazar",
          "Medical College",
          "College Street",
          "Sealdah",
          "Rajabazar"
        ],
        "category": "bus_route",
        "pujaStatus": "Diverted Corridor",
        "divertedPath": "Rashbehari Avenue",
        "glowColor": "#F59E0B",
        "lineColor": "#06B6D4"
      }
    },
    {
      "type": "Feature",
      "id": "BUS_RT_063",
      "geometry": {
        "type": "LineString",
        "coordinates": [
          [
            88.4045,
            22.5985
          ],
          [
            88.3985,
            22.6035
          ],
          [
            88.3895,
            22.6055
          ],
          [
            88.3795,
            22.6075
          ],
          [
            88.3748,
            22.6042
          ],
          [
            88.3698,
            22.6025
          ],
          [
            88.3675,
            22.6015
          ],
          [
            88.3625,
            22.5975
          ],
          [
            88.3615,
            22.5875
          ],
          [
            88.3605,
            22.5815
          ],
          [
            88.3575,
            22.5745
          ],
          [
            88.3546,
            22.5668
          ],
          [
            88.3516,
            22.5645
          ],
          [
            88.3524,
            22.5516
          ],
          [
            88.3478,
            22.5535
          ],
          [
            88.3475,
            22.5415
          ],
          [
            88.3495,
            22.5335
          ],
          [
            88.3475,
            22.5285
          ],
          [
            88.3445,
            22.5205
          ],
          [
            88.3485,
            22.5185
          ],
          [
            88.3515,
            22.5115
          ],
          [
            88.3455,
            22.5085
          ],
          [
            88.3515,
            22.5035
          ],
          [
            88.3555,
            22.5025
          ],
          [
            88.3615,
            22.5015
          ],
          [
            88.3645,
            22.4995
          ],
          [
            88.375,
            22.4951
          ],
          [
            88.3885,
            22.4925
          ],
          [
            88.3995,
            22.5015
          ],
          [
            88.398,
            22.50645
          ],
          [
            88.3995,
            22.5132
          ],
          [
            88.3935,
            22.5145
          ],
          [
            88.3685,
            22.5638
          ]
        ]
      },
      "properties": {
        "routeId": "BUS_RT_063",
        "routeNo": "47B",
        "routeName": "47B (Dhanmath)",
        "origin": "Laketown",
        "destination": "Dhanmath",
        "stopCount": 33,
        "stops": [
          "Laketown",
          "Kalindi",
          "Patipukur",
          "Belgachia",
          "RG Kar",
          "Shyambazar",
          "Rajballavpara",
          "Sovabazar",
          "Girish Park",
          "MG Road",
          "Central",
          "Chandni Chowk",
          "Esplanade",
          "Park Street",
          "Maidan",
          "Rabindra Sadan",
          "Bhowanipore",
          "Hazra",
          "Kalighat",
          "Rashbehari",
          "Rabindra Sarovar",
          "Tollygunge Phari",
          "Anwar Shah Road",
          "Lake Gardens",
          "South City",
          "Jadavpur PS",
          "Saheed Nagar",
          "Sapuipara",
          "Kalikapur",
          "EM Bypass",
          "Ruby",
          "Acropolis Mall",
          "Dhanmath"
        ],
        "category": "bus_route",
        "pujaStatus": "Diverted Corridor",
        "divertedPath": "Rashbehari Avenue",
        "glowColor": "#F59E0B",
        "lineColor": "#06B6D4"
      }
    },
    {
      "type": "Feature",
      "id": "BUS_RT_064",
      "geometry": {
        "type": "LineString",
        "coordinates": [
          [
            88.3315,
            22.5245
          ],
          [
            88.336018,
            22.549371
          ],
          [
            88.343727,
            22.576156
          ],
          [
            88.346273,
            22.599844
          ],
          [
            88.353982,
            22.626629
          ],
          [
            88.3585,
            22.6515
          ],
          [
            88.3465,
            22.6485
          ],
          [
            88.3575,
            22.6322
          ],
          [
            88.3385,
            22.6185
          ],
          [
            88.3475,
            22.6045
          ],
          [
            88.3435,
            22.5915
          ],
          [
            88.3431,
            22.5855
          ]
        ]
      },
      "properties": {
        "routeId": "BUS_RT_064",
        "routeNo": "51",
        "routeName": "51 (Howrah Station)",
        "origin": "Pardankuni",
        "destination": "Howrah Station",
        "stopCount": 12,
        "stops": [
          "Pardankuni",
          "Delhi Road",
          "Dankuni Housing",
          "Rajchandrapur",
          "Ballyhalt",
          "Ballykhal",
          "Bally Bazar",
          "Belurmath",
          "Liluah",
          "Bandha Ghat",
          "Golabarai PS",
          "Howrah Station"
        ],
        "category": "bus_route",
        "pujaStatus": "Suburban Feeder / Truncated",
        "divertedPath": "Esplanade",
        "glowColor": "#F59E0B",
        "lineColor": "#06B6D4"
      }
    },
    {
      "type": "Feature",
      "id": "BUS_RT_065",
      "geometry": {
        "type": "LineString",
        "coordinates": [
          [
            88.3085,
            22.5785
          ],
          [
            88.311083,
            22.577383
          ],
          [
            88.316466,
            22.577946
          ],
          [
            88.317,
            22.5756
          ],
          [
            88.323132,
            22.576612
          ],
          [
            88.324417,
            22.574717
          ],
          [
            88.3285,
            22.5745
          ],
          [
            88.3248,
            22.5835
          ],
          [
            88.3431,
            22.5855
          ],
          [
            88.3535,
            22.5835
          ],
          [
            88.3485,
            22.5715
          ],
          [
            88.3516,
            22.5645
          ]
        ]
      },
      "properties": {
        "routeId": "BUS_RT_065",
        "routeNo": "52",
        "routeName": "52 (Esplanade)",
        "origin": "Ramrajatala",
        "destination": "Esplanade",
        "stopCount": 12,
        "stops": [
          "Ramrajatala",
          "Natun Rasta",
          "Dalalpukur",
          "Surkikal",
          "Shyamasree",
          "Kalibabu Bazar",
          "Mallick Fatak",
          "Howrah Maidan",
          "Howrah Station",
          "Barabazar",
          "BBD Bag",
          "Esplanade"
        ],
        "category": "bus_route",
        "pujaStatus": "Regulated Entry",
        "divertedPath": "Barabazar",
        "glowColor": "#F59E0B",
        "lineColor": "#06B6D4"
      }
    },
    {
      "type": "Feature",
      "id": "BUS_RT_066",
      "geometry": {
        "type": "LineString",
        "coordinates": [
          [
            88.3585,
            22.6515
          ],
          [
            88.3465,
            22.6485
          ],
          [
            88.3575,
            22.6322
          ],
          [
            88.3385,
            22.6185
          ],
          [
            88.3415,
            22.6106
          ],
          [
            88.3475,
            22.6045
          ],
          [
            88.3435,
            22.5915
          ],
          [
            88.3431,
            22.5855
          ],
          [
            88.3535,
            22.5835
          ],
          [
            88.3485,
            22.5715
          ],
          [
            88.3516,
            22.5645
          ]
        ]
      },
      "properties": {
        "routeId": "BUS_RT_066",
        "routeNo": "54",
        "routeName": "54 (Esplanade)",
        "origin": "Ballykhal",
        "destination": "Esplanade",
        "stopCount": 11,
        "stops": [
          "Ballykhal",
          "Bally Bazar",
          "Belurmath",
          "Liluah",
          "Malipanchghara",
          "Bandha Ghat",
          "Golabarai PS",
          "Howrah Station",
          "Barabazar",
          "BBD Bag",
          "Esplanade"
        ],
        "category": "bus_route",
        "pujaStatus": "Suburban Feeder / Truncated",
        "divertedPath": "Esplanade",
        "glowColor": "#F59E0B",
        "lineColor": "#06B6D4"
      }
    },
    {
      "type": "Feature",
      "id": "BUS_RT_067",
      "geometry": {
        "type": "LineString",
        "coordinates": [
          [
            88.2965,
            22.5565
          ],
          [
            88.3015,
            22.5581
          ],
          [
            88.3095,
            22.5615
          ],
          [
            88.3155,
            22.5641
          ],
          [
            88.3245,
            22.5685
          ],
          [
            88.3285,
            22.5745
          ],
          [
            88.3248,
            22.5835
          ],
          [
            88.3431,
            22.5855
          ],
          [
            88.3535,
            22.5835
          ],
          [
            88.3485,
            22.5715
          ],
          [
            88.3516,
            22.5645
          ]
        ]
      },
      "properties": {
        "routeId": "BUS_RT_067",
        "routeNo": "55",
        "routeName": "55 (Esplanade)",
        "origin": "B Garden",
        "destination": "Esplanade",
        "stopCount": 11,
        "stops": [
          "B Garden",
          "Shalimar Station",
          "Bataitala Phari",
          "Kazipara",
          "Shibpur Bazar",
          "Mallick Fatak",
          "Howrah Maidan",
          "Howrah Station",
          "Barabazar",
          "BBD Bag",
          "Esplanade"
        ],
        "category": "bus_route",
        "pujaStatus": "Regulated Entry",
        "divertedPath": "Barabazar",
        "glowColor": "#F59E0B",
        "lineColor": "#06B6D4"
      }
    },
    {
      "type": "Feature",
      "id": "BUS_RT_068",
      "geometry": {
        "type": "LineString",
        "coordinates": [
          [
            88.3315,
            22.5245
          ],
          [
            88.3285,
            22.5745
          ],
          [
            88.3248,
            22.5835
          ],
          [
            88.3431,
            22.5855
          ],
          [
            88.3535,
            22.5835
          ],
          [
            88.3485,
            22.5715
          ],
          [
            88.3516,
            22.5645
          ]
        ]
      },
      "properties": {
        "routeId": "BUS_RT_068",
        "routeNo": "55A",
        "routeName": "55A (Esplanade)",
        "origin": "Shibpur Td",
        "destination": "Esplanade",
        "stopCount": 7,
        "stops": [
          "Shibpur Td",
          "Mallick Fatak",
          "Howrah Maidan",
          "Howrah Station",
          "Barabazar",
          "BBD Bag",
          "Esplanade"
        ],
        "category": "bus_route",
        "pujaStatus": "Regulated Entry",
        "divertedPath": "Barabazar",
        "glowColor": "#F59E0B",
        "lineColor": "#06B6D4"
      }
    },
    {
      "type": "Feature",
      "id": "BUS_RT_069",
      "geometry": {
        "type": "LineString",
        "coordinates": [
          [
            88.3315,
            22.5245
          ],
          [
            88.336563,
            22.542253
          ],
          [
            88.344102,
            22.56149
          ],
          [
            88.347181,
            22.578052
          ],
          [
            88.355819,
            22.597948
          ],
          [
            88.358898,
            22.61451
          ],
          [
            88.366437,
            22.633747
          ],
          [
            88.3715,
            22.6515
          ],
          [
            88.3562,
            22.6548
          ],
          [
            88.3585,
            22.6515
          ],
          [
            88.3465,
            22.6485
          ],
          [
            88.3575,
            22.6322
          ],
          [
            88.3385,
            22.6185
          ],
          [
            88.3475,
            22.6045
          ],
          [
            88.3435,
            22.5915
          ],
          [
            88.3431,
            22.5855
          ]
        ]
      },
      "properties": {
        "routeId": "BUS_RT_069",
        "routeNo": "56",
        "routeName": "56 (Howrah Station)",
        "origin": "Ruiya Purbapara",
        "destination": "Howrah Station",
        "stopCount": 16,
        "stops": [
          "Ruiya Purbapara",
          "Doperia",
          "Kalyan Nagar",
          "Rashmoni",
          "Sodepur Station",
          "Kamarhati",
          "Rathtala",
          "Dunlop",
          "Dakshineswar",
          "Ballykhal",
          "Bally Bazar",
          "Belurmath",
          "Liluah",
          "Bandha Ghat",
          "Golabarai PS",
          "Howrah Station"
        ],
        "category": "bus_route",
        "pujaStatus": "Suburban Feeder / Truncated",
        "divertedPath": "Esplanade",
        "glowColor": "#F59E0B",
        "lineColor": "#06B6D4"
      }
    },
    {
      "type": "Feature",
      "id": "BUS_RT_070",
      "geometry": {
        "type": "LineString",
        "coordinates": [
          [
            88.3315,
            22.5245
          ],
          [
            88.354,
            22.5651
          ],
          [
            88.3795,
            22.6075
          ],
          [
            88.35065,
            22.5946
          ],
          [
            88.3248,
            22.5835
          ],
          [
            88.3431,
            22.5855
          ],
          [
            88.3535,
            22.5835
          ],
          [
            88.3485,
            22.5715
          ],
          [
            88.3516,
            22.5645
          ]
        ]
      },
      "properties": {
        "routeId": "BUS_RT_070",
        "routeNo": "57",
        "routeName": "57 (Esplanade)",
        "origin": "Kona",
        "destination": "Esplanade",
        "stopCount": 9,
        "stops": [
          "Kona",
          "Biradingi",
          "Belgachia",
          "Tikiapara Bypass",
          "Howrah Maidan",
          "Howrah Station",
          "Barabazar",
          "BBD Bag",
          "Esplanade"
        ],
        "category": "bus_route",
        "pujaStatus": "Regulated Entry",
        "divertedPath": "Barabazar",
        "glowColor": "#F59E0B",
        "lineColor": "#06B6D4"
      }
    },
    {
      "type": "Feature",
      "id": "BUS_RT_071",
      "geometry": {
        "type": "LineString",
        "coordinates": [
          [
            88.3315,
            22.5245
          ],
          [
            88.337706,
            22.535967
          ],
          [
            88.346387,
            22.548918
          ],
          [
            88.350609,
            22.559194
          ],
          [
            88.360391,
            22.572806
          ],
          [
            88.364613,
            22.583082
          ],
          [
            88.373294,
            22.596033
          ],
          [
            88.3795,
            22.6075
          ],
          [
            88.359,
            22.6021
          ],
          [
            88.3415,
            22.5985
          ],
          [
            88.3475,
            22.6045
          ],
          [
            88.3435,
            22.5915
          ],
          [
            88.3365,
            22.5895
          ],
          [
            88.3431,
            22.5855
          ]
        ]
      },
      "properties": {
        "routeId": "BUS_RT_071",
        "routeNo": "57A",
        "routeName": "57A (Howrah Station)",
        "origin": "Chanditala",
        "destination": "Howrah Station",
        "stopCount": 14,
        "stops": [
          "Chanditala",
          "Kalipur",
          "Jagadishpur",
          "Chamrail",
          "Eksara",
          "Kona",
          "Biradingi",
          "Belgachia",
          "Bamangachi",
          "Salkia Chowrasta",
          "Bandha Ghat",
          "Golabarai PS",
          "Pilkhana",
          "Howrah Station"
        ],
        "category": "bus_route",
        "pujaStatus": "Suburban Feeder / Truncated",
        "divertedPath": "Esplanade",
        "glowColor": "#F59E0B",
        "lineColor": "#06B6D4"
      }
    },
    {
      "type": "Feature",
      "id": "BUS_RT_072",
      "geometry": {
        "type": "LineString",
        "coordinates": [
          [
            88.3315,
            22.5245
          ],
          [
            88.17,
            22.5521
          ],
          [
            88.0115,
            22.5815
          ],
          [
            88.159,
            22.5706
          ],
          [
            88.3095,
            22.5615
          ],
          [
            88.3155,
            22.5641
          ],
          [
            88.3245,
            22.5685
          ],
          [
            88.3285,
            22.5745
          ],
          [
            88.3248,
            22.5835
          ],
          [
            88.3431,
            22.5855
          ],
          [
            88.3535,
            22.5835
          ],
          [
            88.3485,
            22.5715
          ],
          [
            88.3516,
            22.5645
          ]
        ]
      },
      "properties": {
        "routeId": "BUS_RT_072",
        "routeNo": "59",
        "routeName": "59 (Esplanade)",
        "origin": "Bakultala",
        "destination": "Esplanade",
        "stopCount": 13,
        "stops": [
          "Bakultala",
          "Danesh Shaikh Lane",
          "Amtala Phari",
          "Narayana Hospital",
          "Bataitala Phari",
          "Kazipara",
          "Shibpur Bazar",
          "Mallick Fatak",
          "Howrah Maidan",
          "Howrah Station",
          "Barabazar",
          "BBD Bag",
          "Esplanade"
        ],
        "category": "bus_route",
        "pujaStatus": "Suburban Feeder / Truncated",
        "divertedPath": "Esplanade",
        "glowColor": "#F59E0B",
        "lineColor": "#06B6D4"
      }
    },
    {
      "type": "Feature",
      "id": "BUS_RT_073",
      "geometry": {
        "type": "LineString",
        "coordinates": [
          [
            88.2415,
            22.5515
          ],
          [
            88.212176,
            22.554906
          ],
          [
            88.185061,
            22.559636
          ],
          [
            88.153864,
            22.561919
          ],
          [
            88.128,
            22.5674
          ],
          [
            88.096364,
            22.569419
          ],
          [
            88.070061,
            22.574636
          ],
          [
            88.039676,
            22.577406
          ],
          [
            88.0115,
            22.5815
          ],
          [
            88.159,
            22.5706
          ],
          [
            88.3095,
            22.5615
          ],
          [
            88.313201,
            22.563054
          ],
          [
            88.320799,
            22.566946
          ],
          [
            88.3245,
            22.5685
          ],
          [
            88.3285,
            22.5745
          ],
          [
            88.3248,
            22.5835
          ],
          [
            88.3431,
            22.5855
          ]
        ]
      },
      "properties": {
        "routeId": "BUS_RT_073",
        "routeNo": "61",
        "routeName": "61 (Howrah Station)",
        "origin": "Alampur",
        "destination": "Howrah Station",
        "stopCount": 17,
        "stops": [
          "Alampur",
          "Argori",
          "Andul Bazar",
          "Mourigram",
          "Chunavati",
          "Hanskhali Pole",
          "Bakultala",
          "Danesh Shaikh Lane",
          "Amtala Phari",
          "Narayana Hospital",
          "Bataitala Phari",
          "Kazipara",
          "Avani Mall",
          "Shibpur Bazar",
          "Mallick Fatak",
          "Howrah Maidan",
          "Howrah Station"
        ],
        "category": "bus_route",
        "pujaStatus": "Regulated Entry",
        "divertedPath": "Barabazar",
        "glowColor": "#F59E0B",
        "lineColor": "#06B6D4"
      }
    },
    {
      "type": "Feature",
      "id": "BUS_RT_074",
      "geometry": {
        "type": "LineString",
        "coordinates": [
          [
            88.2185,
            22.6415
          ],
          [
            88.231534,
            22.631721
          ],
          [
            88.248466,
            22.624279
          ],
          [
            88.2615,
            22.6145
          ],
          [
            88.2815,
            22.6045
          ],
          [
            88.285,
            22.5986
          ],
          [
            88.2915,
            22.5945
          ],
          [
            88.3015,
            22.5845
          ],
          [
            88.307968,
            22.583388
          ],
          [
            88.318332,
            22.584612
          ],
          [
            88.3248,
            22.5835
          ],
          [
            88.3431,
            22.5855
          ]
        ]
      },
      "properties": {
        "routeId": "BUS_RT_074",
        "routeNo": "63",
        "routeName": "63 (Howrah Station)",
        "origin": "Domjur",
        "destination": "Howrah Station",
        "stopCount": 12,
        "stops": [
          "Domjur",
          "Makardaha",
          "Katlia",
          "Salap",
          "Bankra Bazar",
          "Japani Gate",
          "Baltikuri",
          "Dasnagar",
          "Shanpur",
          "Tikiapara Bypass",
          "Howrah Maidan",
          "Howrah Station"
        ],
        "category": "bus_route",
        "pujaStatus": "Regulated Entry",
        "divertedPath": "Barabazar",
        "glowColor": "#F59E0B",
        "lineColor": "#06B6D4"
      }
    },
    {
      "type": "Feature",
      "id": "BUS_RT_075",
      "geometry": {
        "type": "LineString",
        "coordinates": [
          [
            88.3315,
            22.5245
          ],
          [
            88.342534,
            22.536821
          ],
          [
            88.357466,
            22.551479
          ],
          [
            88.3685,
            22.5638
          ]
        ]
      },
      "properties": {
        "routeId": "BUS_RT_075",
        "routeNo": "64",
        "routeName": "64 (Kulgachia)",
        "origin": "Tulshiberia",
        "destination": "Kulgachia",
        "stopCount": 4,
        "stops": [
          "Tulshiberia",
          "Kamina",
          "Mahishrekha",
          "Kulgachia"
        ],
        "category": "bus_route",
        "pujaStatus": "Suburban Feeder / Truncated",
        "divertedPath": "Esplanade",
        "glowColor": "#F59E0B",
        "lineColor": "#06B6D4"
      }
    },
    {
      "type": "Feature",
      "id": "BUS_RT_076",
      "geometry": {
        "type": "LineString",
        "coordinates": [
          [
            87.9715,
            22.4685
          ],
          [
            87.974521,
            22.46298
          ],
          [
            87.978777,
            22.458199
          ],
          [
            87.980618,
            22.451971
          ],
          [
            87.985948,
            22.447836
          ],
          [
            87.986868,
            22.441054
          ],
          [
            87.992927,
            22.437356
          ],
          [
            87.993341,
            22.430272
          ],
          [
            87.999659,
            22.426728
          ],
          [
            88.000073,
            22.419644
          ],
          [
            88.006132,
            22.415946
          ],
          [
            88.007052,
            22.409164
          ],
          [
            88.012382,
            22.405029
          ],
          [
            88.014223,
            22.398801
          ],
          [
            88.018479,
            22.39402
          ],
          [
            88.0215,
            22.3885
          ]
        ]
      },
      "properties": {
        "routeId": "BUS_RT_076",
        "routeNo": "67",
        "routeName": "67 (Shibgunge)",
        "origin": "Bagnan",
        "destination": "Shibgunge",
        "stopCount": 16,
        "stops": [
          "Bagnan",
          "Khalore",
          "Antila Bridge",
          "Bantul",
          "Nuntia",
          "Mugkalyan",
          "Noul Bazar",
          "Deorah",
          "Shasati",
          "Belpukur",
          "Hoglashi",
          "Kanthalibar",
          "Shyampur",
          "Narikelabar",
          "Bhagabanpur",
          "Shibgunge"
        ],
        "category": "bus_route",
        "pujaStatus": "Regulated Entry",
        "divertedPath": "Barabazar",
        "glowColor": "#F59E0B",
        "lineColor": "#06B6D4"
      }
    },
    {
      "type": "Feature",
      "id": "BUS_RT_077",
      "geometry": {
        "type": "LineString",
        "coordinates": [
          [
            87.9715,
            22.4685
          ],
          [
            87.975582,
            22.452699
          ],
          [
            87.980824,
            22.437594
          ],
          [
            87.983792,
            22.421125
          ],
          [
            87.990061,
            22.406636
          ],
          [
            87.992128,
            22.389627
          ],
          [
            87.999136,
            22.375581
          ],
          [
            88.000654,
            22.358242
          ],
          [
            88.008,
            22.3444
          ],
          [
            88.009404,
            22.326992
          ],
          [
            88.016636,
            22.313081
          ],
          [
            88.018378,
            22.295877
          ],
          [
            88.025061,
            22.281636
          ],
          [
            88.027542,
            22.264875
          ],
          [
            88.033324,
            22.250094
          ],
          [
            88.036832,
            22.233949
          ],
          [
            88.0415,
            22.2185
          ]
        ]
      },
      "properties": {
        "routeId": "BUS_RT_077",
        "routeNo": "67A",
        "routeName": "67A (Gadiara)",
        "origin": "Bagnan",
        "destination": "Gadiara",
        "stopCount": 17,
        "stops": [
          "Bagnan",
          "Khalore",
          "Antila Bridge",
          "Bantul",
          "Nuntia",
          "Mugkalyan",
          "Noul Bazar",
          "Deorah",
          "Shasati",
          "Belpukur",
          "Hoglashi",
          "Kanthalibar",
          "Shyampur",
          "Sitalpur",
          "Gohaldaha",
          "Gujarpur",
          "Gadiara"
        ],
        "category": "bus_route",
        "pujaStatus": "Regulated Entry",
        "divertedPath": "Barabazar",
        "glowColor": "#F59E0B",
        "lineColor": "#06B6D4"
      }
    },
    {
      "type": "Feature",
      "id": "BUS_RT_078",
      "geometry": {
        "type": "LineString",
        "coordinates": [
          [
            87.9715,
            22.4685
          ],
          [
            87.978521,
            22.455646
          ],
          [
            87.986777,
            22.443533
          ],
          [
            87.992618,
            22.429971
          ],
          [
            88.001948,
            22.418502
          ],
          [
            88.006868,
            22.404388
          ],
          [
            88.016927,
            22.393356
          ],
          [
            88.021341,
            22.378938
          ],
          [
            88.031659,
            22.368062
          ],
          [
            88.036073,
            22.353644
          ],
          [
            88.046132,
            22.342612
          ],
          [
            88.051052,
            22.328498
          ],
          [
            88.060382,
            22.317029
          ],
          [
            88.066223,
            22.303467
          ],
          [
            88.074479,
            22.291354
          ],
          [
            88.0815,
            22.2785
          ]
        ]
      },
      "properties": {
        "routeId": "BUS_RT_078",
        "routeNo": "67B",
        "routeName": "67B (58 Gate)",
        "origin": "Bagnan",
        "destination": "58 Gate",
        "stopCount": 16,
        "stops": [
          "Bagnan",
          "Khalore",
          "Antila Bridge",
          "Bantul",
          "Nuntia",
          "Mugkalyan",
          "Noul Bazar",
          "Deorah",
          "Shasati",
          "Belpukur",
          "Hoglashi",
          "Kanthalibar",
          "Shyampur",
          "Kharuberia",
          "Garchumuk",
          "58 Gate"
        ],
        "category": "bus_route",
        "pujaStatus": "Regulated Entry",
        "divertedPath": "Barabazar",
        "glowColor": "#F59E0B",
        "lineColor": "#06B6D4"
      }
    },
    {
      "type": "Feature",
      "id": "BUS_RT_079",
      "geometry": {
        "type": "LineString",
        "coordinates": [
          [
            87.9715,
            22.4685
          ],
          [
            87.97191,
            22.465208
          ],
          [
            87.973735,
            22.462764
          ],
          [
            87.972813,
            22.458672
          ],
          [
            87.975811,
            22.456933
          ],
          [
            87.973943,
            22.452273
          ],
          [
            87.977604,
            22.450931
          ],
          [
            87.975396,
            22.446069
          ],
          [
            87.979057,
            22.444727
          ],
          [
            87.977189,
            22.440067
          ],
          [
            87.980187,
            22.438328
          ],
          [
            87.979265,
            22.434236
          ],
          [
            87.98109,
            22.431792
          ],
          [
            87.9815,
            22.4285
          ]
        ]
      },
      "properties": {
        "routeId": "BUS_RT_079",
        "routeNo": "68",
        "routeName": "68 (Kamalpur)",
        "origin": "Bagnan",
        "destination": "Kamalpur",
        "stopCount": 14,
        "stops": [
          "Bagnan",
          "Khalore",
          "Antila Bridge",
          "Bantul",
          "Nuntia",
          "Mugkalyan",
          "Noul Bazar",
          "Deorah",
          "Shasati",
          "Belpukur",
          "Hoglashi",
          "Shrikole",
          "Radhapur",
          "Kamalpur"
        ],
        "category": "bus_route",
        "pujaStatus": "Regulated Entry",
        "divertedPath": "Barabazar",
        "glowColor": "#F59E0B",
        "lineColor": "#06B6D4"
      }
    },
    {
      "type": "Feature",
      "id": "BUS_RT_080",
      "geometry": {
        "type": "LineString",
        "coordinates": [
          [
            88.3315,
            22.5245
          ],
          [
            88.290926,
            22.531281
          ],
          [
            88.252561,
            22.539386
          ],
          [
            88.210114,
            22.545044
          ],
          [
            88.173,
            22.5539
          ],
          [
            88.130114,
            22.559294
          ],
          [
            88.092561,
            22.567886
          ],
          [
            88.050926,
            22.574031
          ],
          [
            88.0115,
            22.5815
          ],
          [
            88.159,
            22.5706
          ],
          [
            88.3095,
            22.5615
          ],
          [
            88.3155,
            22.5641
          ],
          [
            88.3245,
            22.5685
          ],
          [
            88.3285,
            22.5745
          ],
          [
            88.3248,
            22.5835
          ]
        ]
      },
      "properties": {
        "routeId": "BUS_RT_080",
        "routeNo": "69",
        "routeName": "69 (Howrah Station)",
        "origin": "Sankrail",
        "destination": "Howrah Station",
        "stopCount": 15,
        "stops": [
          "Sankrail",
          "Chapatala",
          "Rajgunge",
          "Radhadashi",
          "Podra Bazar",
          "Nazirgunge",
          "Bakultala",
          "Danesh Shaikh Lane",
          "Amtala Phari",
          "Narayana Hospital",
          "Bataitala Phari",
          "Kazipara",
          "Shibpur Bazar",
          "Mallick Fatak",
          "Howrah Maidan"
        ],
        "category": "bus_route",
        "pujaStatus": "Regulated Entry",
        "divertedPath": "Barabazar",
        "glowColor": "#F59E0B",
        "lineColor": "#06B6D4"
      }
    },
    {
      "type": "Feature",
      "id": "BUS_RT_081",
      "geometry": {
        "type": "LineString",
        "coordinates": [
          [
            88.3524,
            22.5516
          ],
          [
            88.3516,
            22.5645
          ],
          [
            88.3435,
            22.5646
          ],
          [
            88.3411,
            22.5678
          ],
          [
            88.3535,
            22.5835
          ],
          [
            88.3431,
            22.5855
          ],
          [
            88.3248,
            22.5835
          ]
        ]
      },
      "properties": {
        "routeId": "BUS_RT_081",
        "routeNo": "C",
        "routeName": "C (Howrah Maidan)",
        "origin": "Park Street",
        "destination": "Howrah Maidan",
        "stopCount": 7,
        "stops": [
          "Park Street",
          "Esplanade",
          "Eden Gardens",
          "Babughat",
          "Barabazar",
          "Howrah Station",
          "Howrah Maidan"
        ],
        "category": "bus_route",
        "pujaStatus": "Suburban Feeder / Truncated",
        "divertedPath": "Esplanade",
        "glowColor": "#F59E0B",
        "lineColor": "#06B6D4"
      }
    },
    {
      "type": "Feature",
      "id": "BUS_RT_082",
      "geometry": {
        "type": "LineString",
        "coordinates": [
          [
            88.4285,
            22.4415
          ],
          [
            88.421818,
            22.452971
          ],
          [
            88.418327,
            22.466356
          ],
          [
            88.409673,
            22.476644
          ],
          [
            88.406182,
            22.490029
          ],
          [
            88.3995,
            22.5015
          ],
          [
            88.410215,
            22.501709
          ],
          [
            88.421864,
            22.502478
          ],
          [
            88.431669,
            22.502141
          ],
          [
            88.444182,
            22.503429
          ],
          [
            88.453189,
            22.502614
          ],
          [
            88.466414,
            22.504328
          ],
          [
            88.474813,
            22.503148
          ],
          [
            88.488527,
            22.505156
          ],
          [
            88.496568,
            22.503761
          ],
          [
            88.5105,
            22.5059
          ],
          [
            88.518468,
            22.504461
          ],
          [
            88.532327,
            22.506556
          ],
          [
            88.540513,
            22.505248
          ],
          [
            88.554014,
            22.507128
          ],
          [
            88.562689,
            22.506114
          ],
          [
            88.575582,
            22.507629
          ],
          [
            88.584969,
            22.507041
          ],
          [
            88.597064,
            22.508078
          ],
          [
            88.607315,
            22.508009
          ],
          [
            88.6185,
            22.5085
          ]
        ]
      },
      "properties": {
        "routeId": "BUS_RT_082",
        "routeNo": "SD-3",
        "routeName": "SD-3 (Ghatakpukur)",
        "origin": "Sonarpur",
        "destination": "Ghatakpukur",
        "stopCount": 26,
        "stops": [
          "Sonarpur",
          "Ghasiara",
          "Ramchandrapur",
          "Arapanch",
          "Natagachi",
          "Kalikapur",
          "Tematha",
          "Chakberia",
          "Makrampur",
          "Khirishtala",
          "Prasadpur",
          "Sundia",
          "Sanksaharpukur",
          "Chandaneshwar",
          "Jhautala",
          "Sobedatala",
          "Sondalia Bablatala",
          "Badir",
          "Situri",
          "Kalitala",
          "Patkelpota",
          "Bodra",
          "Nimtala",
          "Saihati",
          "Jagulgachi",
          "Ghatakpukur"
        ],
        "category": "bus_route",
        "pujaStatus": "Suburban Feeder / Truncated",
        "divertedPath": "Esplanade",
        "glowColor": "#F59E0B",
        "lineColor": "#06B6D4"
      }
    },
    {
      "type": "Feature",
      "id": "BUS_RT_083",
      "geometry": {
        "type": "LineString",
        "coordinates": [
          [
            88.3085,
            22.4685
          ],
          [
            88.3095,
            22.4785
          ],
          [
            88.3105,
            22.4845
          ],
          [
            88.3115,
            22.4925
          ],
          [
            88.3145,
            22.5015
          ],
          [
            88.3185,
            22.5085
          ],
          [
            88.3285,
            22.5105
          ],
          [
            88.3325,
            22.5045
          ],
          [
            88.3455,
            22.5085
          ],
          [
            88.3515,
            22.5115
          ],
          [
            88.3485,
            22.5185
          ],
          [
            88.3585,
            22.5185
          ],
          [
            88.3545,
            22.5145
          ],
          [
            88.3665,
            22.5115
          ],
          [
            88.3665,
            22.5055
          ],
          [
            88.3685,
            22.4985
          ],
          [
            88.373868,
            22.495721
          ],
          [
            88.383132,
            22.495279
          ],
          [
            88.3885,
            22.4925
          ]
        ]
      },
      "properties": {
        "routeId": "BUS_RT_083",
        "routeNo": "SD-4",
        "routeName": "SD-4 (Sapuipara)",
        "origin": "Thakurpukur",
        "destination": "Sapuipara",
        "stopCount": 19,
        "stops": [
          "Thakurpukur",
          "Shilpara",
          "Sakher Bazar",
          "Behala Chowrasta",
          "Behala 14 No",
          "Taratala",
          "New Alipore",
          "Mahabirtala",
          "Tollygunge Phari",
          "Rabindra Sarovar",
          "Rashbehari",
          "Deshapriya Park",
          "Southern Avenue",
          "Golpark",
          "Dhakuria",
          "Jadavpur 8B",
          "Palbazar",
          "Garfa Road",
          "Sapuipara"
        ],
        "category": "bus_route",
        "pujaStatus": "Rerouted via James Long Sarani",
        "divertedPath": "Manton",
        "glowColor": "#F59E0B",
        "lineColor": "#06B6D4"
      }
    },
    {
      "type": "Feature",
      "id": "BUS_RT_084",
      "geometry": {
        "type": "LineString",
        "coordinates": [
          [
            88.4285,
            22.4415
          ],
          [
            88.422051,
            22.444531
          ],
          [
            88.417811,
            22.448886
          ],
          [
            88.409489,
            22.450794
          ],
          [
            88.4065,
            22.4559
          ],
          [
            88.397739,
            22.457544
          ],
          [
            88.394311,
            22.462386
          ],
          [
            88.386801,
            22.464781
          ],
          [
            88.3815,
            22.4685
          ],
          [
            88.3685,
            22.4745
          ],
          [
            88.3595,
            22.4785
          ],
          [
            88.3565,
            22.4855
          ],
          [
            88.3515,
            22.4895
          ],
          [
            88.3485,
            22.4945
          ],
          [
            88.3445,
            22.4985
          ],
          [
            88.3325,
            22.5045
          ],
          [
            88.3285,
            22.5105
          ],
          [
            88.3185,
            22.5085
          ],
          [
            88.3145,
            22.5015
          ],
          [
            88.3115,
            22.4925
          ],
          [
            88.3105,
            22.4845
          ],
          [
            88.3095,
            22.4785
          ],
          [
            88.3085,
            22.4685
          ],
          [
            88.3015,
            22.4515
          ],
          [
            88.2945,
            22.4385
          ],
          [
            88.33,
            22.50025
          ],
          [
            88.3685,
            22.5638
          ]
        ]
      },
      "properties": {
        "routeId": "BUS_RT_084",
        "routeNo": "SD-5",
        "routeName": "SD-5 (Khariberia)",
        "origin": "Sonarpur Station",
        "destination": "Khariberia",
        "stopCount": 27,
        "stops": [
          "Sonarpur Station",
          "Power House",
          "Iimc Hospital",
          "Mission Pally",
          "Shimultala",
          "Karbala",
          "Kamalgazi",
          "Mahamayatala",
          "Garia Metro",
          "Naktala",
          "Bansdroni",
          "Netaji Nagar",
          "Ranikuthi",
          "Malancha Cinema",
          "Tollygunge Metro",
          "Mahabirtala",
          "New Alipore",
          "Taratala",
          "Behala 14 No",
          "Behala Chowrasta",
          "Sakher Bazar",
          "Shilpara",
          "Thakurpukur",
          "Joka Bridge",
          "Pailan",
          "Bhasha 14no",
          "Khariberia"
        ],
        "category": "bus_route",
        "pujaStatus": "Suburban Feeder / Truncated",
        "divertedPath": "Esplanade",
        "glowColor": "#F59E0B",
        "lineColor": "#06B6D4"
      }
    },
    {
      "type": "Feature",
      "id": "BUS_RT_085",
      "geometry": {
        "type": "LineString",
        "coordinates": [
          [
            88.3315,
            22.5245
          ],
          [
            88.324618,
            22.509371
          ],
          [
            88.320927,
            22.496156
          ],
          [
            88.312073,
            22.479844
          ],
          [
            88.308382,
            22.466629
          ],
          [
            88.3015,
            22.4515
          ],
          [
            88.3085,
            22.4685
          ],
          [
            88.3095,
            22.4785
          ],
          [
            88.3105,
            22.4845
          ],
          [
            88.3115,
            22.4925
          ],
          [
            88.3145,
            22.5015
          ],
          [
            88.3215,
            22.5155
          ],
          [
            88.3245,
            22.5245
          ],
          [
            88.3345,
            22.5256
          ],
          [
            88.3475,
            22.5285
          ],
          [
            88.3445,
            22.5205
          ],
          [
            88.3485,
            22.5185
          ],
          [
            88.3585,
            22.5185
          ],
          [
            88.3654,
            22.5185
          ],
          [
            88.3695,
            22.5215
          ],
          [
            88.367868,
            22.534821
          ],
          [
            88.370132,
            22.550479
          ],
          [
            88.3685,
            22.5638
          ]
        ]
      },
      "properties": {
        "routeId": "BUS_RT_085",
        "routeNo": "SD-8",
        "routeName": "SD-8 (Nandi Bagan)",
        "origin": "Bibirhat",
        "destination": "Nandi Bagan",
        "stopCount": 23,
        "stops": [
          "Bibirhat",
          "Shamukpota",
          "Shamali",
          "Rasapunja",
          "Hanspukur",
          "Joka Bridge",
          "Thakurpukur",
          "Shilpara",
          "Sakher Bazar",
          "Behala Chowrasta",
          "Behala 14 No",
          "Majherhat",
          "Mominpore",
          "Alipore Court",
          "Hazra",
          "Kalighat",
          "Rashbehari",
          "Deshapriya Park",
          "Gariahat",
          "Ballygunge Station",
          "Kasba Post Office",
          "Haltu Bazar",
          "Nandi Bagan"
        ],
        "category": "bus_route",
        "pujaStatus": "Suburban Feeder / Truncated",
        "divertedPath": "Esplanade",
        "glowColor": "#F59E0B",
        "lineColor": "#06B6D4"
      }
    },
    {
      "type": "Feature",
      "id": "BUS_RT_086",
      "geometry": {
        "type": "LineString",
        "coordinates": [
          [
            88.3315,
            22.5245
          ],
          [
            88.312618,
            22.488771
          ],
          [
            88.296927,
            22.454956
          ],
          [
            88.276073,
            22.418044
          ],
          [
            88.260382,
            22.384229
          ],
          [
            88.2415,
            22.3485
          ],
          [
            88.2615,
            22.3785
          ],
          [
            88.268689,
            22.392864
          ],
          [
            88.2795,
            22.4094
          ],
          [
            88.285189,
            22.422864
          ],
          [
            88.2945,
            22.4385
          ],
          [
            88.3015,
            22.4515
          ],
          [
            88.3085,
            22.4685
          ],
          [
            88.3095,
            22.4785
          ],
          [
            88.3105,
            22.4845
          ],
          [
            88.3115,
            22.4925
          ],
          [
            88.3145,
            22.5015
          ],
          [
            88.3215,
            22.5155
          ],
          [
            88.3245,
            22.5245
          ],
          [
            88.33,
            22.5336
          ],
          [
            88.3385,
            22.5445
          ],
          [
            88.3435,
            22.5525
          ],
          [
            88.3516,
            22.5645
          ]
        ]
      },
      "properties": {
        "routeId": "BUS_RT_086",
        "routeNo": "SD-9",
        "routeName": "SD-9 (Esplanade)",
        "origin": "Noorpur",
        "destination": "Esplanade",
        "stopCount": 23,
        "stops": [
          "Noorpur",
          "Raichak",
          "Sarisha",
          "Dostipur",
          "Fatehpur",
          "Shirakole",
          "Amtala",
          "Bishnupur",
          "Khariberia",
          "Bhasha 14no",
          "Pailan",
          "Joka Bridge",
          "Thakurpukur",
          "Shilpara",
          "Sakher Bazar",
          "Behala Chowrasta",
          "Behala 14 No",
          "Majherhat",
          "Mominpore",
          "Bhabani Bhawan",
          "PTS",
          "Fort William",
          "Esplanade"
        ],
        "category": "bus_route",
        "pujaStatus": "Truncated / Diverted",
        "divertedPath": "Manton",
        "glowColor": "#F59E0B",
        "lineColor": "#06B6D4"
      }
    },
    {
      "type": "Feature",
      "id": "BUS_RT_087",
      "geometry": {
        "type": "LineString",
        "coordinates": [
          [
            88.3315,
            22.5245
          ],
          [
            88.313426,
            22.482281
          ],
          [
            88.297561,
            22.441386
          ],
          [
            88.277614,
            22.398044
          ],
          [
            88.263,
            22.3579
          ],
          [
            88.242614,
            22.314294
          ],
          [
            88.227561,
            22.273886
          ],
          [
            88.208426,
            22.231031
          ],
          [
            88.1915,
            22.1895
          ],
          [
            88.175439,
            22.108614
          ],
          [
            88.163,
            22.0299
          ],
          [
            88.145439,
            21.948114
          ],
          [
            88.1315,
            21.8685
          ],
          [
            88.2415,
            22.0785
          ],
          [
            88.234301,
            22.053156
          ],
          [
            88.229311,
            22.029136
          ],
          [
            88.220239,
            22.002669
          ],
          [
            88.2165,
            21.9794
          ],
          [
            88.206989,
            21.952669
          ],
          [
            88.202811,
            21.929136
          ],
          [
            88.194551,
            21.903156
          ],
          [
            88.1885,
            21.8785
          ],
          [
            88.1885,
            21.8785
          ],
          [
            88.252,
            22.2096
          ],
          [
            88.3185,
            22.5425
          ],
          [
            88.325689,
            22.353364
          ],
          [
            88.3365,
            22.1664
          ],
          [
            88.342189,
            21.976364
          ],
          [
            88.3515,
            21.7885
          ]
        ]
      },
      "properties": {
        "routeId": "BUS_RT_087",
        "routeNo": "SD-11",
        "routeName": "SD-11 (Patharpratima)",
        "origin": "Noorpur",
        "destination": "Patharpratima",
        "stopCount": 29,
        "stops": [
          "Noorpur",
          "Raichak",
          "Sarisha",
          "Kalagachia",
          "Mohanpur",
          "Kapathat",
          "Leninnagar",
          "Noongola",
          "Diamond Harbour",
          "Dalanghata",
          "Hatugunge",
          "Uttar Chandipur",
          "Kachuberia",
          "Kulpi",
          "Dakshin Ramkrishnapur",
          "Chakdulalpur",
          "Karanjali",
          "Belpukur",
          "Bhagabanpur",
          "ONGC",
          "Natun Rasta",
          "Kakdwip Station",
          "Kakdwip Bus Stand",
          "Kajoler",
          "Hospital",
          "Gangadharpur",
          "Addhabazar",
          "Milan",
          "Patharpratima"
        ],
        "category": "bus_route",
        "pujaStatus": "Rerouted via James Long Sarani",
        "divertedPath": "Manton",
        "glowColor": "#F59E0B",
        "lineColor": "#06B6D4"
      }
    },
    {
      "type": "Feature",
      "id": "BUS_RT_088",
      "geometry": {
        "type": "LineString",
        "coordinates": [
          [
            88.3315,
            22.5245
          ],
          [
            88.313426,
            22.482281
          ],
          [
            88.297561,
            22.441386
          ],
          [
            88.277614,
            22.398044
          ],
          [
            88.263,
            22.3579
          ],
          [
            88.242614,
            22.314294
          ],
          [
            88.227561,
            22.273886
          ],
          [
            88.208426,
            22.231031
          ],
          [
            88.1915,
            22.1895
          ],
          [
            88.175439,
            22.108614
          ],
          [
            88.163,
            22.0299
          ],
          [
            88.145439,
            21.948114
          ],
          [
            88.1315,
            21.8685
          ],
          [
            88.2415,
            22.0785
          ],
          [
            88.247383,
            22.064029
          ],
          [
            88.254079,
            22.050047
          ],
          [
            88.259163,
            22.035098
          ],
          [
            88.266627,
            22.021577
          ],
          [
            88.270988,
            22.006193
          ],
          [
            88.279118,
            21.993071
          ],
          [
            88.282884,
            21.97733
          ],
          [
            88.291528,
            21.964516
          ],
          [
            88.29487,
            21.948522
          ],
          [
            88.303839,
            21.935903
          ],
          [
            88.30696,
            21.919776
          ],
          [
            88.31604,
            21.907224
          ],
          [
            88.319161,
            21.891097
          ],
          [
            88.32813,
            21.878478
          ],
          [
            88.331472,
            21.862484
          ],
          [
            88.340116,
            21.84967
          ],
          [
            88.343882,
            21.833929
          ],
          [
            88.352012,
            21.820807
          ],
          [
            88.356373,
            21.805423
          ],
          [
            88.363837,
            21.791902
          ],
          [
            88.368921,
            21.776953
          ],
          [
            88.375617,
            21.762971
          ],
          [
            88.3815,
            21.7485
          ],
          [
            88.38,
            21.7476
          ],
          [
            88.3815,
            21.7485
          ]
        ]
      },
      "properties": {
        "routeId": "BUS_RT_088",
        "routeNo": "SD-11/1",
        "routeName": "SD-11/1 (Ramganga)",
        "origin": "Noorpur",
        "destination": "Ramganga",
        "stopCount": 39,
        "stops": [
          "Noorpur",
          "Raichak",
          "Sarisha",
          "Kalagachia",
          "Mohanpur",
          "Kapathat",
          "Leninnagar",
          "Noongola",
          "Diamond Harbour",
          "Dalanghata",
          "Hatugunge",
          "Uttar Chandipur",
          "Kachuberia",
          "Kulpi",
          "Tantirhat",
          "Dayarampur Bazar",
          "Lakshmikantapur Station",
          "Polerhat",
          "Gabberia",
          "Bhagabatipur",
          "Siddhiberia",
          "Patharberia",
          "Jamalpur",
          "Jagadishpur Hospital",
          "Dholahat",
          "Dakshin Birampur",
          "Bhagabanpur",
          "Chowdhury Chak",
          "Sarasberia",
          "Brahmaner",
          "Milan",
          "Rathtala",
          "Gurudaspur Hospital",
          "Tentulia Bazar",
          "Jashoda",
          "Indranarayanpur",
          "Ramganga Bdo Office",
          "Dhrubabazar",
          "Ramganga"
        ],
        "category": "bus_route",
        "pujaStatus": "Rerouted via James Long Sarani",
        "divertedPath": "Manton",
        "glowColor": "#F59E0B",
        "lineColor": "#06B6D4"
      }
    },
    {
      "type": "Feature",
      "id": "BUS_RT_089",
      "geometry": {
        "type": "LineString",
        "coordinates": [
          [
            88.3315,
            22.5245
          ],
          [
            88.31575,
            22.494717
          ],
          [
            88.302799,
            22.466612
          ],
          [
            88.285,
            22.4356
          ],
          [
            88.272799,
            22.407946
          ],
          [
            88.25575,
            22.377383
          ],
          [
            88.2415,
            22.3485
          ],
          [
            88.2615,
            22.3785
          ],
          [
            88.268689,
            22.392864
          ],
          [
            88.2795,
            22.4094
          ],
          [
            88.285189,
            22.422864
          ],
          [
            88.2945,
            22.4385
          ],
          [
            88.3015,
            22.4515
          ],
          [
            88.3085,
            22.4685
          ],
          [
            88.3095,
            22.4785
          ],
          [
            88.3105,
            22.4845
          ],
          [
            88.3115,
            22.4925
          ],
          [
            88.3145,
            22.5015
          ],
          [
            88.3185,
            22.5085
          ]
        ]
      },
      "properties": {
        "routeId": "BUS_RT_089",
        "routeNo": "SD-14",
        "routeName": "SD-14 (Taratala)",
        "origin": "Sahararhat",
        "destination": "Taratala",
        "stopCount": 19,
        "stops": [
          "Sahararhat",
          "Belsingha",
          "Harindanga",
          "Dighirpar",
          "Dostipur",
          "Fatehpur",
          "Shirakole",
          "Amtala",
          "Bishnupur",
          "Khariberia",
          "Bhasha 14no",
          "Pailan",
          "Joka Bridge",
          "Thakurpukur",
          "Shilpara",
          "Sakher Bazar",
          "Behala Chowrasta",
          "Behala 14 No",
          "Taratala"
        ],
        "category": "bus_route",
        "pujaStatus": "Suburban Feeder / Truncated",
        "divertedPath": "Esplanade",
        "glowColor": "#F59E0B",
        "lineColor": "#06B6D4"
      }
    },
    {
      "type": "Feature",
      "id": "BUS_RT_090",
      "geometry": {
        "type": "LineString",
        "coordinates": [
          [
            88.2415,
            22.3485
          ],
          [
            88.2615,
            22.3785
          ],
          [
            88.268689,
            22.392864
          ],
          [
            88.2795,
            22.4094
          ],
          [
            88.285189,
            22.422864
          ],
          [
            88.2945,
            22.4385
          ],
          [
            88.3015,
            22.4515
          ],
          [
            88.3085,
            22.4685
          ],
          [
            88.3095,
            22.4785
          ],
          [
            88.3105,
            22.4845
          ],
          [
            88.3115,
            22.4925
          ],
          [
            88.3145,
            22.5015
          ],
          [
            88.3215,
            22.5155
          ],
          [
            88.3245,
            22.5245
          ],
          [
            88.3345,
            22.5256
          ],
          [
            88.3475,
            22.5285
          ],
          [
            88.3525,
            22.5245
          ],
          [
            88.3575,
            22.5261
          ],
          [
            88.3655,
            22.5295
          ],
          [
            88.3654,
            22.5185
          ],
          [
            88.3665,
            22.5115
          ],
          [
            88.3665,
            22.5055
          ],
          [
            88.3685,
            22.4985
          ],
          [
            88.3815,
            22.4895
          ],
          [
            88.3885,
            22.4815
          ],
          [
            88.3935,
            22.4871
          ],
          [
            88.4015,
            22.4945
          ]
        ]
      },
      "properties": {
        "routeId": "BUS_RT_090",
        "routeNo": "SD-16",
        "routeName": "SD-16 (Mukundapur)",
        "origin": "Shirakole",
        "destination": "Mukundapur",
        "stopCount": 27,
        "stops": [
          "Shirakole",
          "Amtala",
          "Bishnupur",
          "Khariberia",
          "Bhasha 14no",
          "Pailan",
          "Joka Bridge",
          "Thakurpukur",
          "Shilpara",
          "Sakher Bazar",
          "Behala Chowrasta",
          "Behala 14 No",
          "Majherhat",
          "Mominpore",
          "Alipore Court",
          "Hazra",
          "Sishu Mangal",
          "Garcha Road",
          "Ballygunge Phari",
          "Gariahat",
          "Golpark",
          "Dhakuria",
          "Jadavpur 8B",
          "Santoshpur",
          "Ajaynagar",
          "EM Bypass",
          "Mukundapur"
        ],
        "category": "bus_route",
        "pujaStatus": "Diverted Corridor",
        "divertedPath": "Rashbehari Avenue",
        "glowColor": "#F59E0B",
        "lineColor": "#06B6D4"
      }
    },
    {
      "type": "Feature",
      "id": "BUS_RT_091",
      "geometry": {
        "type": "LineString",
        "coordinates": [
          [
            88.1915,
            22.1895
          ],
          [
            88.196543,
            22.206859
          ],
          [
            88.203575,
            22.225412
          ],
          [
            88.206868,
            22.241721
          ],
          [
            88.215199,
            22.261053
          ],
          [
            88.217801,
            22.276947
          ],
          [
            88.226132,
            22.296279
          ],
          [
            88.229425,
            22.312588
          ],
          [
            88.236457,
            22.331141
          ],
          [
            88.2415,
            22.3485
          ],
          [
            88.2615,
            22.3785
          ],
          [
            88.268689,
            22.392864
          ],
          [
            88.2795,
            22.4094
          ],
          [
            88.285189,
            22.422864
          ],
          [
            88.2945,
            22.4385
          ],
          [
            88.3015,
            22.4515
          ],
          [
            88.3085,
            22.4685
          ],
          [
            88.3095,
            22.4785
          ],
          [
            88.3105,
            22.4845
          ],
          [
            88.3115,
            22.4925
          ],
          [
            88.3145,
            22.5015
          ],
          [
            88.3215,
            22.5155
          ],
          [
            88.3245,
            22.5245
          ],
          [
            88.33,
            22.5336
          ],
          [
            88.3385,
            22.5445
          ],
          [
            88.3435,
            22.5525
          ],
          [
            88.3516,
            22.5645
          ]
        ]
      },
      "properties": {
        "routeId": "BUS_RT_091",
        "routeNo": "SD-18",
        "routeName": "SD-18 (Esplanade)",
        "origin": "Diamond Harbour",
        "destination": "Esplanade",
        "stopCount": 27,
        "stops": [
          "Diamond Harbour",
          "Noongola",
          "Leninnagar",
          "Kapathat",
          "Mohanpur",
          "Kalagachia",
          "Sarisha",
          "Dostipur",
          "Fatehpur",
          "Shirakole",
          "Amtala",
          "Bishnupur",
          "Khariberia",
          "Bhasha 14no",
          "Pailan",
          "Joka Bridge",
          "Thakurpukur",
          "Shilpara",
          "Sakher Bazar",
          "Behala Chowrasta",
          "Behala 14 No",
          "Majherhat",
          "Mominpore",
          "Bhabani Bhawan",
          "PTS",
          "Fort William",
          "Esplanade"
        ],
        "category": "bus_route",
        "pujaStatus": "Truncated / Diverted",
        "divertedPath": "Manton",
        "glowColor": "#F59E0B",
        "lineColor": "#06B6D4"
      }
    },
    {
      "type": "Feature",
      "id": "BUS_RT_092",
      "geometry": {
        "type": "LineString",
        "coordinates": [
          [
            88.3516,
            22.5645
          ],
          [
            88.3435,
            22.5525
          ],
          [
            88.3385,
            22.5445
          ],
          [
            88.33,
            22.5336
          ],
          [
            88.3245,
            22.5245
          ],
          [
            88.3215,
            22.5155
          ],
          [
            88.3145,
            22.5015
          ],
          [
            88.3115,
            22.4925
          ],
          [
            88.3105,
            22.4845
          ],
          [
            88.3095,
            22.4785
          ],
          [
            88.3085,
            22.4685
          ],
          [
            88.3015,
            22.4515
          ],
          [
            88.2945,
            22.4385
          ],
          [
            88.285189,
            22.422864
          ],
          [
            88.2795,
            22.4094
          ],
          [
            88.268689,
            22.392864
          ],
          [
            88.2615,
            22.3785
          ],
          [
            88.2415,
            22.3485
          ],
          [
            88.235431,
            22.330525
          ],
          [
            88.231353,
            22.313746
          ],
          [
            88.223534,
            22.294721
          ],
          [
            88.220755,
            22.278719
          ],
          [
            88.212245,
            22.259281
          ],
          [
            88.209466,
            22.243279
          ],
          [
            88.201647,
            22.224254
          ],
          [
            88.197569,
            22.207475
          ],
          [
            88.1915,
            22.1895
          ],
          [
            88.175439,
            22.108614
          ],
          [
            88.163,
            22.0299
          ],
          [
            88.145439,
            21.948114
          ],
          [
            88.1315,
            21.8685
          ],
          [
            88.2415,
            22.0785
          ],
          [
            88.234301,
            22.053156
          ],
          [
            88.229311,
            22.029136
          ],
          [
            88.220239,
            22.002669
          ],
          [
            88.2165,
            21.9794
          ],
          [
            88.206989,
            21.952669
          ],
          [
            88.202811,
            21.929136
          ],
          [
            88.194551,
            21.903156
          ],
          [
            88.1885,
            21.8785
          ],
          [
            88.1885,
            21.8785
          ],
          [
            88.252,
            22.2096
          ],
          [
            88.3185,
            22.5425
          ],
          [
            88.325689,
            22.353364
          ],
          [
            88.3365,
            22.1664
          ],
          [
            88.342189,
            21.976364
          ],
          [
            88.3515,
            21.7885
          ]
        ]
      },
      "properties": {
        "routeId": "BUS_RT_092",
        "routeNo": "SD-19",
        "routeName": "SD-19 (Patharpratima)",
        "origin": "Esplanade",
        "destination": "Patharpratima",
        "stopCount": 47,
        "stops": [
          "Esplanade",
          "Fort William",
          "PTS",
          "Bhabani Bhawan",
          "Mominpore",
          "Majherhat",
          "Behala 14 No",
          "Behala Chowrasta",
          "Sakher Bazar",
          "Shilpara",
          "Thakurpukur",
          "Joka Bridge",
          "Pailan",
          "Bhasha 14no",
          "Khariberia",
          "Bishnupur",
          "Amtala",
          "Shirakole",
          "Fatehpur",
          "Dostipur",
          "Sarisha",
          "Kalagachia",
          "Mohanpur",
          "Kapathat",
          "Leninnagar",
          "Noongola",
          "Diamond Harbour",
          "Dalanghata",
          "Hatugunge",
          "Uttar Chandipur",
          "Kachuberia",
          "Kulpi",
          "Dakshin Ramkrishnapur",
          "Chakdulalpur",
          "Karanjali",
          "Belpukur",
          "Bhagabanpur",
          "ONGC",
          "Natun Rasta",
          "Kakdwip Station",
          "Kakdwip Bus Stand",
          "Kajoler",
          "Hospital",
          "Gangadharpur",
          "Addhabazar",
          "Milan",
          "Patharpratima"
        ],
        "category": "bus_route",
        "pujaStatus": "Suburban Feeder / Truncated",
        "divertedPath": "Esplanade",
        "glowColor": "#F59E0B",
        "lineColor": "#06B6D4"
      }
    },
    {
      "type": "Feature",
      "id": "BUS_RT_093",
      "geometry": {
        "type": "LineString",
        "coordinates": [
          [
            88.3315,
            22.5245
          ],
          [
            88.3385,
            22.5445
          ],
          [
            88.3435,
            22.5525
          ],
          [
            88.3516,
            22.5645
          ],
          [
            88.3546,
            22.5668
          ],
          [
            88.3585,
            22.5635
          ],
          [
            88.3665,
            22.5615
          ],
          [
            88.3695,
            22.5638
          ],
          [
            88.373201,
            22.556254
          ],
          [
            88.380799,
            22.551046
          ],
          [
            88.3845,
            22.5435
          ],
          [
            88.3965,
            22.5415
          ],
          [
            88.4185,
            22.5385
          ],
          [
            88.4515,
            22.5285
          ],
          [
            88.4715,
            22.5185
          ],
          [
            88.49525,
            22.516383
          ],
          [
            88.521799,
            22.515946
          ],
          [
            88.5435,
            22.5126
          ],
          [
            88.570799,
            22.512612
          ],
          [
            88.59325,
            22.509717
          ],
          [
            88.6185,
            22.5085
          ],
          [
            88.630706,
            22.506681
          ],
          [
            88.645387,
            22.506347
          ],
          [
            88.655609,
            22.503337
          ],
          [
            88.671391,
            22.503663
          ],
          [
            88.681613,
            22.500653
          ],
          [
            88.696294,
            22.500319
          ],
          [
            88.7085,
            22.4985
          ],
          [
            88.732,
            22.4926
          ],
          [
            88.7585,
            22.4885
          ],
          [
            88.755309,
            22.467586
          ],
          [
            88.753437,
            22.447461
          ],
          [
            88.748994,
            22.425796
          ],
          [
            88.748244,
            22.406347
          ],
          [
            88.742863,
            22.384118
          ],
          [
            88.742819,
            22.365091
          ],
          [
            88.737,
            22.3426
          ],
          [
            88.737105,
            22.323663
          ],
          [
            88.731435,
            22.30126
          ],
          [
            88.731102,
            22.282061
          ],
          [
            88.726136,
            22.260082
          ],
          [
            88.724865,
            22.240319
          ],
          [
            88.721023,
            22.219014
          ],
          [
            88.7185,
            22.1985
          ],
          [
            88.7185,
            22.1985
          ]
        ]
      },
      "properties": {
        "routeId": "BUS_RT_093",
        "routeNo": "SD-24",
        "routeName": "SD-24 (Sonakhali)",
        "origin": "Alipore Zoo",
        "destination": "Sonakhali",
        "stopCount": 45,
        "stops": [
          "Alipore Zoo",
          "PTS",
          "Fort William",
          "Esplanade",
          "Chandni Chowk",
          "Wellington",
          "Moulali",
          "Sealdah",
          "Palmer Bazar",
          "Tangra",
          "Topsia",
          "Science City",
          "Chowbaga",
          "Bantala Bazar",
          "Leather Complex",
          "Kantatala",
          "Bhojerhat",
          "Paglarhat",
          "Boralighat",
          "Nalmuri",
          "Ghatakpukur",
          "Bamunia",
          "Chandipur",
          "Ghoshpur",
          "Ghushighata",
          "Bamanpukur",
          "Kushangra",
          "Minakhan",
          "Joygram",
          "Malancha",
          "Boyermari",
          "Agarhati",
          "Sarberia",
          "Gabbuni",
          "Charabidya",
          "Atharobanki",
          "Dhuri Bazar",
          "Amjhara",
          "Kanthalberia",
          "Kaltala",
          "Bhangankhali",
          "Narayantala",
          "Kultali Bazar",
          "Uttar Sonakhali",
          "Sonakhali"
        ],
        "category": "bus_route",
        "pujaStatus": "Suburban Feeder / Truncated",
        "divertedPath": "Esplanade",
        "glowColor": "#F59E0B",
        "lineColor": "#06B6D4"
      }
    },
    {
      "type": "Feature",
      "id": "BUS_RT_094",
      "geometry": {
        "type": "LineString",
        "coordinates": [
          [
            88.3315,
            22.5245
          ],
          [
            88.328612,
            22.518184
          ],
          [
            88.32725,
            22.512783
          ],
          [
            88.322939,
            22.505614
          ],
          [
            88.322799,
            22.500946
          ],
          [
            88.317551,
            22.493214
          ],
          [
            88.318,
            22.4889
          ],
          [
            88.312551,
            22.481048
          ],
          [
            88.312799,
            22.476612
          ],
          [
            88.307939,
            22.469114
          ],
          [
            88.30725,
            22.464117
          ],
          [
            88.303612,
            22.45735
          ],
          [
            88.3015,
            22.4515
          ],
          [
            88.3085,
            22.4685
          ],
          [
            88.3095,
            22.4785
          ],
          [
            88.3105,
            22.4845
          ],
          [
            88.3115,
            22.4925
          ],
          [
            88.3145,
            22.5015
          ],
          [
            88.3215,
            22.5155
          ],
          [
            88.3245,
            22.5245
          ],
          [
            88.33,
            22.5336
          ],
          [
            88.3385,
            22.5445
          ],
          [
            88.3435,
            22.5525
          ],
          [
            88.3516,
            22.5645
          ],
          [
            88.3411,
            22.5678
          ]
        ]
      },
      "properties": {
        "routeId": "BUS_RT_094",
        "routeNo": "SD-26",
        "routeName": "SD-26 (Babughat)",
        "origin": "Burul",
        "destination": "Babughat",
        "stopCount": 25,
        "stops": [
          "Burul",
          "Burul Bazar",
          "Chandua Bazar",
          "Bisalakshmitala",
          "Dongaria",
          "Nodakhali",
          "Bakhrahat",
          "Bibirhat",
          "Shamukpota",
          "Shamali",
          "Rasapunja",
          "Hanspukur",
          "Joka Bridge",
          "Thakurpukur",
          "Shilpara",
          "Sakher Bazar",
          "Behala Chowrasta",
          "Behala 14 No",
          "Majherhat",
          "Mominpore",
          "Bhabani Bhawan",
          "PTS",
          "Fort William",
          "Esplanade",
          "Babughat"
        ],
        "category": "bus_route",
        "pujaStatus": "Suburban Feeder / Truncated",
        "divertedPath": "Esplanade",
        "glowColor": "#F59E0B",
        "lineColor": "#06B6D4"
      }
    },
    {
      "type": "Feature",
      "id": "BUS_RT_095",
      "geometry": {
        "type": "LineString",
        "coordinates": [
          [
            88.3315,
            22.5245
          ],
          [
            88.312618,
            22.488771
          ],
          [
            88.296927,
            22.454956
          ],
          [
            88.276073,
            22.418044
          ],
          [
            88.260382,
            22.384229
          ],
          [
            88.2415,
            22.3485
          ],
          [
            88.2615,
            22.3785
          ],
          [
            88.268689,
            22.392864
          ],
          [
            88.2795,
            22.4094
          ],
          [
            88.285189,
            22.422864
          ],
          [
            88.2945,
            22.4385
          ],
          [
            88.3015,
            22.4515
          ],
          [
            88.3085,
            22.4685
          ],
          [
            88.3095,
            22.4785
          ],
          [
            88.3105,
            22.4845
          ],
          [
            88.3115,
            22.4925
          ],
          [
            88.3145,
            22.5015
          ],
          [
            88.3185,
            22.5085
          ],
          [
            88.3045,
            22.5185
          ],
          [
            88.2945,
            22.5145
          ],
          [
            88.2985,
            22.5285
          ],
          [
            88.3815,
            22.4895
          ],
          [
            88.3685,
            22.5638
          ]
        ]
      },
      "properties": {
        "routeId": "BUS_RT_095",
        "routeNo": "SD-27",
        "routeName": "SD-27 (Akra Fatak)",
        "origin": "Dostipur",
        "destination": "Akra Fatak",
        "stopCount": 23,
        "stops": [
          "Dostipur",
          "Mashat Market",
          "Usthi",
          "Adharmanik",
          "Bagaria",
          "Shirakole",
          "Amtala",
          "Bishnupur",
          "Khariberia",
          "Bhasha 14no",
          "Pailan",
          "Joka Bridge",
          "Thakurpukur",
          "Shilpara",
          "Sakher Bazar",
          "Behala Chowrasta",
          "Behala 14 No",
          "Taratala",
          "Brace Bridge",
          "Jhinjhira Bazar",
          "Nature Park",
          "Santoshpur Station",
          "Akra Fatak"
        ],
        "category": "bus_route",
        "pujaStatus": "Suburban Feeder / Truncated",
        "divertedPath": "Esplanade",
        "glowColor": "#F59E0B",
        "lineColor": "#06B6D4"
      }
    },
    {
      "type": "Feature",
      "id": "BUS_RT_096",
      "geometry": {
        "type": "LineString",
        "coordinates": [
          [
            88.2615,
            22.3785
          ],
          [
            88.278736,
            22.376222
          ],
          [
            88.297782,
            22.375029
          ],
          [
            88.313386,
            22.371772
          ],
          [
            88.333727,
            22.371356
          ],
          [
            88.3485,
            22.3676
          ],
          [
            88.369127,
            22.367356
          ],
          [
            88.384186,
            22.363772
          ],
          [
            88.403982,
            22.363029
          ],
          [
            88.420336,
            22.360222
          ],
          [
            88.4385,
            22.3585
          ],
          [
            88.4385,
            22.3585
          ]
        ]
      },
      "properties": {
        "routeId": "BUS_RT_096",
        "routeNo": "SD-29",
        "routeName": "SD-29 (Baruipur)",
        "origin": "Amtala",
        "destination": "Baruipur",
        "stopCount": 12,
        "stops": [
          "Amtala",
          "Pirtala",
          "Ghatur",
          "Gobra",
          "Jalilpur",
          "Balakhali",
          "Julpia",
          "Dhopagachi",
          "Kalyanpur Panchayat",
          "Padmapukur",
          "Baruipur Station",
          "Baruipur"
        ],
        "category": "bus_route",
        "pujaStatus": "Rerouted via James Long Sarani",
        "divertedPath": "Manton",
        "glowColor": "#F59E0B",
        "lineColor": "#06B6D4"
      }
    },
    {
      "type": "Feature",
      "id": "BUS_RT_097",
      "geometry": {
        "type": "LineString",
        "coordinates": [
          [
            88.3315,
            22.5245
          ],
          [
            88.329077,
            22.52761
          ],
          [
            88.328311,
            22.531714
          ],
          [
            88.324366,
            22.533911
          ],
          [
            88.324864,
            22.538774
          ],
          [
            88.320015,
            22.540427
          ],
          [
            88.320985,
            22.545573
          ],
          [
            88.316136,
            22.547226
          ],
          [
            88.316634,
            22.552089
          ],
          [
            88.312689,
            22.554286
          ],
          [
            88.311923,
            22.55839
          ],
          [
            88.3095,
            22.5615
          ],
          [
            88.30625,
            22.553217
          ],
          [
            88.305799,
            22.546612
          ],
          [
            88.3005,
            22.5371
          ],
          [
            88.300799,
            22.530946
          ],
          [
            88.29625,
            22.521883
          ],
          [
            88.2945,
            22.5145
          ],
          [
            88.3045,
            22.5185
          ],
          [
            88.3185,
            22.5085
          ]
        ]
      },
      "properties": {
        "routeId": "BUS_RT_097",
        "routeNo": "SD-30",
        "routeName": "SD-30 (Taratala)",
        "origin": "Sahararhat",
        "destination": "Taratala",
        "stopCount": 20,
        "stops": [
          "Sahararhat",
          "Sujapur",
          "Mohirampur",
          "Mallickpur",
          "Bisalakshmitala",
          "Dongaria",
          "Calcium",
          "Birla",
          "Charial",
          "Budge Budge",
          "Nungi",
          "Bata",
          "Dakghar",
          "Mollar Gate",
          "Rampur Quarter",
          "SM Nagar",
          "Sarkarpool",
          "Jhinjhira Bazar",
          "Brace Bridge",
          "Taratala"
        ],
        "category": "bus_route",
        "pujaStatus": "Suburban Feeder / Truncated",
        "divertedPath": "Esplanade",
        "glowColor": "#F59E0B",
        "lineColor": "#06B6D4"
      }
    },
    {
      "type": "Feature",
      "id": "BUS_RT_098",
      "geometry": {
        "type": "LineString",
        "coordinates": [
          [
            88.4385,
            22.3585
          ],
          [
            88.465801,
            22.352281
          ],
          [
            88.495311,
            22.347386
          ],
          [
            88.520739,
            22.340044
          ],
          [
            88.5515,
            22.3359
          ],
          [
            88.576489,
            22.328294
          ],
          [
            88.606811,
            22.323886
          ],
          [
            88.633051,
            22.317031
          ],
          [
            88.6615,
            22.3115
          ],
          [
            88.6615,
            22.3115
          ],
          [
            88.668051,
            22.297031
          ],
          [
            88.676811,
            22.283886
          ],
          [
            88.681489,
            22.268294
          ],
          [
            88.6915,
            22.2559
          ],
          [
            88.695739,
            22.240044
          ],
          [
            88.705311,
            22.227386
          ],
          [
            88.710801,
            22.212281
          ],
          [
            88.7185,
            22.1985
          ],
          [
            88.7185,
            22.1985
          ],
          [
            88.721077,
            22.18761
          ],
          [
            88.725311,
            22.177714
          ],
          [
            88.726366,
            22.165911
          ],
          [
            88.731864,
            22.156774
          ],
          [
            88.732015,
            22.144427
          ],
          [
            88.737985,
            22.135573
          ],
          [
            88.738136,
            22.123226
          ],
          [
            88.743634,
            22.114089
          ],
          [
            88.744689,
            22.102286
          ],
          [
            88.748923,
            22.09239
          ],
          [
            88.7515,
            22.0815
          ]
        ]
      },
      "properties": {
        "routeId": "BUS_RT_098",
        "routeNo": "SD-33",
        "routeName": "SD-33 (Jharkhali)",
        "origin": "Baruipur",
        "destination": "Jharkhali",
        "stopCount": 30,
        "stops": [
          "Baruipur",
          "Shibanipith",
          "Puratan Bazar",
          "Phooltala",
          "Uttarbhag",
          "Kulari",
          "Taldi",
          "Betberia Belegachi",
          "Canning",
          "Canning Station",
          "Matla Bridge",
          "Dockghat",
          "Kanthalberia",
          "Kaltala",
          "Bhangankhali",
          "Narayantala",
          "Kultali",
          "Uttar Sonakhali",
          "Sonakhali Bus Stand",
          "Basanti Chowmatha",
          "Shibganj Bazar",
          "Sunderban Chowmatha",
          "Jyotishpur",
          "Bashiram Bazar",
          "Hiranmoypur",
          "Nimtala",
          "Nafargange",
          "Kumirmari Bazar",
          "Sahidnagar",
          "Jharkhali"
        ],
        "category": "bus_route",
        "pujaStatus": "Suburban Feeder / Truncated",
        "divertedPath": "Esplanade",
        "glowColor": "#F59E0B",
        "lineColor": "#06B6D4"
      }
    },
    {
      "type": "Feature",
      "id": "BUS_RT_099",
      "geometry": {
        "type": "LineString",
        "coordinates": [
          [
            88.4215,
            22.1785
          ],
          [
            88.383804,
            22.214882
          ],
          [
            88.347766,
            22.25226
          ],
          [
            88.308548,
            22.287729
          ],
          [
            88.273773,
            22.325864
          ],
          [
            88.233651,
            22.360791
          ],
          [
            88.199349,
            22.399209
          ],
          [
            88.159227,
            22.434136
          ],
          [
            88.124452,
            22.472271
          ],
          [
            88.085234,
            22.50774
          ],
          [
            88.049196,
            22.545118
          ],
          [
            88.0115,
            22.5815
          ],
          [
            88.038603,
            22.579923
          ],
          [
            88.06712,
            22.579195
          ],
          [
            88.09289,
            22.576818
          ],
          [
            88.12258,
            22.576795
          ],
          [
            88.147405,
            22.57385
          ],
          [
            88.177758,
            22.574224
          ],
          [
            88.202242,
            22.571076
          ],
          [
            88.232595,
            22.57145
          ],
          [
            88.25742,
            22.568505
          ],
          [
            88.28711,
            22.568482
          ],
          [
            88.31288,
            22.566105
          ],
          [
            88.341397,
            22.565377
          ],
          [
            88.3685,
            22.5638
          ]
        ]
      },
      "properties": {
        "routeId": "BUS_RT_099",
        "routeNo": "SD-39",
        "routeName": "SD-39 (Kishorimohonpur)",
        "origin": "Joynagar",
        "destination": "Kishorimohonpur",
        "stopCount": 25,
        "stops": [
          "Joynagar",
          "Duttabazar",
          "Nimpith",
          "Tulsighata",
          "Mollarchak",
          "Natunhat",
          "Priyor",
          "Kholakhali Hat",
          "Jalaberia",
          "Naskarpara",
          "Kultali",
          "Jamtala",
          "Mandalerhat",
          "Sankizahan",
          "Kantamari",
          "Dakshin Durgapur",
          "Petkulchand Bazar",
          "Bhasa Panchrasta Bazar",
          "Debipur",
          "Bhubaneshwari",
          "Bindopur",
          "Lakshmi",
          "Maipith Bazar",
          "Baikunthapur",
          "Kishorimohonpur"
        ],
        "category": "bus_route",
        "pujaStatus": "Suburban Feeder / Truncated",
        "divertedPath": "Esplanade",
        "glowColor": "#F59E0B",
        "lineColor": "#06B6D4"
      }
    },
    {
      "type": "Feature",
      "id": "BUS_RT_100",
      "geometry": {
        "type": "LineString",
        "coordinates": [
          [
            88.1915,
            22.1895
          ],
          [
            88.175439,
            22.108614
          ],
          [
            88.163,
            22.0299
          ],
          [
            88.145439,
            21.948114
          ],
          [
            88.1315,
            21.8685
          ],
          [
            88.2415,
            22.0785
          ],
          [
            88.234301,
            22.053156
          ],
          [
            88.229311,
            22.029136
          ],
          [
            88.220239,
            22.002669
          ],
          [
            88.2165,
            21.9794
          ],
          [
            88.206989,
            21.952669
          ],
          [
            88.202811,
            21.929136
          ],
          [
            88.194551,
            21.903156
          ],
          [
            88.1885,
            21.8785
          ],
          [
            88.1885,
            21.8785
          ],
          [
            88.252,
            22.2096
          ],
          [
            88.3185,
            22.5425
          ],
          [
            88.325689,
            22.353364
          ],
          [
            88.3365,
            22.1664
          ],
          [
            88.342189,
            21.976364
          ],
          [
            88.3515,
            21.7885
          ]
        ]
      },
      "properties": {
        "routeId": "BUS_RT_100",
        "routeNo": "SD-50",
        "routeName": "SD-50 (Patharpratima)",
        "origin": "Diamond Harbour",
        "destination": "Patharpratima",
        "stopCount": 21,
        "stops": [
          "Diamond Harbour",
          "Dalanghata",
          "Hatugunge",
          "Uttar Chandipur",
          "Kachuberia",
          "Kulpi",
          "Dakshin Ramkrishnapur",
          "Chakdulalpur",
          "Karanjali",
          "Belpukur",
          "Bhagabanpur",
          "ONGC",
          "Natun Rasta",
          "Kakdwip Station",
          "Kakdwip Bus Stand",
          "Kajoler",
          "Hospital",
          "Gangadharpur",
          "Addhabazar",
          "Milan",
          "Patharpratima"
        ],
        "category": "bus_route",
        "pujaStatus": "Rerouted via James Long Sarani",
        "divertedPath": "Manton",
        "glowColor": "#F59E0B",
        "lineColor": "#06B6D4"
      }
    },
    {
      "type": "Feature",
      "id": "BUS_RT_101",
      "geometry": {
        "type": "LineString",
        "coordinates": [
          [
            88.4215,
            22.1785
          ],
          [
            88.383804,
            22.214882
          ],
          [
            88.347766,
            22.25226
          ],
          [
            88.308548,
            22.287729
          ],
          [
            88.273773,
            22.325864
          ],
          [
            88.233651,
            22.360791
          ],
          [
            88.199349,
            22.399209
          ],
          [
            88.159227,
            22.434136
          ],
          [
            88.124452,
            22.472271
          ],
          [
            88.085234,
            22.50774
          ],
          [
            88.049196,
            22.545118
          ],
          [
            88.0115,
            22.5815
          ],
          [
            88.038603,
            22.579923
          ],
          [
            88.06712,
            22.579195
          ],
          [
            88.09289,
            22.576818
          ],
          [
            88.12258,
            22.576795
          ],
          [
            88.147405,
            22.57385
          ],
          [
            88.177758,
            22.574224
          ],
          [
            88.202242,
            22.571076
          ],
          [
            88.232595,
            22.57145
          ],
          [
            88.25742,
            22.568505
          ],
          [
            88.28711,
            22.568482
          ],
          [
            88.31288,
            22.566105
          ],
          [
            88.341397,
            22.565377
          ],
          [
            88.3685,
            22.5638
          ]
        ]
      },
      "properties": {
        "routeId": "BUS_RT_101",
        "routeNo": "SD-53",
        "routeName": "SD-53 (Maipith)",
        "origin": "Joynagar",
        "destination": "Maipith",
        "stopCount": 25,
        "stops": [
          "Joynagar",
          "Duttabazar",
          "Nimpith",
          "Tulsighata",
          "Mollarchak",
          "Natunhat",
          "Priyor",
          "Kholakhali Hat",
          "Jalaberia",
          "Naskarpara",
          "Kultali",
          "Jamtala",
          "Mandalerhat",
          "Sankizahan",
          "Kantamari",
          "Madhabpur",
          "Manikpir",
          "Dakshin Durgapur",
          "Petkulchand Bazar",
          "Bhasa Panchrasta Bazar",
          "Debipur",
          "Bhubaneshwari",
          "Binodpur",
          "Maipith Coastal",
          "Maipith"
        ],
        "category": "bus_route",
        "pujaStatus": "Suburban Feeder / Truncated",
        "divertedPath": "Esplanade",
        "glowColor": "#F59E0B",
        "lineColor": "#06B6D4"
      }
    },
    {
      "type": "Feature",
      "id": "BUS_RT_102",
      "geometry": {
        "type": "LineString",
        "coordinates": [
          [
            88.4385,
            22.3585
          ],
          [
            88.465801,
            22.352281
          ],
          [
            88.495311,
            22.347386
          ],
          [
            88.520739,
            22.340044
          ],
          [
            88.5515,
            22.3359
          ],
          [
            88.576489,
            22.328294
          ],
          [
            88.606811,
            22.323886
          ],
          [
            88.633051,
            22.317031
          ],
          [
            88.6615,
            22.3115
          ],
          [
            88.6615,
            22.3115
          ],
          [
            88.668051,
            22.297031
          ],
          [
            88.676811,
            22.283886
          ],
          [
            88.681489,
            22.268294
          ],
          [
            88.6915,
            22.2559
          ],
          [
            88.695739,
            22.240044
          ],
          [
            88.705311,
            22.227386
          ],
          [
            88.710801,
            22.212281
          ],
          [
            88.7185,
            22.1985
          ],
          [
            88.7185,
            22.1985
          ],
          [
            88.728278,
            22.195681
          ],
          [
            88.74053,
            22.194347
          ],
          [
            88.748324,
            22.190337
          ],
          [
            88.761676,
            22.189663
          ],
          [
            88.76947,
            22.185653
          ],
          [
            88.781722,
            22.184319
          ],
          [
            88.7915,
            22.1815
          ]
        ]
      },
      "properties": {
        "routeId": "BUS_RT_102",
        "routeNo": "SD-63",
        "routeName": "SD-63 (Gadkhali)",
        "origin": "Baruipur",
        "destination": "Gadkhali",
        "stopCount": 26,
        "stops": [
          "Baruipur",
          "Shibanipith",
          "Puratan Bazar",
          "Phooltala",
          "Uttarbhag",
          "Kulari",
          "Taldi",
          "Betberia Belegachi",
          "Canning",
          "Canning Station",
          "Matla Bridge",
          "Dockghat",
          "Kanthalberia",
          "Kaltala",
          "Bhangankhali",
          "Narayantala",
          "Kultali",
          "Uttar Sonakhali",
          "Sonakhali Bus Stand",
          "Basanti Chowmatha",
          "Kalidanga",
          "Chandkhali",
          "Matgaran",
          "Dakshin Battala",
          "Masjidbati",
          "Gadkhali"
        ],
        "category": "bus_route",
        "pujaStatus": "Suburban Feeder / Truncated",
        "divertedPath": "Esplanade",
        "glowColor": "#F59E0B",
        "lineColor": "#06B6D4"
      }
    },
    {
      "type": "Feature",
      "id": "BUS_RT_103",
      "geometry": {
        "type": "LineString",
        "coordinates": [
          [
            88.4385,
            22.3585
          ],
          [
            88.465801,
            22.352281
          ],
          [
            88.495311,
            22.347386
          ],
          [
            88.520739,
            22.340044
          ],
          [
            88.5515,
            22.3359
          ],
          [
            88.576489,
            22.328294
          ],
          [
            88.606811,
            22.323886
          ],
          [
            88.633051,
            22.317031
          ],
          [
            88.6615,
            22.3115
          ],
          [
            88.6615,
            22.3115
          ],
          [
            88.631736,
            22.336452
          ],
          [
            88.603782,
            22.362489
          ],
          [
            88.572386,
            22.386462
          ],
          [
            88.545727,
            22.413276
          ],
          [
            88.5135,
            22.43675
          ],
          [
            88.487127,
            22.463736
          ],
          [
            88.455186,
            22.487382
          ],
          [
            88.427982,
            22.513869
          ],
          [
            88.397336,
            22.538292
          ],
          [
            88.3685,
            22.5638
          ]
        ]
      },
      "properties": {
        "routeId": "BUS_RT_103",
        "routeNo": "SD-64",
        "routeName": "SD-64 (Chunakhali)",
        "origin": "Baruipur",
        "destination": "Chunakhali",
        "stopCount": 20,
        "stops": [
          "Baruipur",
          "Shibanipith",
          "Puratan Bazar",
          "Phooltala",
          "Uttarbhag",
          "Kulari",
          "Taldi",
          "Betberia Belegachi",
          "Canning",
          "Canning Station",
          "Matla Bridge",
          "Dockghat",
          "Kanthalberia",
          "Kaltala",
          "Panikhali",
          "Nirdeshkhali",
          "10 No Majhipara",
          "Baria",
          "Bagulakhali",
          "Chunakhali"
        ],
        "category": "bus_route",
        "pujaStatus": "Suburban Feeder / Truncated",
        "divertedPath": "Esplanade",
        "glowColor": "#F59E0B",
        "lineColor": "#06B6D4"
      }
    },
    {
      "type": "Feature",
      "id": "BUS_RT_104",
      "geometry": {
        "type": "LineString",
        "coordinates": [
          [
            88.1315,
            21.8685
          ],
          [
            88.120618,
            21.823971
          ],
          [
            88.112927,
            21.781356
          ],
          [
            88.100073,
            21.735644
          ],
          [
            88.092382,
            21.693029
          ],
          [
            88.0815,
            21.6485
          ]
        ]
      },
      "properties": {
        "routeId": "BUS_RT_104",
        "routeNo": "SD-69",
        "routeName": "SD-69 (Gangasagar)",
        "origin": "Kachuberia Sagar Island",
        "destination": "Gangasagar",
        "stopCount": 6,
        "stops": [
          "Kachuberia Sagar Island",
          "Harinbari",
          "Rudranagar",
          "Chemaguri",
          "Light House",
          "Gangasagar"
        ],
        "category": "bus_route",
        "pujaStatus": "Suburban Feeder / Truncated",
        "divertedPath": "Esplanade",
        "glowColor": "#F59E0B",
        "lineColor": "#06B6D4"
      }
    },
    {
      "type": "Feature",
      "id": "BUS_RT_105",
      "geometry": {
        "type": "LineString",
        "coordinates": [
          [
            88.2615,
            22.3785
          ],
          [
            88.268689,
            22.392864
          ],
          [
            88.2795,
            22.4094
          ],
          [
            88.285189,
            22.422864
          ],
          [
            88.2945,
            22.4385
          ],
          [
            88.3015,
            22.4515
          ],
          [
            88.3085,
            22.4685
          ],
          [
            88.3095,
            22.4785
          ],
          [
            88.3105,
            22.4845
          ],
          [
            88.3115,
            22.4925
          ],
          [
            88.3145,
            22.5015
          ],
          [
            88.3185,
            22.5085
          ],
          [
            88.3285,
            22.5105
          ],
          [
            88.3345,
            22.5145
          ],
          [
            88.3395,
            22.5165
          ],
          [
            88.3485,
            22.5185
          ],
          [
            88.3585,
            22.5185
          ],
          [
            88.3654,
            22.5185
          ],
          [
            88.3695,
            22.5215
          ],
          [
            88.3815,
            22.5165
          ],
          [
            88.3845,
            22.5155
          ],
          [
            88.3935,
            22.5145
          ],
          [
            88.3995,
            22.5132
          ]
        ]
      },
      "properties": {
        "routeId": "BUS_RT_105",
        "routeNo": "SD-76",
        "routeName": "SD-76 (Ruby)",
        "origin": "Amtala",
        "destination": "Ruby",
        "stopCount": 23,
        "stops": [
          "Amtala",
          "Bishnupur",
          "Khariberia",
          "Bhasha 14no",
          "Pailan",
          "Joka Bridge",
          "Thakurpukur",
          "Shilpara",
          "Sakher Bazar",
          "Behala Chowrasta",
          "Behala 14 No",
          "Taratala",
          "New Alipore",
          "Durgapur Bridge",
          "Chetla Park",
          "Rashbehari",
          "Deshapriya Park",
          "Gariahat",
          "Ballygunge Station",
          "Kasba PS",
          "Bosepukur",
          "Acropolis Mall",
          "Ruby"
        ],
        "category": "bus_route",
        "pujaStatus": "Rerouted via James Long Sarani",
        "divertedPath": "Manton",
        "glowColor": "#F59E0B",
        "lineColor": "#06B6D4"
      }
    },
    {
      "type": "Feature",
      "id": "BUS_RT_106",
      "geometry": {
        "type": "LineString",
        "coordinates": [
          [
            88.6615,
            22.3115
          ],
          [
            88.6615,
            22.3115
          ],
          [
            88.681036,
            22.315222
          ],
          [
            88.702382,
            22.320029
          ],
          [
            88.720286,
            22.322772
          ],
          [
            88.742927,
            22.328356
          ],
          [
            88.76,
            22.3306
          ],
          [
            88.782927,
            22.336356
          ],
          [
            88.800286,
            22.338772
          ],
          [
            88.822382,
            22.344029
          ],
          [
            88.841036,
            22.347222
          ],
          [
            88.8615,
            22.3515
          ]
        ]
      },
      "properties": {
        "routeId": "BUS_RT_106",
        "routeNo": "SD-85",
        "routeName": "SD-85 (Dhamakhali)",
        "origin": "Canning",
        "destination": "Dhamakhali",
        "stopCount": 12,
        "stops": [
          "Canning",
          "Canning Station",
          "Matla Bridge",
          "Dockghat",
          "Kanthalberia",
          "Amjhara",
          "Dhuri Bazar",
          "Atharobanki",
          "Charabidya",
          "Gabbuni",
          "Sarberia",
          "Dhamakhali"
        ],
        "category": "bus_route",
        "pujaStatus": "Suburban Feeder / Truncated",
        "divertedPath": "Esplanade",
        "glowColor": "#F59E0B",
        "lineColor": "#06B6D4"
      }
    },
    {
      "type": "Feature",
      "id": "BUS_RT_107",
      "geometry": {
        "type": "LineString",
        "coordinates": [
          [
            88.1885,
            21.8785
          ],
          [
            88.2085,
            21.8226
          ],
          [
            88.2315,
            21.7685
          ],
          [
            88.232939,
            21.721114
          ],
          [
            88.238,
            21.6759
          ],
          [
            88.237939,
            21.627614
          ],
          [
            88.2415,
            21.5815
          ],
          [
            88.245,
            21.5706
          ],
          [
            88.2515,
            21.5615
          ]
        ]
      },
      "properties": {
        "routeId": "BUS_RT_107",
        "routeNo": "SD-94",
        "routeName": "SD-94 (Bakkhali)",
        "origin": "Kakdwip Bus Stand",
        "destination": "Bakkhali",
        "stopCount": 9,
        "stops": [
          "Kakdwip Bus Stand",
          "Ukilerhat",
          "Namkhana Station",
          "Narayanpur",
          "Sibanagar",
          "10 Mile Bazar",
          "Frazerganj",
          "Amrabati",
          "Bakkhali"
        ],
        "category": "bus_route",
        "pujaStatus": "Suburban Feeder / Truncated",
        "divertedPath": "Esplanade",
        "glowColor": "#F59E0B",
        "lineColor": "#06B6D4"
      }
    },
    {
      "type": "Feature",
      "id": "BUS_RT_108",
      "geometry": {
        "type": "LineString",
        "coordinates": [
          [
            88.5025,
            22.5715
          ],
          [
            88.4985,
            22.5735
          ],
          [
            88.5045,
            22.5765
          ],
          [
            88.4855,
            22.5745
          ],
          [
            88.4895,
            22.5765
          ],
          [
            88.489,
            22.5766
          ],
          [
            88.4915,
            22.5785
          ],
          [
            88.477,
            22.5926
          ],
          [
            88.4655,
            22.6085
          ],
          [
            88.4655,
            22.6211
          ],
          [
            88.4685,
            22.6355
          ],
          [
            88.4555,
            22.6275
          ],
          [
            88.4485,
            22.6245
          ],
          [
            88.4385,
            22.6315
          ],
          [
            88.4395,
            22.6365
          ],
          [
            88.4415,
            22.6485
          ],
          [
            88.4435,
            22.6545
          ],
          [
            88.418201,
            22.652721
          ],
          [
            88.396799,
            22.653279
          ],
          [
            88.3715,
            22.6515
          ],
          [
            88.3562,
            22.6548
          ]
        ]
      },
      "properties": {
        "routeId": "BUS_RT_108",
        "routeNo": "DN-2/1",
        "routeName": "DN-2/1 (Dakshineswar)",
        "origin": "Shapoorji",
        "destination": "Dakshineswar",
        "stopCount": 21,
        "stops": [
          "Shapoorji",
          "Karigari Bhawan",
          "Uem Campus",
          "Unitech Gate 1",
          "Unitech Gate 2",
          "DLF 2",
          "Ecospace",
          "Aliah University",
          "Ecopark",
          "Nawabpur",
          "Akanksha",
          "City Center 2",
          "Chinar Park",
          "Haldirams",
          "Kaikhali",
          "Airport Gate 1",
          "Airport Gate 3",
          "Durganagar",
          "Mathkal",
          "Dunlop Bridge",
          "Dakshineswar"
        ],
        "category": "bus_route",
        "pujaStatus": "Diverted Gateway",
        "divertedPath": "Bidhan Sarani",
        "glowColor": "#F59E0B",
        "lineColor": "#06B6D4"
      }
    },
    {
      "type": "Feature",
      "id": "BUS_RT_109",
      "geometry": {
        "type": "LineString",
        "coordinates": [
          [
            88.4815,
            22.7215
          ],
          [
            88.4855,
            22.7255
          ],
          [
            88.482929,
            22.732591
          ],
          [
            88.481138,
            22.74015
          ],
          [
            88.477801,
            22.746781
          ],
          [
            88.47675,
            22.754783
          ],
          [
            88.472712,
            22.760994
          ],
          [
            88.472311,
            22.769386
          ],
          [
            88.467685,
            22.775244
          ],
          [
            88.467799,
            22.783946
          ],
          [
            88.462739,
            22.789544
          ],
          [
            88.463199,
            22.798452
          ],
          [
            88.457888,
            22.8039
          ],
          [
            88.4585,
            22.8129
          ],
          [
            88.453138,
            22.818316
          ],
          [
            88.453699,
            22.827286
          ],
          [
            88.448489,
            22.832794
          ],
          [
            88.448799,
            22.841612
          ],
          [
            88.443935,
            22.847328
          ],
          [
            88.443811,
            22.855886
          ],
          [
            88.439462,
            22.86191
          ],
          [
            88.43875,
            22.870117
          ],
          [
            88.435051,
            22.876531
          ],
          [
            88.433638,
            22.884316
          ],
          [
            88.430679,
            22.891175
          ],
          [
            88.4285,
            22.8985
          ]
        ]
      },
      "properties": {
        "routeId": "BUS_RT_109",
        "routeNo": "DN-5",
        "routeName": "DN-5 (Naihati Station)",
        "origin": "Barasat Chapadali",
        "destination": "Naihati Station",
        "stopCount": 26,
        "stops": [
          "Barasat Chapadali",
          "Barasat Colony",
          "Barbaria",
          "Jagannathpur",
          "Kokapur",
          "Rangapur",
          "Nilgunge",
          "Mathrangi",
          "Chapuria",
          "Debpukur",
          "Mohanpur",
          "Wireless",
          "Kundubari",
          "Babanpur",
          "Kayrapur",
          "Muthurapur",
          "Kowgachi",
          "Hansia",
          "Basudebpur",
          "Gurdah",
          "Keutia",
          "Panpur",
          "Banstala",
          "Dogachia",
          "Saheb Colony",
          "Naihati Station"
        ],
        "category": "bus_route",
        "pujaStatus": "Suburban Feeder / Truncated",
        "divertedPath": "Esplanade",
        "glowColor": "#F59E0B",
        "lineColor": "#06B6D4"
      }
    },
    {
      "type": "Feature",
      "id": "BUS_RT_110",
      "geometry": {
        "type": "LineString",
        "coordinates": [
          [
            88.4855,
            22.7255
          ],
          [
            88.4555,
            22.6985
          ],
          [
            88.4655,
            22.7055
          ],
          [
            88.4385,
            22.6685
          ],
          [
            88.4435,
            22.6545
          ],
          [
            88.4415,
            22.6485
          ],
          [
            88.4185,
            22.6325
          ],
          [
            88.4115,
            22.6235
          ],
          [
            88.4075,
            22.6121
          ],
          [
            88.4065,
            22.6025
          ],
          [
            88.4045,
            22.5985
          ],
          [
            88.3985,
            22.5945
          ],
          [
            88.3912,
            22.5925
          ],
          [
            88.3995,
            22.5885
          ],
          [
            88.403189,
            22.587364
          ],
          [
            88.4105,
            22.5884
          ],
          [
            88.412689,
            22.586364
          ],
          [
            88.4185,
            22.5865
          ],
          [
            88.4345,
            22.5805
          ],
          [
            88.4325,
            22.5785
          ],
          [
            88.4335,
            22.5765
          ],
          [
            88.4315,
            22.5735
          ]
        ]
      },
      "properties": {
        "routeId": "BUS_RT_110",
        "routeNo": "DN-8",
        "routeName": "DN-8 (Sector V)",
        "origin": "Barasat Colony",
        "destination": "Sector V",
        "stopCount": 22,
        "stops": [
          "Barasat Colony",
          "Madhyamgram",
          "BT College",
          "Birati",
          "Airport Gate 3",
          "Airport Gate 1",
          "Central Jail",
          "Nager Bazar",
          "Diamond Plaza",
          "Bangur Avenue",
          "Laketown",
          "Sreebhumi",
          "Ultadanga",
          "Saltlake PNB",
          "Saltlake 4no Tank",
          "Baisakhi",
          "Purta Bhawan",
          "Karunamoyee",
          "Wipro",
          "SDF",
          "College More",
          "Sector V"
        ],
        "category": "bus_route",
        "pujaStatus": "Active EM Bypass Corridor",
        "divertedPath": "Rashbehari Connector (Bosepukur)",
        "glowColor": "#F59E0B",
        "lineColor": "#06B6D4"
      }
    },
    {
      "type": "Feature",
      "id": "BUS_RT_111",
      "geometry": {
        "type": "LineString",
        "coordinates": [
          [
            88.4815,
            22.7215
          ],
          [
            88.4555,
            22.6985
          ],
          [
            88.4655,
            22.7055
          ],
          [
            88.4385,
            22.6685
          ],
          [
            88.4435,
            22.6545
          ],
          [
            88.4415,
            22.6485
          ],
          [
            88.4185,
            22.6325
          ],
          [
            88.4115,
            22.6235
          ],
          [
            88.3972,
            22.6225
          ],
          [
            88.3715,
            22.6185
          ],
          [
            88.3725,
            22.6275
          ],
          [
            88.3715,
            22.6365
          ],
          [
            88.3715,
            22.6455
          ],
          [
            88.3715,
            22.6515
          ],
          [
            88.3562,
            22.6548
          ],
          [
            88.36085,
            22.6084
          ],
          [
            88.3685,
            22.5638
          ]
        ]
      },
      "properties": {
        "routeId": "BUS_RT_111",
        "routeNo": "DN-9/1",
        "routeName": "DN-9/1 (Rajchandrapur)",
        "origin": "Barasat Chapadali",
        "destination": "Rajchandrapur",
        "stopCount": 17,
        "stops": [
          "Barasat Chapadali",
          "Madhyamgram",
          "BT College",
          "Birati",
          "Airport Gate 3",
          "Airport Gate 1",
          "Central Jail",
          "Nager Bazar",
          "Dumdum Station",
          "Chiria",
          "Sinthi",
          "Tobin Road",
          "Bonhooghly",
          "Dunlop",
          "Dakshineswar",
          "Ballyhalt",
          "Rajchandrapur"
        ],
        "category": "bus_route",
        "pujaStatus": "Suburban Feeder / Truncated",
        "divertedPath": "Esplanade",
        "glowColor": "#F59E0B",
        "lineColor": "#06B6D4"
      }
    },
    {
      "type": "Feature",
      "id": "BUS_RT_112",
      "geometry": {
        "type": "LineString",
        "coordinates": [
          [
            88.8285,
            23.0485
          ],
          [
            88.829512,
            23.032787
          ],
          [
            88.831273,
            23.017524
          ],
          [
            88.831548,
            23.001369
          ],
          [
            88.834023,
            22.986534
          ],
          [
            88.833618,
            22.969971
          ],
          [
            88.836727,
            22.955516
          ],
          [
            88.835744,
            22.938607
          ],
          [
            88.839366,
            22.92446
          ],
          [
            88.837943,
            22.907286
          ],
          [
            88.841927,
            22.893356
          ],
          [
            88.840227,
            22.876016
          ],
          [
            88.844397,
            22.862198
          ],
          [
            88.842603,
            22.844802
          ],
          [
            88.846773,
            22.830984
          ],
          [
            88.845073,
            22.813644
          ],
          [
            88.849057,
            22.799714
          ],
          [
            88.847634,
            22.78254
          ],
          [
            88.851256,
            22.768393
          ],
          [
            88.850273,
            22.751484
          ],
          [
            88.853382,
            22.737029
          ],
          [
            88.852977,
            22.720466
          ],
          [
            88.855452,
            22.705631
          ],
          [
            88.855727,
            22.689476
          ],
          [
            88.857488,
            22.674213
          ],
          [
            88.8585,
            22.6585
          ]
        ]
      },
      "properties": {
        "routeId": "BUS_RT_112",
        "routeNo": "DN-12",
        "routeName": "DN-12 (Basirhat)",
        "origin": "Bongaon",
        "destination": "Basirhat",
        "stopCount": 26,
        "stops": [
          "Bongaon",
          "Panchpota",
          "Kalupur",
          "Dogachia",
          "Mondonpara",
          "Debipur",
          "Chandpara",
          "Bokchora",
          "Gaighata",
          "Amkola",
          "Matikumra",
          "Gobardanga",
          "Nakpul Bazar",
          "Machhlandapur",
          "Biswashati",
          "Shimulpur",
          "Magra Bazar",
          "Bagjola Bazar",
          "Haidarpur",
          "Rudrapur",
          "Baduria Bazar",
          "Taragunia",
          "Gadarati",
          "Kholapota",
          "Trimohini",
          "Basirhat"
        ],
        "category": "bus_route",
        "pujaStatus": "Suburban Feeder / Truncated",
        "divertedPath": "Esplanade",
        "glowColor": "#F59E0B",
        "lineColor": "#06B6D4"
      }
    },
    {
      "type": "Feature",
      "id": "BUS_RT_113",
      "geometry": {
        "type": "LineString",
        "coordinates": [
          [
            88.6585,
            22.8385
          ],
          [
            88.670707,
            22.827074
          ],
          [
            88.684074,
            22.816344
          ],
          [
            88.695167,
            22.80425
          ],
          [
            88.709561,
            22.794136
          ],
          [
            88.719753,
            22.781502
          ],
          [
            88.734886,
            22.771831
          ],
          [
            88.744529,
            22.758867
          ],
          [
            88.76,
            22.7494
          ],
          [
            88.769529,
            22.736367
          ],
          [
            88.784886,
            22.726831
          ],
          [
            88.794753,
            22.714002
          ],
          [
            88.809561,
            22.704136
          ],
          [
            88.820167,
            22.69175
          ],
          [
            88.834074,
            22.681344
          ],
          [
            88.845707,
            22.669574
          ],
          [
            88.8585,
            22.6585
          ],
          [
            88.796676,
            22.646319
          ],
          [
            88.737061,
            22.635461
          ],
          [
            88.673364,
            22.622157
          ],
          [
            88.615,
            22.61205
          ],
          [
            88.550864,
            22.598481
          ],
          [
            88.492061,
            22.588111
          ],
          [
            88.429176,
            22.575293
          ],
          [
            88.3685,
            22.5638
          ]
        ]
      },
      "properties": {
        "routeId": "BUS_RT_113",
        "routeNo": "DN-12/1",
        "routeName": "DN-12/1 (Nazat)",
        "origin": "Habra Station",
        "destination": "Nazat",
        "stopCount": 25,
        "stops": [
          "Habra Station",
          "Joygachi",
          "Payragachi",
          "Nakpul Bazar",
          "Machhlandapur",
          "Biswashati",
          "Shimulpur",
          "Magra Bazar",
          "Bagjola Bazar",
          "Haidarpur",
          "Rudrapur",
          "Baduria Bazar",
          "Taragunia",
          "Gadarati",
          "Kholapota",
          "Trimohini",
          "Basirhat",
          "Bhabla Station",
          "Pifa Bazar",
          "Bhebia Chowrasta",
          "Rajapur",
          "Kharampur",
          "Akhratala",
          "Metekhali",
          "Nazat"
        ],
        "category": "bus_route",
        "pujaStatus": "Suburban Feeder / Truncated",
        "divertedPath": "Esplanade",
        "glowColor": "#F59E0B",
        "lineColor": "#06B6D4"
      }
    },
    {
      "type": "Feature",
      "id": "BUS_RT_114",
      "geometry": {
        "type": "LineString",
        "coordinates": [
          [
            88.8585,
            22.6585
          ],
          [
            88.858036,
            22.658222
          ],
          [
            88.859382,
            22.659029
          ],
          [
            88.857286,
            22.657772
          ],
          [
            88.859927,
            22.659356
          ],
          [
            88.857,
            22.6576
          ],
          [
            88.859927,
            22.659356
          ],
          [
            88.857286,
            22.657772
          ],
          [
            88.859382,
            22.659029
          ],
          [
            88.858036,
            22.658222
          ],
          [
            88.8585,
            22.6585
          ],
          [
            88.5825,
            22.6006
          ],
          [
            88.3095,
            22.5445
          ],
          [
            88.31338,
            22.545679
          ],
          [
            88.31858,
            22.547647
          ],
          [
            88.321208,
            22.548075
          ],
          [
            88.32753,
            22.550718
          ],
          [
            88.32922,
            22.550582
          ],
          [
            88.336248,
            22.553648
          ],
          [
            88.3375,
            22.55325
          ],
          [
            88.344676,
            22.556406
          ],
          [
            88.346078,
            22.556096
          ],
          [
            88.352816,
            22.55899
          ],
          [
            88.354922,
            22.559103
          ],
          [
            88.360722,
            22.561433
          ],
          [
            88.363952,
            22.562221
          ],
          [
            88.3685,
            22.5638
          ]
        ]
      },
      "properties": {
        "routeId": "BUS_RT_114",
        "routeNo": "DN-13",
        "routeName": "DN-13 (Hakimpur)",
        "origin": "Basirhat",
        "destination": "Hakimpur",
        "stopCount": 27,
        "stops": [
          "Basirhat",
          "Sadarpur",
          "Madartala",
          "Kendua Bazar",
          "Malatipur",
          "Korapara",
          "Ghoraras Beltala",
          "Gopalpur",
          "Kholapota",
          "Trimohini",
          "Basirhat",
          "Sangrampur",
          "Biramnagar",
          "Gandharbapur",
          "Katiahat Bazar",
          "Aturia",
          "Goaldaha",
          "Gokulpur",
          "Tentulia",
          "Hathatgange",
          "Swarupnagar",
          "Sarapul",
          "Dakbungalow Bazar",
          "Nirman",
          "Duttapara",
          "Bithari",
          "Hakimpur"
        ],
        "category": "bus_route",
        "pujaStatus": "Suburban Feeder / Truncated",
        "divertedPath": "Esplanade",
        "glowColor": "#F59E0B",
        "lineColor": "#06B6D4"
      }
    },
    {
      "type": "Feature",
      "id": "BUS_RT_115",
      "geometry": {
        "type": "LineString",
        "coordinates": [
          [
            88.4815,
            22.7215
          ],
          [
            88.4555,
            22.6985
          ],
          [
            88.4655,
            22.7055
          ],
          [
            88.4505,
            22.6861
          ],
          [
            88.4385,
            22.6685
          ],
          [
            88.4435,
            22.6545
          ],
          [
            88.4415,
            22.6485
          ],
          [
            88.4395,
            22.6365
          ],
          [
            88.4385,
            22.6315
          ],
          [
            88.4355,
            22.6235
          ],
          [
            88.4285,
            22.6135
          ],
          [
            88.4185,
            22.6015
          ],
          [
            88.4115,
            22.6045
          ],
          [
            88.4045,
            22.5985
          ],
          [
            88.3985,
            22.5945
          ],
          [
            88.3912,
            22.5925
          ],
          [
            88.3995,
            22.5885
          ],
          [
            88.4045,
            22.5875
          ],
          [
            88.413201,
            22.584388
          ],
          [
            88.425799,
            22.583612
          ],
          [
            88.4345,
            22.5805
          ],
          [
            88.4235,
            22.5695
          ],
          [
            88.4055,
            22.5655
          ],
          [
            88.3995,
            22.5526
          ],
          [
            88.3965,
            22.5415
          ],
          [
            88.4185,
            22.5385
          ],
          [
            88.4515,
            22.5285
          ],
          [
            88.4715,
            22.5185
          ],
          [
            88.47,
            22.5176
          ],
          [
            88.4715,
            22.5185
          ],
          [
            88.500018,
            22.515971
          ],
          [
            88.531727,
            22.515356
          ],
          [
            88.558273,
            22.511644
          ],
          [
            88.589982,
            22.511029
          ],
          [
            88.6185,
            22.5085
          ],
          [
            88.630706,
            22.506681
          ],
          [
            88.645387,
            22.506347
          ],
          [
            88.655609,
            22.503337
          ],
          [
            88.671391,
            22.503663
          ],
          [
            88.681613,
            22.500653
          ],
          [
            88.696294,
            22.500319
          ],
          [
            88.7085,
            22.4985
          ],
          [
            88.732,
            22.4926
          ],
          [
            88.7585,
            22.4885
          ],
          [
            88.706431,
            22.487081
          ],
          [
            88.656353,
            22.486857
          ],
          [
            88.602534,
            22.484388
          ],
          [
            88.553755,
            22.484942
          ],
          [
            88.499245,
            22.482058
          ],
          [
            88.450466,
            22.482612
          ],
          [
            88.396647,
            22.480143
          ],
          [
            88.346569,
            22.479919
          ],
          [
            88.2945,
            22.4785
          ],
          [
            88.8615,
            22.3515
          ]
        ]
      },
      "properties": {
        "routeId": "BUS_RT_115",
        "routeNo": "DN-16/1",
        "routeName": "DN-16/1 (Dhamakhali)",
        "origin": "Barasat Chapadali",
        "destination": "Dhamakhali",
        "stopCount": 54,
        "stops": [
          "Barasat Chapadali",
          "Madhyamgram",
          "BT College",
          "Gouripur",
          "Birati",
          "Airport Gate 3",
          "Airport Gate 1",
          "Kaikhali",
          "Haldirams",
          "Teghoria",
          "Baguiati",
          "Kestopur",
          "Dumdum Park",
          "Laketown",
          "Sreebhumi",
          "Ultadanga",
          "Saltlake PNB",
          "Saltlake CA Block",
          "Labony Estate",
          "Sushrut Hospital",
          "Wipro",
          "Nicco Park",
          "Chingrighata",
          "Mathpukur",
          "Science City",
          "Chowbaga",
          "Bantala Bazar",
          "Leather Complex",
          "Kantatala",
          "Calcutta Leather Complex",
          "Bhojerhat",
          "Paglarhat",
          "Boralighat",
          "Nalmuri",
          "Ghatakpukur",
          "Bamunia",
          "Chandipur",
          "Ghoshpur",
          "Ghushighata",
          "Bamanpukur",
          "Kushangra",
          "Minakhan",
          "Joygram",
          "Malancha",
          "Mathbari",
          "Rajbari",
          "Shirishtala",
          "Boyermari",
          "Kanmari",
          "Agarhati",
          "Sarberia",
          "Fakirtala",
          "Rampur",
          "Dhamakhali"
        ],
        "category": "bus_route",
        "pujaStatus": "Suburban Feeder / Truncated",
        "divertedPath": "Esplanade",
        "glowColor": "#F59E0B",
        "lineColor": "#06B6D4"
      }
    },
    {
      "type": "Feature",
      "id": "BUS_RT_116",
      "geometry": {
        "type": "LineString",
        "coordinates": [
          [
            88.4815,
            22.7215
          ],
          [
            88.4555,
            22.6985
          ],
          [
            88.4655,
            22.7055
          ],
          [
            88.402868,
            22.671054
          ],
          [
            88.344132,
            22.638946
          ],
          [
            88.2815,
            22.6045
          ],
          [
            88.3585,
            22.6356
          ],
          [
            88.4385,
            22.6685
          ],
          [
            88.4435,
            22.6545
          ],
          [
            88.4415,
            22.6485
          ],
          [
            88.4395,
            22.6365
          ],
          [
            88.4385,
            22.6315
          ],
          [
            88.4355,
            22.6235
          ],
          [
            88.4285,
            22.6135
          ],
          [
            88.4185,
            22.6015
          ],
          [
            88.4115,
            22.6045
          ],
          [
            88.4045,
            22.5985
          ],
          [
            88.3985,
            22.5945
          ],
          [
            88.3912,
            22.5925
          ],
          [
            88.3885,
            22.5775
          ],
          [
            88.3892,
            22.5715
          ],
          [
            88.3985,
            22.5645
          ],
          [
            88.3695,
            22.5638
          ],
          [
            88.3665,
            22.5615
          ],
          [
            88.3585,
            22.5635
          ],
          [
            88.3546,
            22.5668
          ],
          [
            88.3516,
            22.5645
          ],
          [
            88.34485,
            22.56525
          ],
          [
            88.3411,
            22.5678
          ],
          [
            88.3345,
            22.5565
          ],
          [
            88.3315,
            22.5485
          ],
          [
            88.3265,
            22.5565
          ],
          [
            88.3115,
            22.5645
          ],
          [
            88.3015,
            22.5685
          ],
          [
            88.2915,
            22.5715
          ],
          [
            88.2815,
            22.5785
          ]
        ]
      },
      "properties": {
        "routeId": "BUS_RT_116",
        "routeNo": "DN-17",
        "routeName": "DN-17 (Santragachi)",
        "origin": "Barasat Chapadali",
        "destination": "Santragachi",
        "stopCount": 36,
        "stops": [
          "Barasat Chapadali",
          "Madhyamgram",
          "BT College",
          "Sukantanagar",
          "Michaelnagar",
          "Bankra",
          "Gouripur",
          "Birati",
          "Airport Gate 3",
          "Airport Gate 1",
          "Kaikhali",
          "Haldirams",
          "Teghoria",
          "Baguiati",
          "Kestopur",
          "Dumdum Park",
          "Laketown",
          "Sreebhumi",
          "Ultadanga",
          "Kankurgachi",
          "Phoolbagan",
          "Beleghata",
          "Sealdah",
          "Moulali",
          "Wellington",
          "Chandni Chowk",
          "Esplanade",
          "Akashbani Bhawan",
          "Babughat",
          "Princep Ghat",
          "Hastings",
          "Vidyasagar Setu",
          "Carry Road",
          "Belepole",
          "Baksara",
          "Santragachi"
        ],
        "category": "bus_route",
        "pujaStatus": "Regulated Entry",
        "divertedPath": "Barabazar",
        "glowColor": "#F59E0B",
        "lineColor": "#06B6D4"
      }
    },
    {
      "type": "Feature",
      "id": "BUS_RT_117",
      "geometry": {
        "type": "LineString",
        "coordinates": [
          [
            88.3698,
            22.6025
          ],
          [
            88.3748,
            22.6042
          ],
          [
            88.3795,
            22.6075
          ],
          [
            88.3895,
            22.6055
          ],
          [
            88.3985,
            22.6035
          ],
          [
            88.4065,
            22.6025
          ],
          [
            88.4075,
            22.6121
          ],
          [
            88.4115,
            22.6235
          ],
          [
            88.4185,
            22.6325
          ],
          [
            88.4415,
            22.6485
          ],
          [
            88.4435,
            22.6545
          ],
          [
            88.4385,
            22.6685
          ],
          [
            88.4655,
            22.7055
          ],
          [
            88.4555,
            22.6985
          ],
          [
            88.4815,
            22.7215
          ],
          [
            88.452534,
            22.668388
          ],
          [
            88.427466,
            22.617612
          ],
          [
            88.3985,
            22.5645
          ],
          [
            88.391618,
            22.563831
          ],
          [
            88.387927,
            22.565076
          ],
          [
            88.379073,
            22.563224
          ],
          [
            88.375382,
            22.564469
          ],
          [
            88.3685,
            22.5638
          ]
        ]
      },
      "properties": {
        "routeId": "BUS_RT_117",
        "routeNo": "DN-18",
        "routeName": "DN-18 (Baduria)",
        "origin": "Shyambazar",
        "destination": "Baduria",
        "stopCount": 23,
        "stops": [
          "Shyambazar",
          "RG Kar",
          "Belgachia",
          "Patipukur",
          "Kalindi",
          "Bangur Avenue",
          "Diamond Plaza",
          "Nager Bazar",
          "Central Jail",
          "Airport Gate 1",
          "Airport Gate 3",
          "Birati",
          "BT College",
          "Madhyamgram",
          "Barasat Chapadali",
          "Kadambagachi",
          "Golabari",
          "Beleghata",
          "Deganga",
          "Berachampa",
          "Jadurhati",
          "Raghunathpur",
          "Baduria"
        ],
        "category": "bus_route",
        "pujaStatus": "Diverted Gateway",
        "divertedPath": "Bidhan Sarani",
        "glowColor": "#F59E0B",
        "lineColor": "#06B6D4"
      }
    },
    {
      "type": "Feature",
      "id": "BUS_RT_118",
      "geometry": {
        "type": "LineString",
        "coordinates": [
          [
            88.4815,
            22.7215
          ],
          [
            88.459689,
            22.681614
          ],
          [
            88.4415,
            22.6439
          ],
          [
            88.418189,
            22.603114
          ],
          [
            88.3985,
            22.5645
          ],
          [
            88.382917,
            22.560717
          ],
          [
            88.370132,
            22.558612
          ],
          [
            88.3525,
            22.5536
          ],
          [
            88.340466,
            22.551946
          ],
          [
            88.323583,
            22.547383
          ],
          [
            88.3095,
            22.5445
          ],
          [
            88.3375,
            22.55325
          ],
          [
            88.3685,
            22.5638
          ]
        ]
      },
      "properties": {
        "routeId": "BUS_RT_118",
        "routeNo": "DN-28",
        "routeName": "DN-28 (Haroa Bazar)",
        "origin": "Barasat Chapadali",
        "destination": "Haroa Bazar",
        "stopCount": 13,
        "stops": [
          "Barasat Chapadali",
          "Kadambagachi",
          "Goakhali",
          "Golabari",
          "Beleghata",
          "Deganga",
          "Aturia",
          "Berachampa",
          "Hadipur",
          "Hamadama",
          "Ramnagar",
          "Adampur",
          "Haroa Bazar"
        ],
        "category": "bus_route",
        "pujaStatus": "Suburban Feeder / Truncated",
        "divertedPath": "Esplanade",
        "glowColor": "#F59E0B",
        "lineColor": "#06B6D4"
      }
    },
    {
      "type": "Feature",
      "id": "BUS_RT_119",
      "geometry": {
        "type": "LineString",
        "coordinates": [
          [
            88.4815,
            22.7215
          ],
          [
            88.5135,
            22.7441
          ],
          [
            88.5485,
            22.7685
          ],
          [
            88.567439,
            22.782864
          ],
          [
            88.59,
            22.7994
          ],
          [
            88.607439,
            22.812864
          ],
          [
            88.6285,
            22.8285
          ],
          [
            88.6585,
            22.8385
          ],
          [
            88.645687,
            22.826434
          ],
          [
            88.633688,
            22.814856
          ],
          [
            88.620076,
            22.802311
          ],
          [
            88.608844,
            22.791194
          ],
          [
            88.59451,
            22.778215
          ],
          [
            88.583944,
            22.767497
          ],
          [
            88.569014,
            22.754161
          ],
          [
            88.558962,
            22.743751
          ],
          [
            88.543609,
            22.730161
          ],
          [
            88.533882,
            22.719946
          ],
          [
            88.518307,
            22.706224
          ],
          [
            88.508693,
            22.696076
          ],
          [
            88.493118,
            22.682354
          ],
          [
            88.483391,
            22.672139
          ],
          [
            88.468038,
            22.658549
          ],
          [
            88.457986,
            22.648139
          ],
          [
            88.443056,
            22.634803
          ],
          [
            88.43249,
            22.624085
          ],
          [
            88.418156,
            22.611106
          ],
          [
            88.406924,
            22.599989
          ],
          [
            88.393312,
            22.587444
          ],
          [
            88.381313,
            22.575866
          ],
          [
            88.3685,
            22.5638
          ]
        ]
      },
      "properties": {
        "routeId": "BUS_RT_119",
        "routeNo": "DN-35",
        "routeName": "DN-35 (Nabatkati)",
        "origin": "Barasat Chapadali",
        "destination": "Nabatkati",
        "stopCount": 31,
        "stops": [
          "Barasat Chapadali",
          "Bamangachi",
          "Duttapukur",
          "Bira Chowmatha",
          "Guma Chowmatha",
          "Khosdelpur",
          "Ashoknagar Station",
          "Habra Station",
          "Joygachi",
          "Payragachi",
          "Nakpul Bazar",
          "Machhlandapur",
          "Chatra Bazar",
          "Kalupur",
          "Chandipur",
          "Benar",
          "Kayosa Bazar",
          "Ramchandrapur Bazar",
          "Tentulia",
          "Hathatgange",
          "Swarupnagar",
          "Malangapara",
          "Mallickbari",
          "Sarapul",
          "Nirman",
          "Duttapara",
          "Nandibari",
          "Bithari",
          "Goalbathan",
          "Balti Bazar",
          "Nabatkati"
        ],
        "category": "bus_route",
        "pujaStatus": "Suburban Feeder / Truncated",
        "divertedPath": "Esplanade",
        "glowColor": "#F59E0B",
        "lineColor": "#06B6D4"
      }
    },
    {
      "type": "Feature",
      "id": "BUS_RT_120",
      "geometry": {
        "type": "LineString",
        "coordinates": [
          [
            88.8585,
            22.6585
          ],
          [
            88.5825,
            22.6006
          ],
          [
            88.3095,
            22.5445
          ],
          [
            88.314441,
            22.546001
          ],
          [
            88.321038,
            22.548496
          ],
          [
            88.324457,
            22.549084
          ],
          [
            88.332319,
            22.552337
          ],
          [
            88.334833,
            22.552382
          ],
          [
            88.343167,
            22.555918
          ],
          [
            88.345681,
            22.555963
          ],
          [
            88.353543,
            22.559216
          ],
          [
            88.356962,
            22.559804
          ],
          [
            88.363559,
            22.562299
          ],
          [
            88.3685,
            22.5638
          ]
        ]
      },
      "properties": {
        "routeId": "BUS_RT_120",
        "routeNo": "DN-38",
        "routeName": "DN-38 (Taranipur)",
        "origin": "Basirhat",
        "destination": "Taranipur",
        "stopCount": 14,
        "stops": [
          "Basirhat",
          "Sangrampur",
          "Biramnagar",
          "Katiahat Bazar",
          "Aturia",
          "Goaldaha",
          "Gokulpur",
          "Tentulia",
          "Hathatgange",
          "Swarupnagar",
          "Sarapul",
          "Raghabkati",
          "Gobindapur",
          "Taranipur"
        ],
        "category": "bus_route",
        "pujaStatus": "Suburban Feeder / Truncated",
        "divertedPath": "Esplanade",
        "glowColor": "#F59E0B",
        "lineColor": "#06B6D4"
      }
    },
    {
      "type": "Feature",
      "id": "BUS_RT_121",
      "geometry": {
        "type": "LineString",
        "coordinates": [
          [
            88.4855,
            22.7255
          ],
          [
            88.4555,
            22.6985
          ],
          [
            88.444426,
            22.692281
          ],
          [
            88.435561,
            22.687386
          ],
          [
            88.422614,
            22.680044
          ],
          [
            88.415,
            22.6759
          ],
          [
            88.401614,
            22.668294
          ],
          [
            88.393561,
            22.663886
          ],
          [
            88.381426,
            22.657031
          ],
          [
            88.3715,
            22.6515
          ],
          [
            88.3562,
            22.6548
          ]
        ]
      },
      "properties": {
        "routeId": "BUS_RT_121",
        "routeNo": "DN-43",
        "routeName": "DN-43 (Dakshineswar)",
        "origin": "Barasat Colony",
        "destination": "Dakshineswar",
        "stopCount": 11,
        "stops": [
          "Barasat Colony",
          "Madhyamgram",
          "Sajirhat",
          "Boardghar",
          "Muragacha",
          "Ghola Bazar",
          "Sodepur Station",
          "Kamarhati",
          "Rathtala",
          "Dunlop",
          "Dakshineswar"
        ],
        "category": "bus_route",
        "pujaStatus": "Diverted Gateway",
        "divertedPath": "Bidhan Sarani",
        "glowColor": "#F59E0B",
        "lineColor": "#06B6D4"
      }
    },
    {
      "type": "Feature",
      "id": "BUS_RT_122",
      "geometry": {
        "type": "LineString",
        "coordinates": [
          [
            88.8285,
            23.0485
          ],
          [
            88.732765,
            22.983748
          ],
          [
            88.63902,
            22.92019
          ],
          [
            88.541534,
            22.854388
          ],
          [
            88.449088,
            22.791608
          ],
          [
            88.350912,
            22.725392
          ],
          [
            88.258466,
            22.662612
          ],
          [
            88.16098,
            22.59681
          ],
          [
            88.067235,
            22.533252
          ],
          [
            87.9715,
            22.4685
          ],
          [
            88.056801,
            22.514406
          ],
          [
            88.144311,
            22.561636
          ],
          [
            88.227739,
            22.606419
          ],
          [
            88.3165,
            22.6544
          ],
          [
            88.399489,
            22.698919
          ],
          [
            88.487811,
            22.746636
          ],
          [
            88.572051,
            22.791906
          ],
          [
            88.6585,
            22.8385
          ],
          [
            88.6285,
            22.8285
          ],
          [
            88.611618,
            22.815971
          ],
          [
            88.597927,
            22.805356
          ],
          [
            88.579073,
            22.791644
          ],
          [
            88.565382,
            22.781029
          ],
          [
            88.5485,
            22.7685
          ],
          [
            88.530689,
            22.756114
          ],
          [
            88.5165,
            22.7459
          ],
          [
            88.497189,
            22.732614
          ],
          [
            88.4815,
            22.7215
          ],
          [
            88.4555,
            22.6985
          ],
          [
            88.4655,
            22.7055
          ],
          [
            88.455201,
            22.692388
          ],
          [
            88.448799,
            22.681612
          ],
          [
            88.4385,
            22.6685
          ],
          [
            88.4435,
            22.6545
          ],
          [
            88.424439,
            22.653114
          ],
          [
            88.409,
            22.6539
          ],
          [
            88.388439,
            22.651614
          ],
          [
            88.3715,
            22.6515
          ],
          [
            88.3562,
            22.6548
          ]
        ]
      },
      "properties": {
        "routeId": "BUS_RT_122",
        "routeNo": "DN-44",
        "routeName": "DN-44 (Dakshineswar)",
        "origin": "Bongaon",
        "destination": "Dakshineswar",
        "stopCount": 39,
        "stops": [
          "Bongaon",
          "Panchpota",
          "Kalupur",
          "Dogachia",
          "Mondonpara",
          "Debipur",
          "Chandpara",
          "Bokchora",
          "Gaighata",
          "Bagna",
          "Dharampur",
          "Kolashim Bazar",
          "Kulpukur",
          "Chongda",
          "Hatthuba",
          "Saptapally",
          "Joygachi",
          "Habra Station",
          "Ashoknagar Station",
          "Khosdelpur",
          "Guma Chowmatha",
          "Bira Chowmatha",
          "Joypul Bazar",
          "Duttapukur",
          "Bamangachi",
          "Mondonkathi",
          "Kazipara",
          "Barasat Chapadali",
          "Madhyamgram",
          "BT College",
          "Michaelnagar",
          "Gouripur",
          "Birati",
          "Airport Gate 3",
          "Belgharia Expressway",
          "Durganagar",
          "Mathkal",
          "Dunlop Bridge",
          "Dakshineswar"
        ],
        "category": "bus_route",
        "pujaStatus": "Diverted Gateway",
        "divertedPath": "Bidhan Sarani",
        "glowColor": "#F59E0B",
        "lineColor": "#06B6D4"
      }
    },
    {
      "type": "Feature",
      "id": "BUS_RT_123",
      "geometry": {
        "type": "LineString",
        "coordinates": [
          [
            88.3315,
            22.5245
          ],
          [
            88.3562,
            22.6548
          ],
          [
            88.3715,
            22.6515
          ],
          [
            88.394201,
            22.651721
          ],
          [
            88.420799,
            22.654279
          ],
          [
            88.4435,
            22.6545
          ],
          [
            88.4415,
            22.6485
          ],
          [
            88.4395,
            22.6365
          ],
          [
            88.4385,
            22.6315
          ],
          [
            88.4485,
            22.6245
          ],
          [
            88.4555,
            22.6275
          ],
          [
            88.4685,
            22.6355
          ],
          [
            88.4655,
            22.6211
          ],
          [
            88.4655,
            22.6085
          ],
          [
            88.4755,
            22.5865
          ],
          [
            88.4725,
            22.5845
          ],
          [
            88.4685,
            22.5815
          ],
          [
            88.4645,
            22.5825
          ],
          [
            88.4335,
            22.5765
          ],
          [
            88.4315,
            22.5735
          ]
        ]
      },
      "properties": {
        "routeId": "BUS_RT_123",
        "routeNo": "DN-46",
        "routeName": "DN-46 (Sector V)",
        "origin": "Ballyhalt",
        "destination": "Sector V",
        "stopCount": 20,
        "stops": [
          "Ballyhalt",
          "Dakshineswar",
          "Dunlop Bridge",
          "Mathkal",
          "Durganagar",
          "Airport Gate 3",
          "Airport Gate 1",
          "Kaikhali",
          "Haldirams",
          "Chinar Park",
          "City Center 2",
          "Akanksha",
          "Nawabpur",
          "Ecopark",
          "Narkelbagan",
          "Axis Mall",
          "Newtown",
          "DLF 1",
          "College More",
          "Sector V"
        ],
        "category": "bus_route",
        "pujaStatus": "Active EM Bypass Corridor",
        "divertedPath": "Rashbehari Connector (Bosepukur)",
        "glowColor": "#F59E0B",
        "lineColor": "#06B6D4"
      }
    },
    {
      "type": "Feature",
      "id": "BUS_RT_124",
      "geometry": {
        "type": "LineString",
        "coordinates": [
          [
            88.4855,
            22.7255
          ],
          [
            88.4555,
            22.6985
          ],
          [
            88.4655,
            22.7055
          ],
          [
            88.455201,
            22.692388
          ],
          [
            88.448799,
            22.681612
          ],
          [
            88.4385,
            22.6685
          ],
          [
            88.4435,
            22.6545
          ],
          [
            88.4415,
            22.6485
          ],
          [
            88.4395,
            22.6365
          ],
          [
            88.4385,
            22.6315
          ],
          [
            88.4485,
            22.6245
          ],
          [
            88.4555,
            22.6275
          ],
          [
            88.4685,
            22.6355
          ],
          [
            88.4655,
            22.6211
          ],
          [
            88.4655,
            22.6085
          ],
          [
            88.469,
            22.5966
          ],
          [
            88.4755,
            22.5865
          ],
          [
            88.4725,
            22.5845
          ],
          [
            88.4685,
            22.5815
          ],
          [
            88.4645,
            22.5825
          ],
          [
            88.4335,
            22.5765
          ],
          [
            88.4345,
            22.5805
          ],
          [
            88.425,
            22.5826
          ],
          [
            88.4185,
            22.5865
          ]
        ]
      },
      "properties": {
        "routeId": "BUS_RT_124",
        "routeNo": "DN-47",
        "routeName": "DN-47 (Karunamoyee)",
        "origin": "Barasat Colony",
        "destination": "Karunamoyee",
        "stopCount": 24,
        "stops": [
          "Barasat Colony",
          "Madhyamgram",
          "BT College",
          "Michaelnagar",
          "Gouripur",
          "Birati",
          "Airport Gate 3",
          "Airport Gate 1",
          "Kaikhali",
          "Haldirams",
          "Chinar Park",
          "City Center 2",
          "Akanksha",
          "Nawabpur",
          "Ecopark",
          "Jatragachi",
          "Narkelbagan",
          "Axis Mall",
          "Newtown",
          "DLF 1",
          "College More",
          "Wipro",
          "Saltlake 10no Tank",
          "Karunamoyee"
        ],
        "category": "bus_route",
        "pujaStatus": "Active EM Bypass Corridor",
        "divertedPath": "Rashbehari Connector (Bosepukur)",
        "glowColor": "#F59E0B",
        "lineColor": "#06B6D4"
      }
    },
    {
      "type": "Feature",
      "id": "BUS_RT_125",
      "geometry": {
        "type": "LineString",
        "coordinates": [
          [
            88.3315,
            22.5245
          ],
          [
            88.5025,
            22.5715
          ],
          [
            88.4985,
            22.5735
          ],
          [
            88.5045,
            22.5765
          ],
          [
            88.4855,
            22.5745
          ],
          [
            88.4755,
            22.5865
          ],
          [
            88.4725,
            22.5845
          ],
          [
            88.4685,
            22.5815
          ],
          [
            88.4645,
            22.5825
          ],
          [
            88.4335,
            22.5765
          ],
          [
            88.4345,
            22.5805
          ],
          [
            88.425,
            22.5826
          ],
          [
            88.4185,
            22.5865
          ],
          [
            88.4165,
            22.5895
          ],
          [
            88.4085,
            22.5895
          ],
          [
            88.4045,
            22.5875
          ],
          [
            88.3995,
            22.5885
          ],
          [
            88.3915,
            22.5935
          ],
          [
            88.3912,
            22.5925
          ],
          [
            88.3775,
            22.5935
          ],
          [
            88.3698,
            22.6025
          ],
          [
            88.3748,
            22.6042
          ],
          [
            88.3685,
            22.5638
          ]
        ]
      },
      "properties": {
        "routeId": "BUS_RT_125",
        "routeNo": "K-1",
        "routeName": "K-1 (Kolkata Station)",
        "origin": "Hatishala",
        "destination": "Kolkata Station",
        "stopCount": 23,
        "stops": [
          "Hatishala",
          "Shapoorji",
          "Karigari Bhawan",
          "Uem Campus",
          "Unitech Gate 1",
          "Narkelbagan",
          "Axis Mall",
          "Newtown",
          "DLF 1",
          "College More",
          "Wipro",
          "Saltlake 10no Tank",
          "Karunamoyee",
          "Bikash Bhawan",
          "City Center 1",
          "Saltlake CA Block",
          "Saltlake PNB",
          "Ultadanga Hudco",
          "Ultadanga",
          "Khanna Cinema",
          "Shyambazar",
          "RG Kar",
          "Kolkata Station"
        ],
        "category": "bus_route",
        "pujaStatus": "Suburban Feeder / Truncated",
        "divertedPath": "Esplanade",
        "glowColor": "#F59E0B",
        "lineColor": "#06B6D4"
      }
    },
    {
      "type": "Feature",
      "id": "BUS_RT_126",
      "geometry": {
        "type": "LineString",
        "coordinates": [
          [
            88.3562,
            22.6548
          ],
          [
            88.3625,
            22.6525
          ],
          [
            88.364201,
            22.651388
          ],
          [
            88.369799,
            22.652612
          ],
          [
            88.3715,
            22.6515
          ],
          [
            88.37,
            22.6476
          ],
          [
            88.3715,
            22.6455
          ],
          [
            88.3715,
            22.6365
          ],
          [
            88.3725,
            22.6275
          ],
          [
            88.3715,
            22.6185
          ],
          [
            88.3698,
            22.6025
          ],
          [
            88.3775,
            22.5935
          ],
          [
            88.3765,
            22.5855
          ],
          [
            88.3735,
            22.5791
          ],
          [
            88.3735,
            22.5745
          ],
          [
            88.3695,
            22.5638
          ],
          [
            88.3665,
            22.5615
          ],
          [
            88.369939,
            22.556364
          ],
          [
            88.377,
            22.5534
          ],
          [
            88.378939,
            22.547364
          ],
          [
            88.3845,
            22.5435
          ],
          [
            88.3965,
            22.5415
          ],
          [
            88.396,
            22.5346
          ],
          [
            88.3985,
            22.5295
          ],
          [
            88.3995,
            22.5132
          ]
        ]
      },
      "properties": {
        "routeId": "BUS_RT_126",
        "routeNo": "K-4",
        "routeName": "K-4 (Ruby)",
        "origin": "Dakshineswar",
        "destination": "Ruby",
        "stopCount": 25,
        "stops": [
          "Dakshineswar",
          "Alambazar",
          "Tantipara",
          "Sabedabagan",
          "Dunlop",
          "Indian Statistical Institute",
          "Bonhooghly",
          "Tobin Road",
          "Sinthi",
          "Chiria",
          "Shyambazar",
          "Khanna Cinema",
          "Maniktala",
          "Sukea Street",
          "Rajabazar",
          "Sealdah",
          "Moulali",
          "CIT Road",
          "Chittaranjan Hospital",
          "4 No Bridge",
          "Topsia",
          "Science City",
          "Uttar Panchannagram",
          "VIP Bazar",
          "Ruby"
        ],
        "category": "bus_route",
        "pujaStatus": "Diverted Gateway",
        "divertedPath": "Bidhan Sarani",
        "glowColor": "#F59E0B",
        "lineColor": "#06B6D4"
      }
    },
    {
      "type": "Feature",
      "id": "BUS_RT_127",
      "geometry": {
        "type": "LineString",
        "coordinates": [
          [
            88.2185,
            22.6415
          ],
          [
            88.2185,
            22.6415
          ],
          [
            88.231534,
            22.631721
          ],
          [
            88.248466,
            22.624279
          ],
          [
            88.2615,
            22.6145
          ],
          [
            88.266868,
            22.601721
          ],
          [
            88.276132,
            22.591279
          ],
          [
            88.2815,
            22.5785
          ],
          [
            88.2915,
            22.5715
          ],
          [
            88.3015,
            22.5685
          ],
          [
            88.3115,
            22.5645
          ],
          [
            88.3265,
            22.5565
          ],
          [
            88.3385,
            22.5445
          ],
          [
            88.3475,
            22.5415
          ]
        ]
      },
      "properties": {
        "routeId": "BUS_RT_127",
        "routeNo": "K-11",
        "routeName": "K-11 (Rabindra Sadan)",
        "origin": "Domjur",
        "destination": "Rabindra Sadan",
        "stopCount": 14,
        "stops": [
          "Domjur",
          "Domjur Bdo Office",
          "Makardaha",
          "Katlia",
          "Salap",
          "Khejurtala",
          "Garpa",
          "Santragachi",
          "Baksara",
          "Belepole",
          "Carry Road",
          "Vidyasagar Setu",
          "PTS",
          "Rabindra Sadan"
        ],
        "category": "bus_route",
        "pujaStatus": "Regulated Entry",
        "divertedPath": "Barabazar",
        "glowColor": "#F59E0B",
        "lineColor": "#06B6D4"
      }
    },
    {
      "type": "Feature",
      "id": "BUS_RT_128",
      "geometry": {
        "type": "LineString",
        "coordinates": [
          [
            88.3045,
            22.5025
          ],
          [
            88.3185,
            22.5085
          ],
          [
            88.3215,
            22.5155
          ],
          [
            88.3245,
            22.5245
          ],
          [
            88.3255,
            22.5315
          ],
          [
            88.3265,
            22.5385
          ],
          [
            88.3315,
            22.5485
          ],
          [
            88.3385,
            22.5445
          ],
          [
            88.3475,
            22.5415
          ],
          [
            88.3545,
            22.5415
          ],
          [
            88.3615,
            22.5395
          ],
          [
            88.3635,
            22.5475
          ],
          [
            88.3665,
            22.5615
          ],
          [
            88.3695,
            22.5638
          ],
          [
            88.3985,
            22.5645
          ],
          [
            88.3985,
            22.5645
          ],
          [
            88.4055,
            22.5655
          ],
          [
            88.413,
            22.5666
          ],
          [
            88.4235,
            22.5695
          ],
          [
            88.4345,
            22.5805
          ],
          [
            88.4325,
            22.5785
          ],
          [
            88.4335,
            22.5765
          ],
          [
            88.4645,
            22.5825
          ],
          [
            88.4685,
            22.5815
          ],
          [
            88.4725,
            22.5845
          ],
          [
            88.4755,
            22.5865
          ],
          [
            88.4855,
            22.5745
          ]
        ]
      },
      "properties": {
        "routeId": "BUS_RT_128",
        "routeNo": "KB-12",
        "routeName": "KB-12 (Unitech Gate 1)",
        "origin": "Parnasree",
        "destination": "Unitech Gate 1",
        "stopCount": 27,
        "stops": [
          "Parnasree",
          "Taratala",
          "Majherhat",
          "Mominpore",
          "Ekbalpur",
          "Kidderpore",
          "Hastings",
          "PTS",
          "Rabindra Sadan",
          "Minto Park",
          "Beck Bagan",
          "Mallick Bazar",
          "Moulali",
          "Sealdah",
          "Beleghata",
          "Beleghata Building",
          "Chingrighata",
          "Sukantanagar",
          "Nicco Park",
          "Wipro",
          "SDF",
          "College More",
          "DLF 1",
          "Newtown",
          "Axis Mall",
          "Narkelbagan",
          "Unitech Gate 1"
        ],
        "category": "bus_route",
        "pujaStatus": "Rerouted via James Long Sarani",
        "divertedPath": "Manton",
        "glowColor": "#F59E0B",
        "lineColor": "#06B6D4"
      }
    },
    {
      "type": "Feature",
      "id": "BUS_RT_129",
      "geometry": {
        "type": "LineString",
        "coordinates": [
          [
            88.4045,
            22.5195
          ],
          [
            88.3995,
            22.5132
          ],
          [
            88.3935,
            22.5145
          ],
          [
            88.3845,
            22.5155
          ],
          [
            88.3815,
            22.5165
          ],
          [
            88.3695,
            22.5215
          ],
          [
            88.3654,
            22.5185
          ],
          [
            88.3585,
            22.5185
          ],
          [
            88.3525,
            22.5245
          ],
          [
            88.352,
            22.5321
          ],
          [
            88.3545,
            22.5415
          ],
          [
            88.3475,
            22.5415
          ],
          [
            88.3385,
            22.5445
          ],
          [
            88.3265,
            22.5565
          ],
          [
            88.3115,
            22.5645
          ],
          [
            88.3015,
            22.5685
          ],
          [
            88.295,
            22.5691
          ],
          [
            88.2915,
            22.5715
          ],
          [
            88.2815,
            22.5785
          ]
        ]
      },
      "properties": {
        "routeId": "BUS_RT_129",
        "routeNo": "KB-15",
        "routeName": "KB-15 (Santragachi)",
        "origin": "Anandapur",
        "destination": "Santragachi",
        "stopCount": 19,
        "stops": [
          "Anandapur",
          "Ruby",
          "Acropolis Mall",
          "Bosepukur",
          "Kasba PS",
          "Ballygunge Station",
          "Gariahat",
          "Deshapriya Park",
          "Sishu Mangal",
          "Lansdowne",
          "Minto Park",
          "Rabindra Sadan",
          "PTS",
          "Vidyasagar Setu",
          "Carry Road",
          "Belepole",
          "Betore",
          "Baksara",
          "Santragachi"
        ],
        "category": "bus_route",
        "pujaStatus": "Regulated Entry",
        "divertedPath": "Barabazar",
        "glowColor": "#F59E0B",
        "lineColor": "#06B6D4"
      }
    },
    {
      "type": "Feature",
      "id": "BUS_RT_130",
      "geometry": {
        "type": "LineString",
        "coordinates": [
          [
            88.5025,
            22.5715
          ],
          [
            88.499868,
            22.571388
          ],
          [
            88.501132,
            22.573612
          ],
          [
            88.4985,
            22.5735
          ],
          [
            88.5045,
            22.5765
          ],
          [
            88.4855,
            22.5745
          ],
          [
            88.4755,
            22.5865
          ],
          [
            88.4725,
            22.5845
          ],
          [
            88.4685,
            22.5815
          ],
          [
            88.4645,
            22.5825
          ],
          [
            88.4335,
            22.5765
          ],
          [
            88.4325,
            22.5776
          ],
          [
            88.4345,
            22.5805
          ],
          [
            88.425,
            22.5826
          ],
          [
            88.4185,
            22.5865
          ],
          [
            88.416,
            22.5871
          ],
          [
            88.4165,
            22.5895
          ],
          [
            88.4145,
            22.5875
          ],
          [
            88.4085,
            22.5895
          ],
          [
            88.4045,
            22.5875
          ],
          [
            88.4005,
            22.5871
          ],
          [
            88.3995,
            22.5885
          ],
          [
            88.3915,
            22.5935
          ],
          [
            88.3912,
            22.5925
          ],
          [
            88.3775,
            22.5935
          ],
          [
            88.3698,
            22.6025
          ],
          [
            88.3748,
            22.6042
          ],
          [
            88.3795,
            22.6075
          ],
          [
            88.383,
            22.6056
          ],
          [
            88.3895,
            22.6055
          ],
          [
            88.3985,
            22.6035
          ],
          [
            88.4045,
            22.5985
          ],
          [
            88.4065,
            22.6025
          ]
        ]
      },
      "properties": {
        "routeId": "BUS_RT_130",
        "routeNo": "KB-16",
        "routeName": "KB-16 (Bangur Avenue)",
        "origin": "Shapoorji",
        "destination": "Bangur Avenue",
        "stopCount": 33,
        "stops": [
          "Shapoorji",
          "Natunpukur",
          "Hajratala",
          "Karigari Bhawan",
          "Uem Campus",
          "Unitech Gate 1",
          "Narkelbagan",
          "Axis Mall",
          "Newtown",
          "DLF 1",
          "College More",
          "IBM",
          "Wipro",
          "Saltlake 10no Tank",
          "Karunamoyee",
          "Mayukh Bhawan",
          "Bikash Bhawan",
          "Central Park",
          "City Center 1",
          "Saltlake CA Block",
          "2 No Tank",
          "Saltlake PNB",
          "Ultadanga Hudco",
          "Ultadanga",
          "Khanna Cinema",
          "Shyambazar",
          "RG Kar",
          "Belgachia",
          "Duttabagan",
          "Patipukur",
          "Kalindi",
          "Laketown Jessore Road",
          "Bangur Avenue"
        ],
        "category": "bus_route",
        "pujaStatus": "Active EM Bypass Corridor",
        "divertedPath": "Rashbehari Connector (Bosepukur)",
        "glowColor": "#F59E0B",
        "lineColor": "#06B6D4"
      }
    },
    {
      "type": "Feature",
      "id": "BUS_RT_131",
      "geometry": {
        "type": "LineString",
        "coordinates": [
          [
            88.4285,
            22.4415
          ],
          [
            88.422051,
            22.444531
          ],
          [
            88.417811,
            22.448886
          ],
          [
            88.409489,
            22.450794
          ],
          [
            88.4065,
            22.4559
          ],
          [
            88.397739,
            22.457544
          ],
          [
            88.394311,
            22.462386
          ],
          [
            88.386801,
            22.464781
          ],
          [
            88.3815,
            22.4685
          ],
          [
            88.377189,
            22.475364
          ],
          [
            88.3765,
            22.4844
          ],
          [
            88.370689,
            22.490364
          ],
          [
            88.3685,
            22.4985
          ],
          [
            88.3645,
            22.4995
          ],
          [
            88.3665,
            22.5055
          ],
          [
            88.3665,
            22.5115
          ],
          [
            88.3654,
            22.5185
          ],
          [
            88.3655,
            22.5295
          ],
          [
            88.3655,
            22.5385
          ],
          [
            88.3685,
            22.5435
          ],
          [
            88.366534,
            22.548721
          ],
          [
            88.368466,
            22.556279
          ],
          [
            88.3665,
            22.5615
          ],
          [
            88.3695,
            22.5638
          ],
          [
            88.3735,
            22.5745
          ],
          [
            88.3765,
            22.5855
          ],
          [
            88.3885,
            22.5775
          ],
          [
            88.3912,
            22.5925
          ],
          [
            88.3995,
            22.5885
          ],
          [
            88.403868,
            22.588054
          ],
          [
            88.412132,
            22.589946
          ],
          [
            88.4165,
            22.5895
          ],
          [
            88.4185,
            22.5865
          ],
          [
            88.4345,
            22.5805
          ],
          [
            88.4335,
            22.5765
          ],
          [
            88.4645,
            22.5825
          ],
          [
            88.4685,
            22.5815
          ],
          [
            88.4725,
            22.5845
          ],
          [
            88.4755,
            22.5865
          ],
          [
            88.479,
            22.5796
          ],
          [
            88.4855,
            22.5745
          ]
        ]
      },
      "properties": {
        "routeId": "BUS_RT_131",
        "routeNo": "KB-17",
        "routeName": "KB-17 (Unitech Gate 1)",
        "origin": "Sonarpur Station",
        "destination": "Unitech Gate 1",
        "stopCount": 41,
        "stops": [
          "Sonarpur Station",
          "Power House",
          "Iimc Hospital",
          "Mission Pally",
          "Shimultala",
          "Karbala",
          "Kamalgazi",
          "Mahamayatala",
          "Garia Metro",
          "Ramgarh",
          "Baghajatin",
          "Sulekha",
          "Jadavpur 8B",
          "Jadavpur PS",
          "Dhakuria",
          "Golpark",
          "Gariahat",
          "Ballygunge Phari",
          "Quest Mall",
          "Park Circus",
          "Chittaranjan Hospital",
          "CIT Road",
          "Moulali",
          "Sealdah",
          "Rajabazar",
          "Maniktala",
          "Kankurgachi",
          "Ultadanga",
          "Saltlake PNB",
          "Saltlake 4no Tank",
          "Sech Bhawan",
          "Bikash Bhawan",
          "Karunamoyee",
          "Wipro",
          "College More",
          "DLF 1",
          "Newtown",
          "Axis Mall",
          "Narkelbagan",
          "Tata Medical",
          "Unitech Gate 1"
        ],
        "category": "bus_route",
        "pujaStatus": "Active EM Bypass Corridor",
        "divertedPath": "Rashbehari Connector (Bosepukur)",
        "glowColor": "#F59E0B",
        "lineColor": "#06B6D4"
      }
    },
    {
      "type": "Feature",
      "id": "BUS_RT_132",
      "geometry": {
        "type": "LineString",
        "coordinates": [
          [
            88.3315,
            22.5245
          ],
          [
            88.4655,
            22.7055
          ],
          [
            88.402868,
            22.671054
          ],
          [
            88.344132,
            22.638946
          ],
          [
            88.2815,
            22.6045
          ],
          [
            88.3585,
            22.6356
          ],
          [
            88.4385,
            22.6685
          ],
          [
            88.4435,
            22.6545
          ],
          [
            88.4415,
            22.6485
          ],
          [
            88.4395,
            22.6365
          ],
          [
            88.4385,
            22.6315
          ],
          [
            88.4355,
            22.6235
          ],
          [
            88.4285,
            22.6135
          ],
          [
            88.4185,
            22.6015
          ],
          [
            88.4115,
            22.6045
          ],
          [
            88.4045,
            22.5985
          ],
          [
            88.3985,
            22.5945
          ],
          [
            88.3912,
            22.5925
          ],
          [
            88.3775,
            22.5935
          ],
          [
            88.3765,
            22.5855
          ],
          [
            88.3735,
            22.5791
          ],
          [
            88.3735,
            22.5745
          ],
          [
            88.3695,
            22.5638
          ],
          [
            88.3665,
            22.5615
          ],
          [
            88.365018,
            22.558171
          ],
          [
            88.366727,
            22.556756
          ],
          [
            88.363273,
            22.552244
          ],
          [
            88.364982,
            22.550829
          ],
          [
            88.3635,
            22.5475
          ],
          [
            88.3685,
            22.5435
          ],
          [
            88.375,
            22.5426
          ],
          [
            88.3845,
            22.5435
          ],
          [
            88.3965,
            22.5415
          ],
          [
            88.4185,
            22.5385
          ],
          [
            88.4515,
            22.5285
          ],
          [
            88.4715,
            22.5185
          ]
        ]
      },
      "properties": {
        "routeId": "BUS_RT_132",
        "routeNo": "KB-21",
        "routeName": "KB-21 (Leather Complex)",
        "origin": "Ganga Nagar",
        "destination": "Leather Complex",
        "stopCount": 36,
        "stops": [
          "Ganga Nagar",
          "BT College",
          "Sukantanagar",
          "Michaelnagar",
          "Bankra",
          "Gouripur",
          "Birati",
          "Airport Gate 3",
          "Airport Gate 1",
          "Kaikhali",
          "Haldirams",
          "Teghoria",
          "Baguiati",
          "Kestopur",
          "Dumdum Park",
          "Laketown",
          "Sreebhumi",
          "Ultadanga",
          "Khanna Cinema",
          "Maniktala",
          "Sukea Street",
          "Rajabazar",
          "Sealdah",
          "Moulali",
          "Entally Market",
          "Jora Girja",
          "Ripon Street",
          "Nonapukur",
          "Mallick Bazar",
          "Park Circus",
          "4 No Bridge",
          "Topsia",
          "Science City",
          "Chowbaga",
          "Bantala Bazar",
          "Leather Complex"
        ],
        "category": "bus_route",
        "pujaStatus": "Active EM Bypass Corridor",
        "divertedPath": "Rashbehari Connector (Bosepukur)",
        "glowColor": "#F59E0B",
        "lineColor": "#06B6D4"
      }
    },
    {
      "type": "Feature",
      "id": "BUS_RT_133",
      "geometry": {
        "type": "LineString",
        "coordinates": [
          [
            88.3315,
            22.5245
          ],
          [
            88.373189,
            22.535614
          ],
          [
            88.4185,
            22.5489
          ],
          [
            88.458689,
            22.559114
          ],
          [
            88.5025,
            22.5715
          ],
          [
            88.4985,
            22.5735
          ],
          [
            88.5045,
            22.5765
          ],
          [
            88.4855,
            22.5745
          ],
          [
            88.4755,
            22.5865
          ],
          [
            88.4725,
            22.5845
          ],
          [
            88.4685,
            22.5815
          ],
          [
            88.4645,
            22.5825
          ],
          [
            88.4335,
            22.5765
          ],
          [
            88.4345,
            22.5805
          ],
          [
            88.4185,
            22.5865
          ],
          [
            88.4165,
            22.5895
          ],
          [
            88.4085,
            22.5895
          ],
          [
            88.4045,
            22.5875
          ],
          [
            88.3995,
            22.5885
          ],
          [
            88.3912,
            22.5925
          ],
          [
            88.3775,
            22.5935
          ],
          [
            88.3698,
            22.6025
          ],
          [
            88.3748,
            22.6042
          ],
          [
            88.3685,
            22.5638
          ]
        ]
      },
      "properties": {
        "routeId": "BUS_RT_133",
        "routeNo": "KB-22",
        "routeName": "KB-22 (Kolkata Station)",
        "origin": "Jamirgachi",
        "destination": "Kolkata Station",
        "stopCount": 24,
        "stops": [
          "Jamirgachi",
          "Shonepur",
          "Gabtala Bazar",
          "Hatishala",
          "Shapoorji",
          "Karigari Bhawan",
          "Uem Campus",
          "Unitech Gate 1",
          "Narkelbagan",
          "Axis Mall",
          "Newtown",
          "DLF 1",
          "College More",
          "Wipro",
          "Karunamoyee",
          "Bikash Bhawan",
          "City Center 1",
          "Saltlake CA Block",
          "Saltlake PNB",
          "Ultadanga",
          "Khanna Cinema",
          "Shyambazar",
          "RG Kar",
          "Kolkata Station"
        ],
        "category": "bus_route",
        "pujaStatus": "Suburban Feeder / Truncated",
        "divertedPath": "Esplanade",
        "glowColor": "#F59E0B",
        "lineColor": "#06B6D4"
      }
    },
    {
      "type": "Feature",
      "id": "BUS_RT_134",
      "geometry": {
        "type": "LineString",
        "coordinates": [
          [
            88.3315,
            22.5245
          ],
          [
            88.5025,
            22.5715
          ],
          [
            88.4985,
            22.5735
          ],
          [
            88.5045,
            22.5765
          ],
          [
            88.4855,
            22.5745
          ],
          [
            88.4755,
            22.5865
          ],
          [
            88.4725,
            22.5845
          ],
          [
            88.4685,
            22.5815
          ],
          [
            88.4645,
            22.5825
          ],
          [
            88.4335,
            22.5765
          ],
          [
            88.4345,
            22.5805
          ],
          [
            88.4185,
            22.5865
          ],
          [
            88.4165,
            22.5895
          ],
          [
            88.4085,
            22.5895
          ],
          [
            88.4045,
            22.5875
          ],
          [
            88.3995,
            22.5885
          ],
          [
            88.3912,
            22.5925
          ],
          [
            88.3775,
            22.5935
          ],
          [
            88.3698,
            22.6025
          ],
          [
            88.3748,
            22.6042
          ],
          [
            88.3685,
            22.5638
          ]
        ]
      },
      "properties": {
        "routeId": "BUS_RT_134",
        "routeNo": "KB-24",
        "routeName": "KB-24 (Kolkata Station)",
        "origin": "Hatishala",
        "destination": "Kolkata Station",
        "stopCount": 21,
        "stops": [
          "Hatishala",
          "Shapoorji",
          "Karigari Bhawan",
          "Uem Campus",
          "Unitech Gate 1",
          "Narkelbagan",
          "Axis Mall",
          "Newtown",
          "DLF 1",
          "College More",
          "Wipro",
          "Karunamoyee",
          "Bikash Bhawan",
          "City Center 1",
          "Saltlake CA Block",
          "Saltlake PNB",
          "Ultadanga",
          "Khanna Cinema",
          "Shyambazar",
          "RG Kar",
          "Kolkata Station"
        ],
        "category": "bus_route",
        "pujaStatus": "Suburban Feeder / Truncated",
        "divertedPath": "Esplanade",
        "glowColor": "#F59E0B",
        "lineColor": "#06B6D4"
      }
    },
    {
      "type": "Feature",
      "id": "BUS_RT_135",
      "geometry": {
        "type": "LineString",
        "coordinates": [
          [
            88.3315,
            22.5245
          ],
          [
            88.339,
            22.5281
          ],
          [
            88.3495,
            22.5335
          ],
          [
            88.263939,
            22.544864
          ],
          [
            88.182,
            22.5584
          ],
          [
            88.094939,
            22.568864
          ],
          [
            88.0115,
            22.5815
          ],
          [
            88.070201,
            22.574054
          ],
          [
            88.132799,
            22.568946
          ],
          [
            88.1915,
            22.5615
          ],
          [
            88.2415,
            22.5515
          ],
          [
            88.245439,
            22.566614
          ],
          [
            88.253,
            22.5839
          ],
          [
            88.255439,
            22.598114
          ],
          [
            88.2615,
            22.6145
          ],
          [
            88.2815,
            22.6045
          ],
          [
            88.285,
            22.5986
          ],
          [
            88.2915,
            22.5945
          ],
          [
            88.3015,
            22.5845
          ],
          [
            88.307968,
            22.583388
          ],
          [
            88.318332,
            22.584612
          ],
          [
            88.3248,
            22.5835
          ],
          [
            88.3431,
            22.5855
          ]
        ]
      },
      "properties": {
        "routeId": "BUS_RT_135",
        "routeNo": "E-43",
        "routeName": "E-43 (Howrah Station)",
        "origin": "Dihibhursut",
        "destination": "Howrah Station",
        "stopCount": 23,
        "stops": [
          "Dihibhursut",
          "Udaynarayanpur",
          "Garh Bhowanipore",
          "Sehagori",
          "Khorop",
          "Betai Bandar",
          "Amta",
          "Panpur",
          "Ranihati",
          "Dhulagarh",
          "Alampur",
          "Jalan Gate",
          "Ankurhati",
          "Nibra",
          "Salap",
          "Bankra Bazar",
          "Japani Gate",
          "Baltikuri",
          "Dasnagar",
          "Shanpur",
          "Tikiapara Bypass",
          "Howrah Maidan",
          "Howrah Station"
        ],
        "category": "bus_route",
        "pujaStatus": "Regulated Entry",
        "divertedPath": "Barabazar",
        "glowColor": "#F59E0B",
        "lineColor": "#06B6D4"
      }
    },
    {
      "type": "Feature",
      "id": "BUS_RT_136",
      "geometry": {
        "type": "LineString",
        "coordinates": [
          [
            88.2945,
            22.4785
          ],
          [
            88.274439,
            22.518614
          ],
          [
            88.258,
            22.5609
          ],
          [
            88.236439,
            22.600114
          ],
          [
            88.2185,
            22.6415
          ],
          [
            88.231534,
            22.631721
          ],
          [
            88.248466,
            22.624279
          ],
          [
            88.2615,
            22.6145
          ],
          [
            88.2815,
            22.6045
          ],
          [
            88.29,
            22.5936
          ],
          [
            88.3015,
            22.5845
          ],
          [
            88.307968,
            22.583388
          ],
          [
            88.318332,
            22.584612
          ],
          [
            88.3248,
            22.5835
          ],
          [
            88.3431,
            22.5855
          ]
        ]
      },
      "properties": {
        "routeId": "BUS_RT_136",
        "routeNo": "E-44",
        "routeName": "E-44 (Howrah Station)",
        "origin": "Rampur",
        "destination": "Howrah Station",
        "stopCount": 15,
        "stops": [
          "Rampur",
          "Udaynarayanpur",
          "Munshirhat",
          "Bargachia",
          "Domjur",
          "Makardaha",
          "Katlia",
          "Salap",
          "Bankra Bazar",
          "Japani Gate",
          "Dasnagar",
          "Shanpur",
          "Tikiapara Bypass",
          "Howrah Maidan",
          "Howrah Station"
        ],
        "category": "bus_route",
        "pujaStatus": "Suburban Feeder / Truncated",
        "divertedPath": "Esplanade",
        "glowColor": "#F59E0B",
        "lineColor": "#06B6D4"
      }
    },
    {
      "type": "Feature",
      "id": "BUS_RT_137",
      "geometry": {
        "type": "LineString",
        "coordinates": [
          [
            88.3315,
            22.5245
          ],
          [
            88.250439,
            22.538114
          ],
          [
            88.173,
            22.5539
          ],
          [
            88.090439,
            22.566614
          ],
          [
            88.0115,
            22.5815
          ],
          [
            88.070201,
            22.574054
          ],
          [
            88.132799,
            22.568946
          ],
          [
            88.1915,
            22.5615
          ],
          [
            88.2415,
            22.5515
          ],
          [
            88.245439,
            22.566614
          ],
          [
            88.253,
            22.5839
          ],
          [
            88.255439,
            22.598114
          ],
          [
            88.2615,
            22.6145
          ],
          [
            88.2815,
            22.6045
          ],
          [
            88.285,
            22.5986
          ],
          [
            88.2915,
            22.5945
          ],
          [
            88.3015,
            22.5845
          ],
          [
            88.307968,
            22.583388
          ],
          [
            88.318332,
            22.584612
          ],
          [
            88.3248,
            22.5835
          ],
          [
            88.3431,
            22.5855
          ]
        ]
      },
      "properties": {
        "routeId": "BUS_RT_137",
        "routeNo": "E-53",
        "routeName": "E-53 (Howrah Station)",
        "origin": "Narit",
        "destination": "Howrah Station",
        "stopCount": 21,
        "stops": [
          "Narit",
          "Khejurdaha",
          "Joypur",
          "Sehagori",
          "Amta",
          "Panpur",
          "Ranihati",
          "Dhulagarh",
          "Alampur",
          "Jalan Gate",
          "Ankurhati",
          "Nibra",
          "Salap",
          "Bankra Bazar",
          "Japani Gate",
          "Baltikuri",
          "Dasnagar",
          "Shanpur",
          "Tikiapara Bypass",
          "Howrah Maidan",
          "Howrah Station"
        ],
        "category": "bus_route",
        "pujaStatus": "Suburban Feeder / Truncated",
        "divertedPath": "Esplanade",
        "glowColor": "#F59E0B",
        "lineColor": "#06B6D4"
      }
    },
    {
      "type": "Feature",
      "id": "BUS_RT_138",
      "geometry": {
        "type": "LineString",
        "coordinates": [
          [
            88.3516,
            22.5645
          ],
          [
            88.3385,
            22.5445
          ],
          [
            88.33,
            22.5336
          ],
          [
            88.3245,
            22.5245
          ],
          [
            88.3185,
            22.5085
          ],
          [
            88.3135,
            22.4996
          ],
          [
            88.3115,
            22.4925
          ],
          [
            88.3105,
            22.4845
          ],
          [
            88.3095,
            22.4785
          ],
          [
            88.3085,
            22.4685
          ],
          [
            88.3085,
            22.4685
          ],
          [
            88.3085,
            22.4685
          ],
          [
            88.304818,
            22.461971
          ],
          [
            88.304327,
            22.457356
          ],
          [
            88.298673,
            22.449644
          ],
          [
            88.298182,
            22.445029
          ],
          [
            88.2945,
            22.4385
          ],
          [
            88.28825,
            22.42805
          ],
          [
            88.284799,
            22.419279
          ],
          [
            88.2765,
            22.4076
          ],
          [
            88.273799,
            22.399279
          ],
          [
            88.26625,
            22.38805
          ],
          [
            88.2615,
            22.3785
          ],
          [
            88.253534,
            22.367721
          ],
          [
            88.249466,
            22.359279
          ],
          [
            88.2415,
            22.3485
          ],
          [
            88.235431,
            22.330525
          ],
          [
            88.231353,
            22.313746
          ],
          [
            88.223534,
            22.294721
          ],
          [
            88.220755,
            22.278719
          ],
          [
            88.212245,
            22.259281
          ],
          [
            88.209466,
            22.243279
          ],
          [
            88.201647,
            22.224254
          ],
          [
            88.197569,
            22.207475
          ],
          [
            88.1915,
            22.1895
          ],
          [
            88.215,
            22.1331
          ],
          [
            88.2415,
            22.0785
          ],
          [
            88.231917,
            22.044717
          ],
          [
            88.225132,
            22.012612
          ],
          [
            88.2135,
            21.9776
          ],
          [
            88.207466,
            21.945946
          ],
          [
            88.196583,
            21.911383
          ],
          [
            88.1885,
            21.8785
          ],
          [
            88.2085,
            21.8226
          ],
          [
            88.2315,
            21.7685
          ],
          [
            88.233426,
            21.742281
          ],
          [
            88.237561,
            21.717386
          ],
          [
            88.237614,
            21.690044
          ],
          [
            88.243,
            21.6659
          ],
          [
            88.242614,
            21.638294
          ],
          [
            88.247561,
            21.613886
          ],
          [
            88.248426,
            21.587031
          ],
          [
            88.2515,
            21.5615
          ]
        ]
      },
      "properties": {
        "routeId": "BUS_RT_138",
        "routeNo": "Kolkata",
        "routeName": "Kolkata to Bakkhali (Bakkhali)",
        "origin": "Esplanade",
        "destination": "Bakkhali",
        "stopCount": 53,
        "stops": [
          "Esplanade",
          "PTS",
          "Alipore Zoo",
          "Mominpore",
          "Taratala",
          "Behala Tram Depot",
          "Behala Chowrasta",
          "Sakher Bazar",
          "Shilpara",
          "Thakurpukur Bazar",
          "Thakurpukur",
          "Thakurpukur 3A Bus Stand",
          "Joka Esi",
          "Joka Khalpole",
          "Iim Joka",
          "Joka Bharat Sevashram Hospital",
          "Pailan",
          "Konchowki",
          "Swaminarayan Temple",
          "Khariberia",
          "Bagirhat",
          "Bishnupur PS",
          "Amtala",
          "Kriparampur",
          "Rajarhat",
          "Shirakole",
          "Mollarthesh",
          "Hashimnagar",
          "Fatehpur",
          "Dostipur",
          "Marine College",
          "Sarishahat",
          "Sarisha Ashram",
          "Kapathat",
          "Diamond Harbour",
          "Hatugunj",
          "Kulpi",
          "Karanjali",
          "Nischintapur",
          "Kshirishtala",
          "5no Haat",
          "Notun Rasta",
          "Kakdwip",
          "Ukilerhat",
          "Namkhana",
          "Notun Bazar",
          "Dwariknagar",
          "Chandranagar",
          "7 Mile Bazar",
          "Shibpur Junction",
          "10 Mile Bazar",
          "Frasergunj",
          "Bakkhali"
        ],
        "category": "bus_route",
        "pujaStatus": "Active Festive Route",
        "divertedPath": null,
        "glowColor": "#F59E0B",
        "lineColor": "#06B6D4"
      }
    },
    {
      "type": "Feature",
      "id": "BUS_RT_139",
      "geometry": {
        "type": "LineString",
        "coordinates": [
          [
            88.3685,
            22.4985
          ],
          [
            88.366,
            22.5011
          ],
          [
            88.3665,
            22.5055
          ],
          [
            88.3665,
            22.5115
          ],
          [
            88.3545,
            22.5145
          ],
          [
            88.3485,
            22.5185
          ],
          [
            88.3445,
            22.5205
          ],
          [
            88.3475,
            22.5285
          ],
          [
            88.3495,
            22.5335
          ],
          [
            88.3475,
            22.5415
          ],
          [
            88.3478,
            22.5535
          ],
          [
            88.3524,
            22.5516
          ],
          [
            88.3516,
            22.5645
          ],
          [
            88.3485,
            22.5715
          ],
          [
            88.3535,
            22.5835
          ],
          [
            88.3431,
            22.5855
          ]
        ]
      },
      "properties": {
        "routeId": "BUS_RT_139",
        "routeNo": "E-1",
        "routeName": "E-1 (Howrah Station)",
        "origin": "Jadavpur 8B",
        "destination": "Howrah Station",
        "stopCount": 16,
        "stops": [
          "Jadavpur 8B",
          "Jadavpur University",
          "Dhakuria",
          "Golpark",
          "Southern Avenue",
          "Rashbehari",
          "Kalighat",
          "Hazra",
          "Bhowanipore",
          "Rabindra Sadan",
          "Maidan",
          "Park Street",
          "Esplanade",
          "BBD Bag",
          "Barabazar",
          "Howrah Station"
        ],
        "category": "bus_route",
        "pujaStatus": "Diverted Corridor",
        "divertedPath": "Gariahat Crossing",
        "glowColor": "#F59E0B",
        "lineColor": "#06B6D4"
      }
    },
    {
      "type": "Feature",
      "id": "BUS_RT_140",
      "geometry": {
        "type": "LineString",
        "coordinates": [
          [
            88.3685,
            22.4985
          ],
          [
            88.3615,
            22.5015
          ],
          [
            88.3555,
            22.5025
          ],
          [
            88.3515,
            22.5035
          ],
          [
            88.3455,
            22.5085
          ],
          [
            88.3515,
            22.5115
          ],
          [
            88.3485,
            22.5185
          ],
          [
            88.3445,
            22.5205
          ],
          [
            88.3475,
            22.5285
          ],
          [
            88.3495,
            22.5335
          ],
          [
            88.3475,
            22.5415
          ],
          [
            88.3478,
            22.5535
          ],
          [
            88.3524,
            22.5516
          ],
          [
            88.3516,
            22.5645
          ],
          [
            88.3485,
            22.5715
          ],
          [
            88.3535,
            22.5835
          ],
          [
            88.3431,
            22.5855
          ]
        ]
      },
      "properties": {
        "routeId": "BUS_RT_140",
        "routeNo": "AC-1",
        "routeName": "AC-1 (Howrah Station)",
        "origin": "Jadavpur 8B",
        "destination": "Howrah Station",
        "stopCount": 17,
        "stops": [
          "Jadavpur 8B",
          "South City",
          "Lake Gardens",
          "Anwar Shah Road",
          "Tollygunge Phari",
          "Rabindra Sarovar",
          "Rashbehari",
          "Kalighat",
          "Hazra",
          "Bhowanipore",
          "Rabindra Sadan",
          "Maidan",
          "Park Street",
          "Esplanade",
          "BBD Bag",
          "Barabazar",
          "Howrah Station"
        ],
        "category": "bus_route",
        "pujaStatus": "Diverted Corridor",
        "divertedPath": "Gariahat Crossing",
        "glowColor": "#F59E0B",
        "lineColor": "#06B6D4"
      }
    },
    {
      "type": "Feature",
      "id": "BUS_RT_141",
      "geometry": {
        "type": "LineString",
        "coordinates": [
          [
            88.3445,
            22.4885
          ],
          [
            88.3445,
            22.4985
          ],
          [
            88.3515,
            22.5115
          ],
          [
            88.3485,
            22.5185
          ],
          [
            88.3445,
            22.5205
          ],
          [
            88.3475,
            22.5285
          ],
          [
            88.3495,
            22.5335
          ],
          [
            88.3475,
            22.5415
          ],
          [
            88.3478,
            22.5535
          ],
          [
            88.3524,
            22.5516
          ],
          [
            88.3516,
            22.5645
          ],
          [
            88.3485,
            22.5715
          ],
          [
            88.3535,
            22.5835
          ],
          [
            88.3431,
            22.5855
          ]
        ]
      },
      "properties": {
        "routeId": "BUS_RT_141",
        "routeNo": "S-2",
        "routeName": "S-2 (Howrah Station)",
        "origin": "Kudghat",
        "destination": "Howrah Station",
        "stopCount": 14,
        "stops": [
          "Kudghat",
          "Tollygunge Metro",
          "Rabindra Sarovar",
          "Rashbehari",
          "Kalighat",
          "Hazra",
          "Bhowanipore",
          "Rabindra Sadan",
          "Maidan",
          "Park Street",
          "Esplanade",
          "BBD Bag",
          "Barabazar",
          "Howrah Station"
        ],
        "category": "bus_route",
        "pujaStatus": "Diverted Corridor",
        "divertedPath": "Gariahat Crossing",
        "glowColor": "#F59E0B",
        "lineColor": "#06B6D4"
      }
    },
    {
      "type": "Feature",
      "id": "BUS_RT_142",
      "geometry": {
        "type": "LineString",
        "coordinates": [
          [
            88.4815,
            22.7215
          ],
          [
            88.467,
            22.7091
          ],
          [
            88.4555,
            22.6985
          ],
          [
            88.4655,
            22.7055
          ],
          [
            88.4385,
            22.6685
          ],
          [
            88.4435,
            22.6545
          ],
          [
            88.4415,
            22.6485
          ],
          [
            88.4395,
            22.6365
          ],
          [
            88.4385,
            22.6315
          ],
          [
            88.4355,
            22.6235
          ],
          [
            88.4285,
            22.6135
          ],
          [
            88.4185,
            22.6015
          ],
          [
            88.4115,
            22.6045
          ],
          [
            88.4045,
            22.5985
          ],
          [
            88.3985,
            22.5945
          ],
          [
            88.3912,
            22.5925
          ],
          [
            88.3885,
            22.5775
          ],
          [
            88.3765,
            22.5855
          ],
          [
            88.3625,
            22.5885
          ],
          [
            88.3615,
            22.5875
          ],
          [
            88.3605,
            22.5815
          ],
          [
            88.3535,
            22.5835
          ],
          [
            88.3431,
            22.5855
          ]
        ]
      },
      "properties": {
        "routeId": "BUS_RT_142",
        "routeNo": "AC-2",
        "routeName": "AC-2 (Howrah Station)",
        "origin": "Barasat Chapadali",
        "destination": "Howrah Station",
        "stopCount": 23,
        "stops": [
          "Barasat Chapadali",
          "Dakbanglow",
          "Madhyamgram",
          "BT College",
          "Birati",
          "Airport Gate 3",
          "Airport Gate 1",
          "Kaikhali",
          "Haldirams",
          "Teghoria",
          "Baguiati",
          "Kestopur",
          "Dumdum Park",
          "Laketown",
          "Sreebhumi",
          "Ultadanga",
          "Kankurgachi",
          "Maniktala",
          "Vivekananda Road",
          "Girish Park",
          "MG Road",
          "Barabazar",
          "Howrah Station"
        ],
        "category": "bus_route",
        "pujaStatus": "Suburban Feeder / Truncated",
        "divertedPath": "Esplanade",
        "glowColor": "#F59E0B",
        "lineColor": "#06B6D4"
      }
    },
    {
      "type": "Feature",
      "id": "BUS_RT_143",
      "geometry": {
        "type": "LineString",
        "coordinates": [
          [
            88.3445,
            22.4885
          ],
          [
            88.3445,
            22.4985
          ],
          [
            88.3515,
            22.5115
          ],
          [
            88.3485,
            22.5185
          ],
          [
            88.3445,
            22.5205
          ],
          [
            88.3475,
            22.5285
          ],
          [
            88.3495,
            22.5335
          ],
          [
            88.3475,
            22.5415
          ],
          [
            88.3385,
            22.5445
          ],
          [
            88.3265,
            22.5565
          ],
          [
            88.3185,
            22.5575
          ]
        ]
      },
      "properties": {
        "routeId": "BUS_RT_143",
        "routeNo": "S-2N",
        "routeName": "S-2N (Nabanna)",
        "origin": "Kudghat",
        "destination": "Nabanna",
        "stopCount": 11,
        "stops": [
          "Kudghat",
          "Tollygunge Metro",
          "Rabindra Sarovar",
          "Rashbehari",
          "Kalighat",
          "Hazra",
          "Bhowanipore",
          "Rabindra Sadan",
          "PTS",
          "Vidyasagar Setu",
          "Nabanna"
        ],
        "category": "bus_route",
        "pujaStatus": "Diverted Corridor",
        "divertedPath": "Gariahat Crossing",
        "glowColor": "#F59E0B",
        "lineColor": "#06B6D4"
      }
    },
    {
      "type": "Feature",
      "id": "BUS_RT_144",
      "geometry": {
        "type": "LineString",
        "coordinates": [
          [
            88.3085,
            22.4685
          ],
          [
            88.3085,
            22.4685
          ],
          [
            88.3095,
            22.4785
          ],
          [
            88.3105,
            22.4845
          ],
          [
            88.3115,
            22.4925
          ],
          [
            88.3145,
            22.5015
          ],
          [
            88.3215,
            22.5155
          ],
          [
            88.3245,
            22.5245
          ],
          [
            88.3255,
            22.5315
          ],
          [
            88.3265,
            22.5385
          ],
          [
            88.3315,
            22.5485
          ],
          [
            88.3345,
            22.5565
          ],
          [
            88.3411,
            22.5678
          ],
          [
            88.3516,
            22.5645
          ],
          [
            88.3485,
            22.5715
          ],
          [
            88.3515,
            22.5721
          ],
          [
            88.3575,
            22.5745
          ],
          [
            88.3625,
            22.5725
          ],
          [
            88.3618,
            22.5735
          ],
          [
            88.3645,
            22.5745
          ],
          [
            88.3675,
            22.5736
          ],
          [
            88.3735,
            22.5745
          ],
          [
            88.3695,
            22.5638
          ]
        ]
      },
      "properties": {
        "routeId": "BUS_RT_144",
        "routeNo": "S-3A",
        "routeName": "S-3A (Sealdah)",
        "origin": "Thakurpukur",
        "destination": "Sealdah",
        "stopCount": 23,
        "stops": [
          "Thakurpukur",
          "Thakurpukur Bazar",
          "Shilpara",
          "Sakher Bazar",
          "Behala Chowrasta",
          "Behala 14 No",
          "Majherhat",
          "Mominpore",
          "Ekbalpur",
          "Kidderpore",
          "Hastings",
          "Princep Ghat",
          "Babughat",
          "Esplanade",
          "BBD Bag",
          "Podder Court",
          "Central",
          "Bowbazar",
          "Medical College",
          "College Street",
          "Suryasen Street",
          "Rajabazar Tram Depot",
          "Sealdah"
        ],
        "category": "bus_route",
        "pujaStatus": "Diverted & Bypassed",
        "divertedPath": "Amherst Street",
        "glowColor": "#F59E0B",
        "lineColor": "#06B6D4"
      }
    },
    {
      "type": "Feature",
      "id": "BUS_RT_145",
      "geometry": {
        "type": "LineString",
        "coordinates": [
          [
            88.3145,
            22.5015
          ],
          [
            88.3215,
            22.5155
          ],
          [
            88.3245,
            22.5245
          ],
          [
            88.3255,
            22.5315
          ],
          [
            88.3265,
            22.5385
          ],
          [
            88.3315,
            22.5485
          ],
          [
            88.3345,
            22.5565
          ],
          [
            88.3411,
            22.5678
          ],
          [
            88.3516,
            22.5645
          ],
          [
            88.3485,
            22.5715
          ],
          [
            88.3515,
            22.5721
          ],
          [
            88.3575,
            22.5745
          ],
          [
            88.3625,
            22.5725
          ],
          [
            88.3618,
            22.5735
          ],
          [
            88.3645,
            22.5745
          ],
          [
            88.3695,
            22.5638
          ],
          [
            88.3735,
            22.5745
          ],
          [
            88.3765,
            22.5855
          ],
          [
            88.381,
            22.5806
          ],
          [
            88.3885,
            22.5775
          ]
        ]
      },
      "properties": {
        "routeId": "BUS_RT_145",
        "routeNo": "S-3B",
        "routeName": "S-3B (Kankurgachi)",
        "origin": "Behala 14 No",
        "destination": "Kankurgachi",
        "stopCount": 20,
        "stops": [
          "Behala 14 No",
          "Majherhat",
          "Mominpore",
          "Ekbalpur",
          "Kidderpore",
          "Hastings",
          "Princep Ghat",
          "Babughat",
          "Esplanade",
          "BBD Bag",
          "Podder Court",
          "Central",
          "Bowbazar",
          "Medical College",
          "College Street",
          "Sealdah",
          "Rajabazar",
          "Maniktala",
          "Bagmari Bazar",
          "Kankurgachi"
        ],
        "category": "bus_route",
        "pujaStatus": "Diverted & Bypassed",
        "divertedPath": "Amherst Street",
        "glowColor": "#F59E0B",
        "lineColor": "#06B6D4"
      }
    },
    {
      "type": "Feature",
      "id": "BUS_RT_146",
      "geometry": {
        "type": "LineString",
        "coordinates": [
          [
            88.3085,
            22.4685
          ],
          [
            88.3095,
            22.4785
          ],
          [
            88.3105,
            22.4845
          ],
          [
            88.3115,
            22.4925
          ],
          [
            88.3115,
            22.4961
          ],
          [
            88.3145,
            22.5015
          ],
          [
            88.3185,
            22.5085
          ],
          [
            88.3285,
            22.5105
          ],
          [
            88.3345,
            22.5145
          ],
          [
            88.3395,
            22.5165
          ],
          [
            88.3485,
            22.5185
          ],
          [
            88.3585,
            22.5185
          ],
          [
            88.3654,
            22.5185
          ],
          [
            88.3695,
            22.5215
          ],
          [
            88.3815,
            22.5165
          ],
          [
            88.3845,
            22.5155
          ],
          [
            88.3935,
            22.5145
          ],
          [
            88.395,
            22.51295
          ],
          [
            88.3995,
            22.5132
          ],
          [
            88.3985,
            22.5295
          ],
          [
            88.396,
            22.5346
          ],
          [
            88.3965,
            22.5415
          ],
          [
            88.3995,
            22.5526
          ],
          [
            88.4055,
            22.5655
          ],
          [
            88.4235,
            22.5695
          ],
          [
            88.4345,
            22.5805
          ],
          [
            88.4325,
            22.5785
          ],
          [
            88.4335,
            22.5765
          ],
          [
            88.4475,
            22.5786
          ],
          [
            88.4645,
            22.5825
          ],
          [
            88.4685,
            22.5815
          ],
          [
            88.4725,
            22.5845
          ],
          [
            88.4755,
            22.5865
          ],
          [
            88.481,
            22.5806
          ],
          [
            88.4895,
            22.5765
          ],
          [
            88.489,
            22.5766
          ],
          [
            88.4915,
            22.5785
          ],
          [
            88.3685,
            22.5638
          ]
        ]
      },
      "properties": {
        "routeId": "BUS_RT_146",
        "routeNo": "S-3W",
        "routeName": "S-3W (Amity University)",
        "origin": "Thakurpukur",
        "destination": "Amity University",
        "stopCount": 38,
        "stops": [
          "Thakurpukur",
          "Shilpara",
          "Sakher Bazar",
          "Behala Chowrasta",
          "Manton",
          "Behala 14 No",
          "Taratala",
          "New Alipore",
          "Durgapur Bridge",
          "Chetla Park",
          "Rashbehari",
          "Deshapriya Park",
          "Gariahat",
          "Ballygunge Station",
          "Kasba PS",
          "Bosepukur",
          "Acropolis Mall",
          "GST Bhawan",
          "Ruby",
          "VIP Bazar",
          "Uttar Panchannagram",
          "Science City",
          "Mathpukur",
          "Chingrighata",
          "Nicco Park",
          "Wipro",
          "SDF",
          "College More",
          "Technopolis",
          "DLF 1",
          "Newtown",
          "Axis Mall",
          "Narkelbagan",
          "Tata Cancer Hospital",
          "Unitech Gate 2",
          "DLF 2",
          "Ecospace",
          "Amity University"
        ],
        "category": "bus_route",
        "pujaStatus": "Rerouted via James Long Sarani",
        "divertedPath": "Manton",
        "glowColor": "#F59E0B",
        "lineColor": "#06B6D4"
      }
    },
    {
      "type": "Feature",
      "id": "BUS_RT_147",
      "geometry": {
        "type": "LineString",
        "coordinates": [
          [
            88.3045,
            22.5025
          ],
          [
            88.3185,
            22.5085
          ],
          [
            88.3285,
            22.5105
          ],
          [
            88.3325,
            22.5045
          ],
          [
            88.3455,
            22.5085
          ],
          [
            88.3485,
            22.5185
          ],
          [
            88.3585,
            22.5185
          ],
          [
            88.3654,
            22.5185
          ],
          [
            88.3695,
            22.5215
          ],
          [
            88.3815,
            22.5165
          ],
          [
            88.3845,
            22.5155
          ],
          [
            88.3935,
            22.5145
          ],
          [
            88.3995,
            22.5132
          ],
          [
            88.3985,
            22.5295
          ],
          [
            88.396,
            22.5346
          ],
          [
            88.3965,
            22.5415
          ],
          [
            88.3995,
            22.5526
          ],
          [
            88.4055,
            22.5655
          ],
          [
            88.3985,
            22.5645
          ],
          [
            88.397689,
            22.569864
          ],
          [
            88.4005,
            22.5774
          ],
          [
            88.398189,
            22.581864
          ],
          [
            88.3995,
            22.5885
          ],
          [
            88.401917,
            22.587717
          ],
          [
            88.407132,
            22.588612
          ],
          [
            88.4075,
            22.5866
          ],
          [
            88.413466,
            22.587946
          ],
          [
            88.414583,
            22.586383
          ],
          [
            88.4185,
            22.5865
          ]
        ]
      },
      "properties": {
        "routeId": "BUS_RT_147",
        "routeNo": "S-4",
        "routeName": "S-4 (Karunamoyee)",
        "origin": "Parnasree",
        "destination": "Karunamoyee",
        "stopCount": 29,
        "stops": [
          "Parnasree",
          "Taratala",
          "New Alipore",
          "Mahabirtala",
          "Tollygunge Phari",
          "Rashbehari",
          "Deshapriya Park",
          "Gariahat",
          "Ballygunge Station",
          "Kasba PS",
          "Bosepukur",
          "Acropolis Mall",
          "Ruby",
          "VIP Bazar",
          "Uttar Panchannagram",
          "Science City",
          "Mathpukur",
          "Chingrighata",
          "Beleghata Building",
          "Apollo Hospital",
          "Bengal Chemical",
          "Saltlake Gate",
          "Saltlake PNB",
          "Saltlake 4no Tank",
          "Quality",
          "Baisakhi",
          "Purta Bhawan",
          "Bidyut Bhawan",
          "Karunamoyee"
        ],
        "category": "bus_route",
        "pujaStatus": "Rerouted via James Long Sarani",
        "divertedPath": "Manton",
        "glowColor": "#F59E0B",
        "lineColor": "#06B6D4"
      }
    },
    {
      "type": "Feature",
      "id": "BUS_RT_148",
      "geometry": {
        "type": "LineString",
        "coordinates": [
          [
            88.3345,
            22.4825
          ],
          [
            88.4185,
            22.5865
          ],
          [
            88.3445,
            22.4985
          ],
          [
            88.3515,
            22.5115
          ],
          [
            88.3485,
            22.5185
          ],
          [
            88.3445,
            22.5205
          ],
          [
            88.3475,
            22.5285
          ],
          [
            88.3495,
            22.5335
          ],
          [
            88.3475,
            22.5415
          ],
          [
            88.3478,
            22.5535
          ],
          [
            88.3524,
            22.5516
          ],
          [
            88.3516,
            22.5645
          ],
          [
            88.3485,
            22.5715
          ],
          [
            88.3535,
            22.5835
          ],
          [
            88.3431,
            22.5855
          ]
        ]
      },
      "properties": {
        "routeId": "BUS_RT_148",
        "routeNo": "S-4C",
        "routeName": "S-4C (Howrah Station)",
        "origin": "Haridevpur",
        "destination": "Howrah Station",
        "stopCount": 15,
        "stops": [
          "Haridevpur",
          "Tollygunge Karunamoyee",
          "Tollygunge Metro",
          "Rabindra Sarovar",
          "Rashbehari",
          "Kalighat",
          "Hazra",
          "Bhowanipore",
          "Rabindra Sadan",
          "Maidan",
          "Park Street",
          "Esplanade",
          "BBD Bag",
          "Barabazar",
          "Howrah Station"
        ],
        "category": "bus_route",
        "pujaStatus": "Diverted Corridor",
        "divertedPath": "Gariahat Crossing",
        "glowColor": "#F59E0B",
        "lineColor": "#06B6D4"
      }
    },
    {
      "type": "Feature",
      "id": "BUS_RT_149",
      "geometry": {
        "type": "LineString",
        "coordinates": [
          [
            88.3045,
            22.5025
          ],
          [
            88.31,
            22.5046
          ],
          [
            88.3185,
            22.5085
          ],
          [
            88.3285,
            22.5105
          ],
          [
            88.3325,
            22.5045
          ],
          [
            88.3455,
            22.5085
          ],
          [
            88.3515,
            22.5035
          ],
          [
            88.3555,
            22.5025
          ],
          [
            88.3615,
            22.5015
          ],
          [
            88.3645,
            22.4995
          ],
          [
            88.375,
            22.4951
          ],
          [
            88.3885,
            22.4925
          ],
          [
            88.3995,
            22.5015
          ],
          [
            88.398,
            22.50645
          ],
          [
            88.3995,
            22.5132
          ],
          [
            88.3985,
            22.5295
          ],
          [
            88.396,
            22.5346
          ],
          [
            88.3965,
            22.5415
          ],
          [
            88.3995,
            22.5526
          ],
          [
            88.4055,
            22.5655
          ],
          [
            88.4235,
            22.5695
          ],
          [
            88.4345,
            22.5805
          ],
          [
            88.4325,
            22.5785
          ],
          [
            88.4335,
            22.5765
          ],
          [
            88.4475,
            22.5786
          ],
          [
            88.4645,
            22.5825
          ],
          [
            88.4685,
            22.5815
          ]
        ]
      },
      "properties": {
        "routeId": "BUS_RT_149",
        "routeNo": "S-4D",
        "routeName": "S-4D (Newtown)",
        "origin": "Parnasree",
        "destination": "Newtown",
        "stopCount": 27,
        "stops": [
          "Parnasree",
          "State Garage",
          "Taratala",
          "New Alipore",
          "Mahabirtala",
          "Tollygunge Phari",
          "Anwar Shah Road",
          "Lake Gardens",
          "South City",
          "Jadavpur PS",
          "Saheed Nagar",
          "Sapuipara",
          "Kalikapur",
          "EM Bypass",
          "Ruby",
          "VIP Bazar",
          "Uttar Panchannagram",
          "Science City",
          "Mathpukur",
          "Chingrighata",
          "Nicco Park",
          "Wipro",
          "SDF",
          "College More",
          "Technopolis",
          "DLF 1",
          "Newtown"
        ],
        "category": "bus_route",
        "pujaStatus": "Rerouted via James Long Sarani",
        "divertedPath": "Manton",
        "glowColor": "#F59E0B",
        "lineColor": "#06B6D4"
      }
    },
    {
      "type": "Feature",
      "id": "BUS_RT_150",
      "geometry": {
        "type": "LineString",
        "coordinates": [
          [
            88.3045,
            22.5025
          ],
          [
            88.3185,
            22.5085
          ],
          [
            88.3215,
            22.5155
          ],
          [
            88.3245,
            22.5245
          ],
          [
            88.3255,
            22.5315
          ],
          [
            88.3265,
            22.5385
          ],
          [
            88.3315,
            22.5485
          ],
          [
            88.3435,
            22.5525
          ],
          [
            88.3516,
            22.5645
          ],
          [
            88.3485,
            22.5715
          ],
          [
            88.3535,
            22.5835
          ],
          [
            88.3431,
            22.5855
          ]
        ]
      },
      "properties": {
        "routeId": "BUS_RT_150",
        "routeNo": "E-4",
        "routeName": "E-4 (Howrah Station)",
        "origin": "Parnasree",
        "destination": "Howrah Station",
        "stopCount": 12,
        "stops": [
          "Parnasree",
          "Taratala",
          "Majherhat",
          "Mominpore",
          "Ekbalpur",
          "Kidderpore",
          "Hastings",
          "Fort William",
          "Esplanade",
          "BBD Bag",
          "Barabazar",
          "Howrah Station"
        ],
        "category": "bus_route",
        "pujaStatus": "Truncated / Diverted",
        "divertedPath": "Manton",
        "glowColor": "#F59E0B",
        "lineColor": "#06B6D4"
      }
    },
    {
      "type": "Feature",
      "id": "BUS_RT_151",
      "geometry": {
        "type": "LineString",
        "coordinates": [
          [
            88.3045,
            22.5025
          ],
          [
            88.3185,
            22.5085
          ],
          [
            88.3215,
            22.5155
          ],
          [
            88.3245,
            22.5245
          ],
          [
            88.3255,
            22.5315
          ],
          [
            88.3265,
            22.5385
          ],
          [
            88.3315,
            22.5485
          ],
          [
            88.3385,
            22.5445
          ],
          [
            88.3475,
            22.5415
          ],
          [
            88.3478,
            22.5535
          ],
          [
            88.3524,
            22.5516
          ],
          [
            88.3516,
            22.5645
          ],
          [
            88.3485,
            22.5715
          ],
          [
            88.3535,
            22.5835
          ],
          [
            88.3431,
            22.5855
          ]
        ]
      },
      "properties": {
        "routeId": "BUS_RT_151",
        "routeNo": "AC-4",
        "routeName": "AC-4 (Howrah Station)",
        "origin": "Parnasree",
        "destination": "Howrah Station",
        "stopCount": 15,
        "stops": [
          "Parnasree",
          "Taratala",
          "Majherhat",
          "Mominpore",
          "Ekbalpur",
          "Kidderpore",
          "Hastings",
          "PTS",
          "Rabindra Sadan",
          "Maidan",
          "Park Street",
          "Esplanade",
          "BBD Bag",
          "Barabazar",
          "Howrah Station"
        ],
        "category": "bus_route",
        "pujaStatus": "Truncated / Diverted",
        "divertedPath": "Manton",
        "glowColor": "#F59E0B",
        "lineColor": "#06B6D4"
      }
    },
    {
      "type": "Feature",
      "id": "BUS_RT_152",
      "geometry": {
        "type": "LineString",
        "coordinates": [
          [
            88.3045,
            22.5025
          ],
          [
            88.3185,
            22.5085
          ],
          [
            88.3285,
            22.5105
          ],
          [
            88.3325,
            22.5045
          ],
          [
            88.3455,
            22.5085
          ],
          [
            88.3515,
            22.5035
          ],
          [
            88.3555,
            22.5025
          ],
          [
            88.3615,
            22.5015
          ],
          [
            88.3645,
            22.4995
          ],
          [
            88.375,
            22.4951
          ],
          [
            88.3885,
            22.4925
          ],
          [
            88.3995,
            22.5015
          ],
          [
            88.398,
            22.50645
          ],
          [
            88.3995,
            22.5132
          ],
          [
            88.3985,
            22.5295
          ],
          [
            88.396,
            22.5346
          ],
          [
            88.3965,
            22.5415
          ],
          [
            88.3995,
            22.5526
          ],
          [
            88.4055,
            22.5655
          ],
          [
            88.4235,
            22.5695
          ],
          [
            88.4345,
            22.5805
          ],
          [
            88.4325,
            22.5785
          ],
          [
            88.4335,
            22.5765
          ],
          [
            88.4645,
            22.5825
          ],
          [
            88.4685,
            22.5815
          ],
          [
            88.4725,
            22.5845
          ],
          [
            88.4755,
            22.5865
          ],
          [
            88.4855,
            22.5745
          ],
          [
            88.5045,
            22.5765
          ],
          [
            88.4985,
            22.5735
          ],
          [
            88.5025,
            22.5715
          ]
        ]
      },
      "properties": {
        "routeId": "BUS_RT_152",
        "routeNo": "AC-4A",
        "routeName": "AC-4A (Shapoorji)",
        "origin": "Parnasree",
        "destination": "Shapoorji",
        "stopCount": 31,
        "stops": [
          "Parnasree",
          "Taratala",
          "New Alipore",
          "Mahabirtala",
          "Tollygunge Phari",
          "Anwar Shah Road",
          "Lake Gardens",
          "South City",
          "Jadavpur PS",
          "Saheed Nagar",
          "Sapuipara",
          "Kalikapur",
          "EM Bypass",
          "Ruby",
          "VIP Bazar",
          "Uttar Panchannagram",
          "Science City",
          "Mathpukur",
          "Chingrighata",
          "Nicco Park",
          "Wipro",
          "SDF",
          "College More",
          "DLF 1",
          "Newtown",
          "Axis Mall",
          "Narkelbagan",
          "Unitech Gate 1",
          "Uem Campus",
          "Karigari Bhawan",
          "Shapoorji"
        ],
        "category": "bus_route",
        "pujaStatus": "Rerouted via James Long Sarani",
        "divertedPath": "Manton",
        "glowColor": "#F59E0B",
        "lineColor": "#06B6D4"
      }
    },
    {
      "type": "Feature",
      "id": "BUS_RT_153",
      "geometry": {
        "type": "LineString",
        "coordinates": [
          [
            88.3085,
            22.4685
          ],
          [
            88.312534,
            22.467721
          ],
          [
            88.320466,
            22.469279
          ],
          [
            88.3245,
            22.4685
          ],
          [
            88.3295,
            22.4725
          ],
          [
            88.3345,
            22.4825
          ],
          [
            88.3445,
            22.4985
          ],
          [
            88.3515,
            22.5115
          ],
          [
            88.3485,
            22.5185
          ],
          [
            88.3585,
            22.5185
          ],
          [
            88.3654,
            22.5185
          ],
          [
            88.3695,
            22.5215
          ],
          [
            88.3815,
            22.5165
          ],
          [
            88.3845,
            22.5155
          ],
          [
            88.3935,
            22.5145
          ],
          [
            88.3995,
            22.5132
          ],
          [
            88.3985,
            22.5295
          ],
          [
            88.396,
            22.5346
          ],
          [
            88.3965,
            22.5415
          ],
          [
            88.3995,
            22.5526
          ],
          [
            88.4055,
            22.5655
          ],
          [
            88.4235,
            22.5695
          ],
          [
            88.4345,
            22.5805
          ],
          [
            88.4325,
            22.5785
          ],
          [
            88.4335,
            22.5765
          ],
          [
            88.4645,
            22.5825
          ],
          [
            88.4685,
            22.5815
          ]
        ]
      },
      "properties": {
        "routeId": "BUS_RT_153",
        "routeNo": "AC-4B",
        "routeName": "AC-4B (Newtown)",
        "origin": "Thakurpukur",
        "destination": "Newtown",
        "stopCount": 27,
        "stops": [
          "Thakurpukur",
          "Cancer Hospital",
          "Kalitala Housing",
          "Kabardanga",
          "Keorapukur",
          "Haridevpur",
          "Tollygunge Metro",
          "Rabindra Sarovar",
          "Rashbehari",
          "Deshapriya Park",
          "Gariahat",
          "Ballygunge Station",
          "Kasba PS",
          "Bosepukur",
          "Acropolis Mall",
          "Ruby",
          "VIP Bazar",
          "Uttar Panchannagram",
          "Science City",
          "Mathpukur",
          "Chingrighata",
          "Nicco Park",
          "Wipro",
          "SDF",
          "College More",
          "DLF 1",
          "Newtown"
        ],
        "category": "bus_route",
        "pujaStatus": "Rerouted via James Long Sarani",
        "divertedPath": "Manton",
        "glowColor": "#F59E0B",
        "lineColor": "#06B6D4"
      }
    },
    {
      "type": "Feature",
      "id": "BUS_RT_154",
      "geometry": {
        "type": "LineString",
        "coordinates": [
          [
            88.3845,
            22.4685
          ],
          [
            88.379439,
            22.475364
          ],
          [
            88.378,
            22.4844
          ],
          [
            88.371439,
            22.490364
          ],
          [
            88.3685,
            22.4985
          ],
          [
            88.3645,
            22.4995
          ],
          [
            88.364,
            22.5016
          ],
          [
            88.3665,
            22.5055
          ],
          [
            88.3665,
            22.5115
          ],
          [
            88.3545,
            22.5145
          ],
          [
            88.3585,
            22.5185
          ],
          [
            88.3485,
            22.5185
          ],
          [
            88.3445,
            22.5205
          ],
          [
            88.3475,
            22.5285
          ],
          [
            88.3495,
            22.5335
          ],
          [
            88.347534,
            22.535388
          ],
          [
            88.349466,
            22.539612
          ],
          [
            88.3475,
            22.5415
          ],
          [
            88.3478,
            22.5535
          ],
          [
            88.3524,
            22.5516
          ],
          [
            88.3505,
            22.55715
          ],
          [
            88.3516,
            22.5645
          ],
          [
            88.3485,
            22.5715
          ],
          [
            88.3535,
            22.5835
          ],
          [
            88.3431,
            22.5855
          ]
        ]
      },
      "properties": {
        "routeId": "BUS_RT_154",
        "routeNo": "S-5",
        "routeName": "S-5 (Howrah Station)",
        "origin": "Garia Bus Stand",
        "destination": "Howrah Station",
        "stopCount": 25,
        "stops": [
          "Garia Bus Stand",
          "Ramgarh",
          "Baghajatin",
          "Sulekha",
          "Jadavpur 8B",
          "Jadavpur PS",
          "Jodhpur Park",
          "Dhakuria",
          "Golpark",
          "Southern Avenue",
          "Deshapriya Park",
          "Rashbehari",
          "Kalighat",
          "Hazra",
          "Bhowanipore",
          "Elgin",
          "Exide",
          "Rabindra Sadan",
          "Maidan",
          "Park Street",
          "Mayo Road",
          "Esplanade",
          "BBD Bag",
          "Barabazar",
          "Howrah Station"
        ],
        "category": "bus_route",
        "pujaStatus": "Diverted Corridor",
        "divertedPath": "Gariahat Crossing",
        "glowColor": "#F59E0B",
        "lineColor": "#06B6D4"
      }
    },
    {
      "type": "Feature",
      "id": "BUS_RT_155",
      "geometry": {
        "type": "LineString",
        "coordinates": [
          [
            88.3685,
            22.4985
          ],
          [
            88.3665,
            22.5055
          ],
          [
            88.3665,
            22.5115
          ],
          [
            88.3545,
            22.5145
          ],
          [
            88.3485,
            22.5185
          ],
          [
            88.3445,
            22.5205
          ],
          [
            88.3475,
            22.5285
          ],
          [
            88.3495,
            22.5335
          ],
          [
            88.3475,
            22.5415
          ],
          [
            88.3478,
            22.5535
          ],
          [
            88.3524,
            22.5516
          ],
          [
            88.3516,
            22.5645
          ],
          [
            88.3485,
            22.5715
          ],
          [
            88.3535,
            22.5835
          ],
          [
            88.3431,
            22.5855
          ]
        ]
      },
      "properties": {
        "routeId": "BUS_RT_155",
        "routeNo": "S-5A",
        "routeName": "S-5A (Howrah Station)",
        "origin": "Jadavpur 8B",
        "destination": "Howrah Station",
        "stopCount": 15,
        "stops": [
          "Jadavpur 8B",
          "Dhakuria",
          "Golpark",
          "Southern Avenue",
          "Rashbehari",
          "Kalighat",
          "Hazra",
          "Bhowanipore",
          "Rabindra Sadan",
          "Maidan",
          "Park Street",
          "Esplanade",
          "BBD Bag",
          "Barabazar",
          "Howrah Station"
        ],
        "category": "bus_route",
        "pujaStatus": "Diverted Corridor",
        "divertedPath": "Gariahat Crossing",
        "glowColor": "#F59E0B",
        "lineColor": "#06B6D4"
      }
    },
    {
      "type": "Feature",
      "id": "BUS_RT_156",
      "geometry": {
        "type": "LineString",
        "coordinates": [
          [
            88.3845,
            22.4685
          ],
          [
            88.379439,
            22.475364
          ],
          [
            88.378,
            22.4844
          ],
          [
            88.371439,
            22.490364
          ],
          [
            88.3685,
            22.4985
          ],
          [
            88.3645,
            22.4995
          ],
          [
            88.364,
            22.5016
          ],
          [
            88.3665,
            22.5055
          ],
          [
            88.3665,
            22.5115
          ],
          [
            88.3545,
            22.5145
          ],
          [
            88.3585,
            22.5185
          ],
          [
            88.3485,
            22.5185
          ],
          [
            88.3445,
            22.5205
          ],
          [
            88.3475,
            22.5285
          ],
          [
            88.3495,
            22.5335
          ],
          [
            88.347534,
            22.535388
          ],
          [
            88.349466,
            22.539612
          ],
          [
            88.3475,
            22.5415
          ],
          [
            88.3385,
            22.5445
          ],
          [
            88.3265,
            22.5565
          ],
          [
            88.3185,
            22.5575
          ]
        ]
      },
      "properties": {
        "routeId": "BUS_RT_156",
        "routeNo": "S-5N",
        "routeName": "S-5N (Nabanna)",
        "origin": "Garia Bus Stand",
        "destination": "Nabanna",
        "stopCount": 21,
        "stops": [
          "Garia Bus Stand",
          "Ramgarh",
          "Baghajatin",
          "Sulekha",
          "Jadavpur 8B",
          "Jadavpur PS",
          "Jodhpur Park",
          "Dhakuria",
          "Golpark",
          "Southern Avenue",
          "Deshapriya Park",
          "Rashbehari",
          "Kalighat",
          "Hazra",
          "Bhowanipore",
          "Elgin",
          "Exide",
          "Rabindra Sadan",
          "PTS",
          "Vidyasagar Setu",
          "Nabanna"
        ],
        "category": "bus_route",
        "pujaStatus": "Diverted Corridor",
        "divertedPath": "Gariahat Crossing",
        "glowColor": "#F59E0B",
        "lineColor": "#06B6D4"
      }
    },
    {
      "type": "Feature",
      "id": "BUS_RT_157",
      "geometry": {
        "type": "LineString",
        "coordinates": [
          [
            88.4045,
            22.4765
          ],
          [
            88.3955,
            22.4645
          ],
          [
            88.3985,
            22.4715
          ],
          [
            88.3972,
            22.4828
          ],
          [
            88.39135,
            22.48125
          ],
          [
            88.3885,
            22.4815
          ],
          [
            88.3815,
            22.4895
          ],
          [
            88.3685,
            22.4985
          ],
          [
            88.3645,
            22.4995
          ],
          [
            88.3665,
            22.5055
          ],
          [
            88.3665,
            22.5115
          ],
          [
            88.3545,
            22.5145
          ],
          [
            88.3585,
            22.5185
          ],
          [
            88.3485,
            22.5185
          ],
          [
            88.3445,
            22.5205
          ],
          [
            88.3475,
            22.5285
          ],
          [
            88.3495,
            22.5335
          ],
          [
            88.3475,
            22.5415
          ],
          [
            88.3385,
            22.5445
          ],
          [
            88.3265,
            22.5565
          ],
          [
            88.3185,
            22.5575
          ]
        ]
      },
      "properties": {
        "routeId": "BUS_RT_157",
        "routeNo": "S-5C/N",
        "routeName": "S-5C/N (Nabanna)",
        "origin": "Nayabad",
        "destination": "Nabanna",
        "stopCount": 21,
        "stops": [
          "Nayabad",
          "Garia Station",
          "New Garia",
          "Peerless Hospital",
          "Hiland Park",
          "Ajaynagar",
          "Santoshpur",
          "Jadavpur 8B",
          "Jadavpur PS",
          "Dhakuria",
          "Golpark",
          "Southern Avenue",
          "Deshapriya Park",
          "Rashbehari",
          "Kalighat",
          "Hazra",
          "Bhowanipore",
          "Rabindra Sadan",
          "PTS",
          "Vidyasagar Setu",
          "Nabanna"
        ],
        "category": "bus_route",
        "pujaStatus": "Diverted Corridor",
        "divertedPath": "Gariahat Crossing",
        "glowColor": "#F59E0B",
        "lineColor": "#06B6D4"
      }
    },
    {
      "type": "Feature",
      "id": "BUS_RT_158",
      "geometry": {
        "type": "LineString",
        "coordinates": [
          [
            88.3845,
            22.4685
          ],
          [
            88.379439,
            22.475364
          ],
          [
            88.378,
            22.4844
          ],
          [
            88.371439,
            22.490364
          ],
          [
            88.3685,
            22.4985
          ],
          [
            88.3645,
            22.4995
          ],
          [
            88.364,
            22.5016
          ],
          [
            88.3665,
            22.5055
          ],
          [
            88.3665,
            22.5115
          ],
          [
            88.3654,
            22.5185
          ],
          [
            88.3585,
            22.5185
          ],
          [
            88.3485,
            22.5185
          ],
          [
            88.3445,
            22.5205
          ],
          [
            88.3475,
            22.5285
          ],
          [
            88.3495,
            22.5335
          ],
          [
            88.347534,
            22.535388
          ],
          [
            88.349466,
            22.539612
          ],
          [
            88.3475,
            22.5415
          ],
          [
            88.3478,
            22.5535
          ],
          [
            88.3524,
            22.5516
          ],
          [
            88.3505,
            22.55715
          ],
          [
            88.3516,
            22.5645
          ],
          [
            88.3485,
            22.5715
          ],
          [
            88.3535,
            22.5835
          ],
          [
            88.3431,
            22.5855
          ]
        ]
      },
      "properties": {
        "routeId": "BUS_RT_158",
        "routeNo": "AC-5",
        "routeName": "AC-5 (Howrah Station)",
        "origin": "Garia Bus Stand",
        "destination": "Howrah Station",
        "stopCount": 25,
        "stops": [
          "Garia Bus Stand",
          "Ramgarh",
          "Baghajatin",
          "Sulekha",
          "Jadavpur 8B",
          "Jadavpur PS",
          "Jodhpur Park",
          "Dhakuria",
          "Golpark",
          "Gariahat",
          "Deshapriya Park",
          "Rashbehari",
          "Kalighat",
          "Hazra",
          "Bhowanipore",
          "Elgin",
          "Exide",
          "Rabindra Sadan",
          "Maidan",
          "Park Street",
          "Mayo Road",
          "Esplanade",
          "BBD Bag",
          "Barabazar",
          "Howrah Station"
        ],
        "category": "bus_route",
        "pujaStatus": "Diverted Corridor",
        "divertedPath": "Gariahat Crossing",
        "glowColor": "#F59E0B",
        "lineColor": "#06B6D4"
      }
    },
    {
      "type": "Feature",
      "id": "BUS_RT_159",
      "geometry": {
        "type": "LineString",
        "coordinates": [
          [
            88.3845,
            22.4685
          ],
          [
            88.3685,
            22.4745
          ],
          [
            88.3595,
            22.4785
          ],
          [
            88.3565,
            22.4855
          ],
          [
            88.3515,
            22.4895
          ],
          [
            88.3485,
            22.4945
          ],
          [
            88.3445,
            22.4985
          ],
          [
            88.3515,
            22.5115
          ],
          [
            88.3485,
            22.5185
          ],
          [
            88.3445,
            22.5205
          ],
          [
            88.3475,
            22.5285
          ],
          [
            88.3495,
            22.5335
          ],
          [
            88.3475,
            22.5415
          ],
          [
            88.3478,
            22.5535
          ],
          [
            88.3524,
            22.5516
          ],
          [
            88.3516,
            22.5645
          ],
          [
            88.3485,
            22.5715
          ],
          [
            88.3495,
            22.5766
          ],
          [
            88.3535,
            22.5835
          ],
          [
            88.3431,
            22.5855
          ]
        ]
      },
      "properties": {
        "routeId": "BUS_RT_159",
        "routeNo": "S-7",
        "routeName": "S-7 (Howrah Station)",
        "origin": "Garia Bus Stand",
        "destination": "Howrah Station",
        "stopCount": 20,
        "stops": [
          "Garia Bus Stand",
          "Naktala",
          "Bansdroni",
          "Netaji Nagar",
          "Ranikuthi",
          "Malancha Cinema",
          "Tollygunge Metro",
          "Rabindra Sarovar",
          "Rashbehari",
          "Kalighat",
          "Hazra",
          "Bhowanipore",
          "Rabindra Sadan",
          "Maidan",
          "Park Street",
          "Esplanade",
          "BBD Bag",
          "GPO",
          "Barabazar",
          "Howrah Station"
        ],
        "category": "bus_route",
        "pujaStatus": "Diverted Corridor",
        "divertedPath": "Gariahat Crossing",
        "glowColor": "#F59E0B",
        "lineColor": "#06B6D4"
      }
    },
    {
      "type": "Feature",
      "id": "BUS_RT_160",
      "geometry": {
        "type": "LineString",
        "coordinates": [
          [
            88.3845,
            22.4685
          ],
          [
            88.3685,
            22.4745
          ],
          [
            88.3595,
            22.4785
          ],
          [
            88.3565,
            22.4855
          ],
          [
            88.3515,
            22.4895
          ],
          [
            88.3485,
            22.4945
          ],
          [
            88.3445,
            22.4985
          ],
          [
            88.3515,
            22.5115
          ],
          [
            88.3485,
            22.5185
          ],
          [
            88.3445,
            22.5205
          ],
          [
            88.3475,
            22.5285
          ],
          [
            88.3495,
            22.5335
          ],
          [
            88.3475,
            22.5415
          ],
          [
            88.3385,
            22.5445
          ],
          [
            88.3265,
            22.5565
          ],
          [
            88.3185,
            22.5575
          ]
        ]
      },
      "properties": {
        "routeId": "BUS_RT_160",
        "routeNo": "S-7N",
        "routeName": "S-7N (Nabanna)",
        "origin": "Garia Bus Stand",
        "destination": "Nabanna",
        "stopCount": 16,
        "stops": [
          "Garia Bus Stand",
          "Naktala",
          "Bansdroni",
          "Netaji Nagar",
          "Ranikuthi",
          "Malancha Cinema",
          "Tollygunge Metro",
          "Rabindra Sarovar",
          "Rashbehari",
          "Kalighat",
          "Hazra",
          "Bhowanipore",
          "Rabindra Sadan",
          "PTS",
          "Vidyasagar Setu",
          "Nabanna"
        ],
        "category": "bus_route",
        "pujaStatus": "Diverted Corridor",
        "divertedPath": "Gariahat Crossing",
        "glowColor": "#F59E0B",
        "lineColor": "#06B6D4"
      }
    },
    {
      "type": "Feature",
      "id": "stop_ramnagar",
      "geometry": {
        "type": "Point",
        "coordinates": [
          88.3095,
          22.5445
        ]
      },
      "properties": {
        "id": "stop_ramnagar",
        "name": "Ramnagar",
        "category": "bus_stop",
        "routeCount": 10,
        "routes": [
          "1",
          "1A",
          "1B",
          "12",
          "12/1",
          "12A",
          "12B",
          "42A",
          "42B",
          "DN-28"
        ]
      }
    },
    {
      "type": "Feature",
      "id": "stop_bnr_hospital",
      "geometry": {
        "type": "Point",
        "coordinates": [
          88.3185,
          22.5425
        ]
      },
      "properties": {
        "id": "stop_bnr_hospital",
        "name": "BNR Hospital",
        "category": "bus_stop",
        "routeCount": 3,
        "routes": [
          "1",
          "12",
          "12C"
        ]
      }
    },
    {
      "type": "Feature",
      "id": "stop_babubazar",
      "geometry": {
        "type": "Point",
        "coordinates": [
          88.3235,
          22.5405
        ]
      },
      "properties": {
        "id": "stop_babubazar",
        "name": "Babubazar",
        "category": "bus_stop",
        "routeCount": 7,
        "routes": [
          "1",
          "1A",
          "12",
          "12A",
          "12B",
          "12C",
          "42A"
        ]
      }
    },
    {
      "type": "Feature",
      "id": "stop_kidderpore",
      "geometry": {
        "type": "Point",
        "coordinates": [
          88.3265,
          22.5385
        ]
      },
      "properties": {
        "id": "stop_kidderpore",
        "name": "Kidderpore",
        "category": "bus_stop",
        "routeCount": 22,
        "routes": [
          "1",
          "1A",
          "3D",
          "12",
          "12/1",
          "12A",
          "12AD",
          "12B",
          "12C",
          "12C/1",
          "12C/1A",
          "13",
          "17",
          "18A",
          "18D",
          "37",
          "42A",
          "KB-12",
          "S-3A",
          "S-3B",
          "E-4",
          "AC-4"
        ]
      }
    },
    {
      "type": "Feature",
      "id": "stop_ekbalpur",
      "geometry": {
        "type": "Point",
        "coordinates": [
          88.3255,
          22.5315
        ]
      },
      "properties": {
        "id": "stop_ekbalpur",
        "name": "Ekbalpur",
        "category": "bus_stop",
        "routeCount": 18,
        "routes": [
          "1",
          "1A",
          "3D",
          "12/1",
          "12AD",
          "12C/1",
          "12C/1A",
          "13",
          "17",
          "18A",
          "18D",
          "37",
          "42A",
          "KB-12",
          "S-3A",
          "S-3B",
          "E-4",
          "AC-4"
        ]
      }
    },
    {
      "type": "Feature",
      "id": "stop_alipore_zoo",
      "geometry": {
        "type": "Point",
        "coordinates": [
          88.331534,
          22.529721
        ]
      },
      "properties": {
        "id": "stop_alipore_zoo",
        "name": "Alipore Zoo",
        "category": "bus_stop",
        "routeCount": 4,
        "routes": [
          "1",
          "1A",
          "SD-24",
          "Kolkata"
        ]
      }
    },
    {
      "type": "Feature",
      "id": "stop_bhabani_bhawan",
      "geometry": {
        "type": "Point",
        "coordinates": [
          88.341466,
          22.530279
        ]
      },
      "properties": {
        "id": "stop_bhabani_bhawan",
        "name": "Bhabani Bhawan",
        "category": "bus_stop",
        "routeCount": 6,
        "routes": [
          "1",
          "1A",
          "SD-9",
          "SD-18",
          "SD-19",
          "SD-26"
        ]
      }
    },
    {
      "type": "Feature",
      "id": "stop_hazra",
      "geometry": {
        "type": "Point",
        "coordinates": [
          88.3475,
          22.5285
        ]
      },
      "properties": {
        "id": "stop_hazra",
        "name": "Hazra",
        "category": "bus_stop",
        "routeCount": 35,
        "routes": [
          "1",
          "1A",
          "3B",
          "3C/1",
          "12C/1B",
          "13A",
          "13C",
          "17",
          "18B/1",
          "18C",
          "21",
          "21/1",
          "37A",
          "40A",
          "40B",
          "41",
          "41B",
          "42A",
          "45B",
          "47/1",
          "47B",
          "SD-8",
          "SD-16",
          "E-1",
          "AC-1",
          "S-2",
          "S-2N",
          "S-4C",
          "S-5",
          "S-5A",
          "S-5N",
          "S-5C/N",
          "AC-5",
          "S-7",
          "S-7N"
        ]
      }
    },
    {
      "type": "Feature",
      "id": "stop_kalighat",
      "geometry": {
        "type": "Point",
        "coordinates": [
          88.3445,
          22.5205
        ]
      },
      "properties": {
        "id": "stop_kalighat",
        "name": "Kalighat",
        "category": "bus_stop",
        "routeCount": 34,
        "routes": [
          "1",
          "1A",
          "3B",
          "3C/1",
          "12C/1B",
          "13A",
          "13C",
          "17",
          "18B/1",
          "18C",
          "21",
          "21/1",
          "37A",
          "40A",
          "40B",
          "41",
          "41B",
          "42A",
          "45B",
          "47/1",
          "47B",
          "SD-8",
          "E-1",
          "AC-1",
          "S-2",
          "S-2N",
          "S-4C",
          "S-5",
          "S-5A",
          "S-5N",
          "S-5C/N",
          "AC-5",
          "S-7",
          "S-7N"
        ]
      }
    },
    {
      "type": "Feature",
      "id": "stop_rashbehari",
      "geometry": {
        "type": "Point",
        "coordinates": [
          88.3485,
          22.5185
        ]
      },
      "properties": {
        "id": "stop_rashbehari",
        "name": "Rashbehari",
        "category": "bus_stop",
        "routeCount": 39,
        "routes": [
          "1",
          "1A",
          "1B",
          "3B",
          "3C/1",
          "12C/1B",
          "13C",
          "17",
          "18B/1",
          "18C",
          "21",
          "21/1",
          "37A",
          "40A",
          "40B",
          "41",
          "41B",
          "42B",
          "45B",
          "47/1",
          "47B",
          "SD-4",
          "SD-8",
          "SD-76",
          "E-1",
          "AC-1",
          "S-2",
          "S-2N",
          "S-3W",
          "S-4",
          "S-4C",
          "AC-4B",
          "S-5",
          "S-5A",
          "S-5N",
          "S-5C/N",
          "AC-5",
          "S-7",
          "S-7N"
        ]
      }
    },
    {
      "type": "Feature",
      "id": "stop_deshapriya_park",
      "geometry": {
        "type": "Point",
        "coordinates": [
          88.3585,
          22.5185
        ]
      },
      "properties": {
        "id": "stop_deshapriya_park",
        "name": "Deshapriya Park",
        "category": "bus_stop",
        "routeCount": 19,
        "routes": [
          "1",
          "1B",
          "3C/1",
          "13C",
          "18B/1",
          "18C",
          "37A",
          "42B",
          "SD-4",
          "SD-8",
          "SD-76",
          "KB-15",
          "S-3W",
          "S-4",
          "AC-4B",
          "S-5",
          "S-5N",
          "S-5C/N",
          "AC-5"
        ]
      }
    },
    {
      "type": "Feature",
      "id": "stop_gariahat",
      "geometry": {
        "type": "Point",
        "coordinates": [
          88.3654,
          22.5185
        ]
      },
      "properties": {
        "id": "stop_gariahat",
        "name": "Gariahat",
        "category": "bus_stop",
        "routeCount": 18,
        "routes": [
          "1",
          "3C/1",
          "13C",
          "18B/1",
          "18C",
          "37A",
          "42B",
          "45",
          "45A",
          "SD-8",
          "SD-16",
          "SD-76",
          "KB-15",
          "KB-17",
          "S-3W",
          "S-4",
          "AC-4B",
          "AC-5"
        ]
      }
    },
    {
      "type": "Feature",
      "id": "stop_ballygunge_station",
      "geometry": {
        "type": "Point",
        "coordinates": [
          88.3695,
          22.5215
        ]
      },
      "properties": {
        "id": "stop_ballygunge_station",
        "name": "Ballygunge Station",
        "category": "bus_stop",
        "routeCount": 11,
        "routes": [
          "1",
          "3C/1",
          "18B/1",
          "18C",
          "42B",
          "SD-8",
          "SD-76",
          "KB-15",
          "S-3W",
          "S-4",
          "AC-4B"
        ]
      }
    },
    {
      "type": "Feature",
      "id": "stop_kasba_post_office",
      "geometry": {
        "type": "Point",
        "coordinates": [
          88.373189,
          22.513614
        ]
      },
      "properties": {
        "id": "stop_kasba_post_office",
        "name": "Kasba Post Office",
        "category": "bus_stop",
        "routeCount": 2,
        "routes": [
          "1",
          "SD-8"
        ]
      }
    },
    {
      "type": "Feature",
      "id": "stop_haltu_bazar",
      "geometry": {
        "type": "Point",
        "coordinates": [
          88.3805,
          22.5079
        ]
      },
      "properties": {
        "id": "stop_haltu_bazar",
        "name": "Haltu Bazar",
        "category": "bus_stop",
        "routeCount": 2,
        "routes": [
          "1",
          "SD-8"
        ]
      }
    },
    {
      "type": "Feature",
      "id": "stop_ramlal_bazar",
      "geometry": {
        "type": "Point",
        "coordinates": [
          88.382689,
          22.499114
        ]
      },
      "properties": {
        "id": "stop_ramlal_bazar",
        "name": "Ramlal Bazar",
        "category": "bus_stop",
        "routeCount": 1,
        "routes": [
          "1"
        ]
      }
    },
    {
      "type": "Feature",
      "id": "stop_sapuipara",
      "geometry": {
        "type": "Point",
        "coordinates": [
          88.3885,
          22.4925
        ]
      },
      "properties": {
        "id": "stop_sapuipara",
        "name": "Sapuipara",
        "category": "bus_stop",
        "routeCount": 5,
        "routes": [
          "1",
          "47B",
          "SD-4",
          "S-4D",
          "AC-4A"
        ]
      }
    },
    {
      "type": "Feature",
      "id": "stop_kalikapur",
      "geometry": {
        "type": "Point",
        "coordinates": [
          88.3995,
          22.5015
        ]
      },
      "properties": {
        "id": "stop_kalikapur",
        "name": "Kalikapur",
        "category": "bus_stop",
        "routeCount": 6,
        "routes": [
          "1",
          "24A/1",
          "47B",
          "SD-3",
          "S-4D",
          "AC-4A"
        ]
      }
    },
    {
      "type": "Feature",
      "id": "stop_em_bypass",
      "geometry": {
        "type": "Point",
        "coordinates": [
          88.399,
          22.4971
        ]
      },
      "properties": {
        "id": "stop_em_bypass",
        "name": "EM Bypass",
        "category": "bus_stop",
        "routeCount": 8,
        "routes": [
          "1",
          "1A",
          "1B",
          "24A/1",
          "47B",
          "SD-16",
          "S-4D",
          "AC-4A"
        ]
      }
    },
    {
      "type": "Feature",
      "id": "stop_mukundapur",
      "geometry": {
        "type": "Point",
        "coordinates": [
          88.4015,
          22.4945
        ]
      },
      "properties": {
        "id": "stop_mukundapur",
        "name": "Mukundapur",
        "category": "bus_stop",
        "routeCount": 4,
        "routes": [
          "1",
          "1A",
          "24A/1",
          "SD-16"
        ]
      }
    },
    {
      "type": "Feature",
      "id": "stop_garden_reach",
      "geometry": {
        "type": "Point",
        "coordinates": [
          88.3015,
          22.5485
        ]
      },
      "properties": {
        "id": "stop_garden_reach",
        "name": "Garden Reach",
        "category": "bus_stop",
        "routeCount": 5,
        "routes": [
          "1A",
          "12",
          "12A",
          "12B",
          "42A"
        ]
      }
    },
    {
      "type": "Feature",
      "id": "stop_rabindra_sarovar",
      "geometry": {
        "type": "Point",
        "coordinates": [
          88.3515,
          22.5115
        ]
      },
      "properties": {
        "id": "stop_rabindra_sarovar",
        "name": "Rabindra Sarovar",
        "category": "bus_stop",
        "routeCount": 21,
        "routes": [
          "1A",
          "1B",
          "12C/1B",
          "21",
          "21/1",
          "40A",
          "40B",
          "41",
          "41B",
          "42B",
          "45B",
          "47/1",
          "47B",
          "SD-4",
          "AC-1",
          "S-2",
          "S-2N",
          "S-4C",
          "AC-4B",
          "S-7",
          "S-7N"
        ]
      }
    },
    {
      "type": "Feature",
      "id": "stop_tollygunge_phari",
      "geometry": {
        "type": "Point",
        "coordinates": [
          88.3455,
          22.5085
        ]
      },
      "properties": {
        "id": "stop_tollygunge_phari",
        "name": "Tollygunge Phari",
        "category": "bus_stop",
        "routeCount": 14,
        "routes": [
          "1A",
          "1B",
          "21",
          "21/1",
          "37",
          "40A",
          "42B",
          "45B",
          "47B",
          "SD-4",
          "AC-1",
          "S-4",
          "S-4D",
          "AC-4A"
        ]
      }
    },
    {
      "type": "Feature",
      "id": "stop_anwar_shah_road",
      "geometry": {
        "type": "Point",
        "coordinates": [
          88.3515,
          22.5035
        ]
      },
      "properties": {
        "id": "stop_anwar_shah_road",
        "name": "Anwar Shah Road",
        "category": "bus_stop",
        "routeCount": 7,
        "routes": [
          "1A",
          "37",
          "45B",
          "47B",
          "AC-1",
          "S-4D",
          "AC-4A"
        ]
      }
    },
    {
      "type": "Feature",
      "id": "stop_lake_gardens",
      "geometry": {
        "type": "Point",
        "coordinates": [
          88.3555,
          22.5025
        ]
      },
      "properties": {
        "id": "stop_lake_gardens",
        "name": "Lake Gardens",
        "category": "bus_stop",
        "routeCount": 7,
        "routes": [
          "1A",
          "37",
          "45B",
          "47B",
          "AC-1",
          "S-4D",
          "AC-4A"
        ]
      }
    },
    {
      "type": "Feature",
      "id": "stop_south_city",
      "geometry": {
        "type": "Point",
        "coordinates": [
          88.3615,
          22.5015
        ]
      },
      "properties": {
        "id": "stop_south_city",
        "name": "South City",
        "category": "bus_stop",
        "routeCount": 7,
        "routes": [
          "1A",
          "37",
          "45B",
          "47B",
          "AC-1",
          "S-4D",
          "AC-4A"
        ]
      }
    },
    {
      "type": "Feature",
      "id": "stop_jadavpur_8b",
      "geometry": {
        "type": "Point",
        "coordinates": [
          88.3685,
          22.4985
        ]
      },
      "properties": {
        "id": "stop_jadavpur_8b",
        "name": "Jadavpur 8B",
        "category": "bus_stop",
        "routeCount": 16,
        "routes": [
          "1A",
          "1B",
          "13C",
          "45",
          "45A",
          "45B",
          "SD-4",
          "SD-16",
          "KB-17",
          "E-1",
          "AC-1",
          "S-5",
          "S-5A",
          "S-5N",
          "S-5C/N",
          "AC-5"
        ]
      }
    },
    {
      "type": "Feature",
      "id": "stop_santoshpur",
      "geometry": {
        "type": "Point",
        "coordinates": [
          88.3815,
          22.4895
        ]
      },
      "properties": {
        "id": "stop_santoshpur",
        "name": "Santoshpur",
        "category": "bus_stop",
        "routeCount": 4,
        "routes": [
          "1A",
          "1B",
          "SD-16",
          "S-5C/N"
        ]
      }
    },
    {
      "type": "Feature",
      "id": "stop_ajaynagar",
      "geometry": {
        "type": "Point",
        "coordinates": [
          88.3885,
          22.4815
        ]
      },
      "properties": {
        "id": "stop_ajaynagar",
        "name": "Ajaynagar",
        "category": "bus_stop",
        "routeCount": 4,
        "routes": [
          "1A",
          "1B",
          "SD-16",
          "S-5C/N"
        ]
      }
    },
    {
      "type": "Feature",
      "id": "stop_nature_park",
      "geometry": {
        "type": "Point",
        "coordinates": [
          88.2985,
          22.5285
        ]
      },
      "properties": {
        "id": "stop_nature_park",
        "name": "Nature Park",
        "category": "bus_stop",
        "routeCount": 6,
        "routes": [
          "1B",
          "12",
          "12/1",
          "12AD",
          "42B",
          "SD-27"
        ]
      }
    },
    {
      "type": "Feature",
      "id": "stop_jhinjhira_bazar",
      "geometry": {
        "type": "Point",
        "coordinates": [
          88.2945,
          22.5145
        ]
      },
      "properties": {
        "id": "stop_jhinjhira_bazar",
        "name": "Jhinjhira Bazar",
        "category": "bus_stop",
        "routeCount": 10,
        "routes": [
          "1B",
          "12",
          "12/1",
          "12AD",
          "13",
          "13A",
          "13C",
          "42B",
          "SD-27",
          "SD-30"
        ]
      }
    },
    {
      "type": "Feature",
      "id": "stop_brace_bridge",
      "geometry": {
        "type": "Point",
        "coordinates": [
          88.3045,
          22.5185
        ]
      },
      "properties": {
        "id": "stop_brace_bridge",
        "name": "Brace Bridge",
        "category": "bus_stop",
        "routeCount": 11,
        "routes": [
          "1B",
          "12",
          "12/1",
          "12AD",
          "12C",
          "13",
          "13A",
          "13C",
          "42B",
          "SD-27",
          "SD-30"
        ]
      }
    },
    {
      "type": "Feature",
      "id": "stop_taratala",
      "geometry": {
        "type": "Point",
        "coordinates": [
          88.3185,
          22.5085
        ]
      },
      "properties": {
        "id": "stop_taratala",
        "name": "Taratala",
        "category": "bus_stop",
        "routeCount": 25,
        "routes": [
          "1B",
          "12",
          "12/1",
          "12AD",
          "12C",
          "13",
          "13A",
          "13C",
          "21/1",
          "37",
          "42B",
          "SD-4",
          "SD-5",
          "SD-14",
          "SD-27",
          "SD-30",
          "SD-76",
          "KB-12",
          "Kolkata",
          "S-3W",
          "S-4",
          "S-4D",
          "E-4",
          "AC-4",
          "AC-4A"
        ]
      }
    },
    {
      "type": "Feature",
      "id": "stop_new_alipore",
      "geometry": {
        "type": "Point",
        "coordinates": [
          88.3285,
          22.5105
        ]
      },
      "properties": {
        "id": "stop_new_alipore",
        "name": "New Alipore",
        "category": "bus_stop",
        "routeCount": 12,
        "routes": [
          "1B",
          "3B",
          "21/1",
          "37",
          "42B",
          "SD-4",
          "SD-5",
          "SD-76",
          "S-3W",
          "S-4",
          "S-4D",
          "AC-4A"
        ]
      }
    },
    {
      "type": "Feature",
      "id": "stop_mahabirtala",
      "geometry": {
        "type": "Point",
        "coordinates": [
          88.3325,
          22.5045
        ]
      },
      "properties": {
        "id": "stop_mahabirtala",
        "name": "Mahabirtala",
        "category": "bus_stop",
        "routeCount": 11,
        "routes": [
          "1B",
          "21",
          "21/1",
          "37",
          "40A",
          "42B",
          "SD-4",
          "SD-5",
          "S-4",
          "S-4D",
          "AC-4A"
        ]
      }
    },
    {
      "type": "Feature",
      "id": "stop_southern_avenue",
      "geometry": {
        "type": "Point",
        "coordinates": [
          88.3545,
          22.5145
        ]
      },
      "properties": {
        "id": "stop_southern_avenue",
        "name": "Southern Avenue",
        "category": "bus_stop",
        "routeCount": 7,
        "routes": [
          "1B",
          "SD-4",
          "E-1",
          "S-5",
          "S-5A",
          "S-5N",
          "S-5C/N"
        ]
      }
    },
    {
      "type": "Feature",
      "id": "stop_golpark",
      "geometry": {
        "type": "Point",
        "coordinates": [
          88.3665,
          22.5115
        ]
      },
      "properties": {
        "id": "stop_golpark",
        "name": "Golpark",
        "category": "bus_stop",
        "routeCount": 14,
        "routes": [
          "1B",
          "13C",
          "37A",
          "45",
          "45A",
          "SD-4",
          "SD-16",
          "KB-17",
          "E-1",
          "S-5",
          "S-5A",
          "S-5N",
          "S-5C/N",
          "AC-5"
        ]
      }
    },
    {
      "type": "Feature",
      "id": "stop_dhakuria",
      "geometry": {
        "type": "Point",
        "coordinates": [
          88.3665,
          22.5055
        ]
      },
      "properties": {
        "id": "stop_dhakuria",
        "name": "Dhakuria",
        "category": "bus_stop",
        "routeCount": 15,
        "routes": [
          "1B",
          "13C",
          "37",
          "37A",
          "45",
          "45A",
          "SD-4",
          "SD-16",
          "KB-17",
          "E-1",
          "S-5",
          "S-5A",
          "S-5N",
          "S-5C/N",
          "AC-5"
        ]
      }
    },
    {
      "type": "Feature",
      "id": "stop_peerless_hospital",
      "geometry": {
        "type": "Point",
        "coordinates": [
          88.3972,
          22.4828
        ]
      },
      "properties": {
        "id": "stop_peerless_hospital",
        "name": "Peerless Hospital",
        "category": "bus_stop",
        "routeCount": 2,
        "routes": [
          "1B",
          "S-5C/N"
        ]
      }
    },
    {
      "type": "Feature",
      "id": "stop_new_garia",
      "geometry": {
        "type": "Point",
        "coordinates": [
          88.3985,
          22.4715
        ]
      },
      "properties": {
        "id": "stop_new_garia",
        "name": "New Garia",
        "category": "bus_stop",
        "routeCount": 2,
        "routes": [
          "1B",
          "S-5C/N"
        ]
      }
    },
    {
      "type": "Feature",
      "id": "stop_garia_station",
      "geometry": {
        "type": "Point",
        "coordinates": [
          88.3955,
          22.4645
        ]
      },
      "properties": {
        "id": "stop_garia_station",
        "name": "Garia Station",
        "category": "bus_stop",
        "routeCount": 4,
        "routes": [
          "1B",
          "45A",
          "45B",
          "S-5C/N"
        ]
      }
    },
    {
      "type": "Feature",
      "id": "stop_nayabad",
      "geometry": {
        "type": "Point",
        "coordinates": [
          88.4045,
          22.4765
        ]
      },
      "properties": {
        "id": "stop_nayabad",
        "name": "Nayabad",
        "category": "bus_stop",
        "routeCount": 2,
        "routes": [
          "1B",
          "S-5C/N"
        ]
      }
    },
    {
      "type": "Feature",
      "id": "stop_durgapur_bridge",
      "geometry": {
        "type": "Point",
        "coordinates": [
          88.3345,
          22.5145
        ]
      },
      "properties": {
        "id": "stop_durgapur_bridge",
        "name": "Durgapur Bridge",
        "category": "bus_stop",
        "routeCount": 3,
        "routes": [
          "3B",
          "SD-76",
          "S-3W"
        ]
      }
    },
    {
      "type": "Feature",
      "id": "stop_chetla_park",
      "geometry": {
        "type": "Point",
        "coordinates": [
          88.3395,
          22.5165
        ]
      },
      "properties": {
        "id": "stop_chetla_park",
        "name": "Chetla Park",
        "category": "bus_stop",
        "routeCount": 4,
        "routes": [
          "3B",
          "17",
          "SD-76",
          "S-3W"
        ]
      }
    },
    {
      "type": "Feature",
      "id": "stop_bhowanipore",
      "geometry": {
        "type": "Point",
        "coordinates": [
          88.3495,
          22.5335
        ]
      },
      "properties": {
        "id": "stop_bhowanipore",
        "name": "Bhowanipore",
        "category": "bus_stop",
        "routeCount": 25,
        "routes": [
          "3B",
          "3C/1",
          "12C/1B",
          "13A",
          "21",
          "21/1",
          "37A",
          "40A",
          "40B",
          "41",
          "41B",
          "47/1",
          "47B",
          "E-1",
          "AC-1",
          "S-2",
          "S-2N",
          "S-4C",
          "S-5",
          "S-5A",
          "S-5N",
          "S-5C/N",
          "AC-5",
          "S-7",
          "S-7N"
        ]
      }
    },
    {
      "type": "Feature",
      "id": "stop_rabindra_sadan",
      "geometry": {
        "type": "Point",
        "coordinates": [
          88.3475,
          22.5415
        ]
      },
      "properties": {
        "id": "stop_rabindra_sadan",
        "name": "Rabindra Sadan",
        "category": "bus_stop",
        "routeCount": 32,
        "routes": [
          "3B",
          "3C/1",
          "3D",
          "12/1",
          "12C/1",
          "12C/1B",
          "13A",
          "21",
          "21/1",
          "37A",
          "40A",
          "40B",
          "41",
          "41B",
          "47/1",
          "47B",
          "K-11",
          "KB-12",
          "KB-15",
          "E-1",
          "AC-1",
          "S-2",
          "S-2N",
          "S-4C",
          "AC-4",
          "S-5",
          "S-5A",
          "S-5N",
          "S-5C/N",
          "AC-5",
          "S-7",
          "S-7N"
        ]
      }
    },
    {
      "type": "Feature",
      "id": "stop_maidan",
      "geometry": {
        "type": "Point",
        "coordinates": [
          88.3478,
          22.5535
        ]
      },
      "properties": {
        "id": "stop_maidan",
        "name": "Maidan",
        "category": "bus_stop",
        "routeCount": 22,
        "routes": [
          "3B",
          "3C/1",
          "3D",
          "12C/1",
          "12C/1B",
          "13A",
          "37A",
          "40A",
          "40B",
          "41",
          "41B",
          "47/1",
          "47B",
          "E-1",
          "AC-1",
          "S-2",
          "S-4C",
          "AC-4",
          "S-5",
          "S-5A",
          "AC-5",
          "S-7"
        ]
      }
    },
    {
      "type": "Feature",
      "id": "stop_park_street",
      "geometry": {
        "type": "Point",
        "coordinates": [
          88.3524,
          22.5516
        ]
      },
      "properties": {
        "id": "stop_park_street",
        "name": "Park Street",
        "category": "bus_stop",
        "routeCount": 23,
        "routes": [
          "3B",
          "3C/1",
          "3D",
          "12C/1",
          "12C/1B",
          "13A",
          "37A",
          "40A",
          "40B",
          "41",
          "41B",
          "47/1",
          "47B",
          "C",
          "E-1",
          "AC-1",
          "S-2",
          "S-4C",
          "AC-4",
          "S-5",
          "S-5A",
          "AC-5",
          "S-7"
        ]
      }
    },
    {
      "type": "Feature",
      "id": "stop_esplanade",
      "geometry": {
        "type": "Point",
        "coordinates": [
          88.3516,
          22.5645
        ]
      },
      "properties": {
        "id": "stop_esplanade",
        "name": "Esplanade",
        "category": "bus_stop",
        "routeCount": 63,
        "routes": [
          "3B",
          "3C/1",
          "3D",
          "12",
          "12AD",
          "12B",
          "12C",
          "12C/1",
          "12C/1A",
          "12C/1B",
          "13",
          "13A",
          "17",
          "18A",
          "18D",
          "24A",
          "24A/1",
          "30A",
          "30B",
          "30C",
          "30C/1",
          "30D",
          "34B",
          "34C",
          "37",
          "37A",
          "39",
          "40A",
          "40B",
          "41",
          "41B",
          "43",
          "46",
          "46A",
          "46B",
          "47/1",
          "47B",
          "52",
          "54",
          "55",
          "55A",
          "57",
          "59",
          "C",
          "SD-9",
          "SD-18",
          "SD-19",
          "SD-24",
          "SD-26",
          "DN-17",
          "Kolkata",
          "E-1",
          "AC-1",
          "S-2",
          "S-3A",
          "S-3B",
          "S-4C",
          "E-4",
          "AC-4",
          "S-5",
          "S-5A",
          "AC-5",
          "S-7"
        ]
      }
    },
    {
      "type": "Feature",
      "id": "stop_chandni_chowk",
      "geometry": {
        "type": "Point",
        "coordinates": [
          88.3546,
          22.5668
        ]
      },
      "properties": {
        "id": "stop_chandni_chowk",
        "name": "Chandni Chowk",
        "category": "bus_stop",
        "routeCount": 21,
        "routes": [
          "3B",
          "3C/1",
          "3D",
          "12",
          "24A",
          "24A/1",
          "30A",
          "30B",
          "30C",
          "30C/1",
          "30D",
          "34B",
          "34C",
          "39",
          "43",
          "46",
          "46A",
          "46B",
          "47B",
          "SD-24",
          "DN-17"
        ]
      }
    },
    {
      "type": "Feature",
      "id": "stop_central",
      "geometry": {
        "type": "Point",
        "coordinates": [
          88.3575,
          22.5745
        ]
      },
      "properties": {
        "id": "stop_central",
        "name": "Central",
        "category": "bus_stop",
        "routeCount": 10,
        "routes": [
          "3B",
          "12C/2",
          "13",
          "30A",
          "30C",
          "43",
          "47/1",
          "47B",
          "S-3A",
          "S-3B"
        ]
      }
    },
    {
      "type": "Feature",
      "id": "stop_medical_college",
      "geometry": {
        "type": "Point",
        "coordinates": [
          88.3618,
          22.5735
        ]
      },
      "properties": {
        "id": "stop_medical_college",
        "name": "Medical College",
        "category": "bus_stop",
        "routeCount": 6,
        "routes": [
          "3B",
          "13",
          "34B",
          "47/1",
          "S-3A",
          "S-3B"
        ]
      }
    },
    {
      "type": "Feature",
      "id": "stop_mg_road",
      "geometry": {
        "type": "Point",
        "coordinates": [
          88.3605,
          22.5815
        ]
      },
      "properties": {
        "id": "stop_mg_road",
        "name": "MG Road",
        "category": "bus_stop",
        "routeCount": 13,
        "routes": [
          "3B",
          "24",
          "24B",
          "28",
          "30A",
          "30C",
          "39A/2",
          "43",
          "44",
          "44/1",
          "44A",
          "47B",
          "AC-2"
        ]
      }
    },
    {
      "type": "Feature",
      "id": "stop_girish_park",
      "geometry": {
        "type": "Point",
        "coordinates": [
          88.3615,
          22.5875
        ]
      },
      "properties": {
        "id": "stop_girish_park",
        "name": "Girish Park",
        "category": "bus_stop",
        "routeCount": 6,
        "routes": [
          "3B",
          "30A",
          "30C",
          "43",
          "47B",
          "AC-2"
        ]
      }
    },
    {
      "type": "Feature",
      "id": "stop_sovabazar",
      "geometry": {
        "type": "Point",
        "coordinates": [
          88.3625,
          22.5975
        ]
      },
      "properties": {
        "id": "stop_sovabazar",
        "name": "Sovabazar",
        "category": "bus_stop",
        "routeCount": 5,
        "routes": [
          "3B",
          "30A",
          "30C",
          "43",
          "47B"
        ]
      }
    },
    {
      "type": "Feature",
      "id": "stop_rajballavpara",
      "geometry": {
        "type": "Point",
        "coordinates": [
          88.3675,
          22.6015
        ]
      },
      "properties": {
        "id": "stop_rajballavpara",
        "name": "Rajballavpara",
        "category": "bus_stop",
        "routeCount": 5,
        "routes": [
          "3B",
          "30A",
          "30C",
          "43",
          "47B"
        ]
      }
    },
    {
      "type": "Feature",
      "id": "stop_shyambazar",
      "geometry": {
        "type": "Point",
        "coordinates": [
          88.3698,
          22.6025
        ]
      },
      "properties": {
        "id": "stop_shyambazar",
        "name": "Shyambazar",
        "category": "bus_stop",
        "routeCount": 17,
        "routes": [
          "3B",
          "3C/1",
          "3D",
          "30A",
          "30B",
          "30C",
          "30D",
          "32A",
          "34B",
          "34C",
          "47B",
          "DN-18",
          "K-1",
          "K-4",
          "KB-16",
          "KB-22",
          "KB-24"
        ]
      }
    },
    {
      "type": "Feature",
      "id": "stop_rg_kar",
      "geometry": {
        "type": "Point",
        "coordinates": [
          88.3748,
          22.6042
        ]
      },
      "properties": {
        "id": "stop_rg_kar",
        "name": "RG Kar",
        "category": "bus_stop",
        "routeCount": 11,
        "routes": [
          "3B",
          "3C/1",
          "3D",
          "30C",
          "30D",
          "47B",
          "DN-18",
          "K-1",
          "KB-16",
          "KB-22",
          "KB-24"
        ]
      }
    },
    {
      "type": "Feature",
      "id": "stop_belgachia",
      "geometry": {
        "type": "Point",
        "coordinates": [
          88.3795,
          22.6075
        ]
      },
      "properties": {
        "id": "stop_belgachia",
        "name": "Belgachia",
        "category": "bus_stop",
        "routeCount": 10,
        "routes": [
          "3B",
          "3C/1",
          "3D",
          "30C",
          "30D",
          "47B",
          "57",
          "57A",
          "DN-18",
          "KB-16"
        ]
      }
    },
    {
      "type": "Feature",
      "id": "stop_ashubabu_bazar",
      "geometry": {
        "type": "Point",
        "coordinates": [
          88.3725,
          22.58475
        ]
      },
      "properties": {
        "id": "stop_ashubabu_bazar",
        "name": "Ashubabu Bazar",
        "category": "bus_stop",
        "routeCount": 2,
        "routes": [
          "3B",
          "3D"
        ]
      }
    },
    {
      "type": "Feature",
      "id": "stop_milk_colony",
      "geometry": {
        "type": "Point",
        "coordinates": [
          88.3685,
          22.5638
        ]
      },
      "properties": {
        "id": "stop_milk_colony",
        "name": "Milk Colony",
        "category": "bus_stop",
        "routeCount": 2,
        "routes": [
          "3B",
          "3D"
        ]
      }
    },
    {
      "type": "Feature",
      "id": "stop_anandapur",
      "geometry": {
        "type": "Point",
        "coordinates": [
          88.4045,
          22.5195
        ]
      },
      "properties": {
        "id": "stop_anandapur",
        "name": "Anandapur",
        "category": "bus_stop",
        "routeCount": 4,
        "routes": [
          "3C/1",
          "18C",
          "42B",
          "KB-15"
        ]
      }
    },
    {
      "type": "Feature",
      "id": "stop_ruby",
      "geometry": {
        "type": "Point",
        "coordinates": [
          88.3995,
          22.5132
        ]
      },
      "properties": {
        "id": "stop_ruby",
        "name": "Ruby",
        "category": "bus_stop",
        "routeCount": 14,
        "routes": [
          "3C/1",
          "18B/1",
          "18C",
          "24A/1",
          "42B",
          "47B",
          "SD-76",
          "K-4",
          "KB-15",
          "S-3W",
          "S-4",
          "S-4D",
          "AC-4A",
          "AC-4B"
        ]
      }
    },
    {
      "type": "Feature",
      "id": "stop_acropolis_mall",
      "geometry": {
        "type": "Point",
        "coordinates": [
          88.3935,
          22.5145
        ]
      },
      "properties": {
        "id": "stop_acropolis_mall",
        "name": "Acropolis Mall",
        "category": "bus_stop",
        "routeCount": 10,
        "routes": [
          "3C/1",
          "18B/1",
          "18C",
          "42B",
          "47B",
          "SD-76",
          "KB-15",
          "S-3W",
          "S-4",
          "AC-4B"
        ]
      }
    },
    {
      "type": "Feature",
      "id": "stop_bosepukur",
      "geometry": {
        "type": "Point",
        "coordinates": [
          88.3845,
          22.5155
        ]
      },
      "properties": {
        "id": "stop_bosepukur",
        "name": "Bosepukur",
        "category": "bus_stop",
        "routeCount": 9,
        "routes": [
          "3C/1",
          "18B/1",
          "18C",
          "42B",
          "SD-76",
          "KB-15",
          "S-3W",
          "S-4",
          "AC-4B"
        ]
      }
    },
    {
      "type": "Feature",
      "id": "stop_kasba_ps",
      "geometry": {
        "type": "Point",
        "coordinates": [
          88.3815,
          22.5165
        ]
      },
      "properties": {
        "id": "stop_kasba_ps",
        "name": "Kasba PS",
        "category": "bus_stop",
        "routeCount": 9,
        "routes": [
          "3C/1",
          "18B/1",
          "18C",
          "42B",
          "SD-76",
          "KB-15",
          "S-3W",
          "S-4",
          "AC-4B"
        ]
      }
    },
    {
      "type": "Feature",
      "id": "stop_wellington",
      "geometry": {
        "type": "Point",
        "coordinates": [
          88.3585,
          22.5635
        ]
      },
      "properties": {
        "id": "stop_wellington",
        "name": "Wellington",
        "category": "bus_stop",
        "routeCount": 16,
        "routes": [
          "3C/1",
          "3D",
          "12",
          "24A",
          "24A/1",
          "30B",
          "30C/1",
          "30D",
          "34B",
          "34C",
          "39",
          "46",
          "46A",
          "46B",
          "SD-24",
          "DN-17"
        ]
      }
    },
    {
      "type": "Feature",
      "id": "stop_moulali",
      "geometry": {
        "type": "Point",
        "coordinates": [
          88.3665,
          22.5615
        ]
      },
      "properties": {
        "id": "stop_moulali",
        "name": "Moulali",
        "category": "bus_stop",
        "routeCount": 25,
        "routes": [
          "3C/1",
          "3D",
          "12",
          "12/1",
          "21",
          "21/1",
          "24A",
          "24A/1",
          "30B",
          "30C/1",
          "30D",
          "34C",
          "39",
          "39A/2",
          "45",
          "45A",
          "45B",
          "46A",
          "46B",
          "SD-24",
          "DN-17",
          "K-4",
          "KB-12",
          "KB-17",
          "KB-21"
        ]
      }
    },
    {
      "type": "Feature",
      "id": "stop_sealdah",
      "geometry": {
        "type": "Point",
        "coordinates": [
          88.3695,
          22.5638
        ]
      },
      "properties": {
        "id": "stop_sealdah",
        "name": "Sealdah",
        "category": "bus_stop",
        "routeCount": 34,
        "routes": [
          "3C/1",
          "3D",
          "12",
          "12/1",
          "12C/2",
          "13",
          "21",
          "21/1",
          "24",
          "24A",
          "24B",
          "28",
          "30B",
          "30C/1",
          "30D",
          "34C",
          "39A/2",
          "44",
          "44/1",
          "44A",
          "45",
          "45A",
          "45B",
          "46A",
          "46B",
          "47/1",
          "SD-24",
          "DN-17",
          "K-4",
          "KB-12",
          "KB-17",
          "KB-21",
          "S-3A",
          "S-3B"
        ]
      }
    },
    {
      "type": "Feature",
      "id": "stop_rajabazar",
      "geometry": {
        "type": "Point",
        "coordinates": [
          88.3735,
          22.5745
        ]
      },
      "properties": {
        "id": "stop_rajabazar",
        "name": "Rajabazar",
        "category": "bus_stop",
        "routeCount": 18,
        "routes": [
          "3C/1",
          "3D",
          "12",
          "12/1",
          "12C/2",
          "30B",
          "30C/1",
          "30D",
          "34C",
          "44",
          "44A",
          "46A",
          "46B",
          "47/1",
          "K-4",
          "KB-17",
          "KB-21",
          "S-3B"
        ]
      }
    },
    {
      "type": "Feature",
      "id": "stop_maniktala",
      "geometry": {
        "type": "Point",
        "coordinates": [
          88.3765,
          22.5855
        ]
      },
      "properties": {
        "id": "stop_maniktala",
        "name": "Maniktala",
        "category": "bus_stop",
        "routeCount": 16,
        "routes": [
          "3C/1",
          "3D",
          "12C/2",
          "30B",
          "30C/1",
          "30D",
          "34C",
          "44A",
          "46",
          "46A",
          "46B",
          "K-4",
          "KB-17",
          "KB-21",
          "AC-2",
          "S-3B"
        ]
      }
    },
    {
      "type": "Feature",
      "id": "stop_khanna_cinema",
      "geometry": {
        "type": "Point",
        "coordinates": [
          88.3775,
          22.5935
        ]
      },
      "properties": {
        "id": "stop_khanna_cinema",
        "name": "Khanna Cinema",
        "category": "bus_stop",
        "routeCount": 16,
        "routes": [
          "3C/1",
          "3D",
          "12C/2",
          "30B",
          "30C/1",
          "30D",
          "32A",
          "34C",
          "44A",
          "46A",
          "K-1",
          "K-4",
          "KB-16",
          "KB-21",
          "KB-22",
          "KB-24"
        ]
      }
    },
    {
      "type": "Feature",
      "id": "stop_patipukur",
      "geometry": {
        "type": "Point",
        "coordinates": [
          88.3895,
          22.6055
        ]
      },
      "properties": {
        "id": "stop_patipukur",
        "name": "Patipukur",
        "category": "bus_stop",
        "routeCount": 6,
        "routes": [
          "3C/1",
          "30C",
          "30D",
          "47B",
          "DN-18",
          "KB-16"
        ]
      }
    },
    {
      "type": "Feature",
      "id": "stop_kalindi",
      "geometry": {
        "type": "Point",
        "coordinates": [
          88.3985,
          22.6035
        ]
      },
      "properties": {
        "id": "stop_kalindi",
        "name": "Kalindi",
        "category": "bus_stop",
        "routeCount": 6,
        "routes": [
          "3C/1",
          "30C",
          "30D",
          "47B",
          "DN-18",
          "KB-16"
        ]
      }
    },
    {
      "type": "Feature",
      "id": "stop_bangur_avenue",
      "geometry": {
        "type": "Point",
        "coordinates": [
          88.4065,
          22.6025
        ]
      },
      "properties": {
        "id": "stop_bangur_avenue",
        "name": "Bangur Avenue",
        "category": "bus_stop",
        "routeCount": 5,
        "routes": [
          "3C/1",
          "30D",
          "DN-8",
          "DN-18",
          "KB-16"
        ]
      }
    },
    {
      "type": "Feature",
      "id": "stop_diamond_plaza",
      "geometry": {
        "type": "Point",
        "coordinates": [
          88.4075,
          22.6121
        ]
      },
      "properties": {
        "id": "stop_diamond_plaza",
        "name": "Diamond Plaza",
        "category": "bus_stop",
        "routeCount": 4,
        "routes": [
          "3C/1",
          "30D",
          "DN-8",
          "DN-18"
        ]
      }
    },
    {
      "type": "Feature",
      "id": "stop_nager_bazar",
      "geometry": {
        "type": "Point",
        "coordinates": [
          88.4115,
          22.6235
        ]
      },
      "properties": {
        "id": "stop_nager_bazar",
        "name": "Nager Bazar",
        "category": "bus_stop",
        "routeCount": 6,
        "routes": [
          "3C/1",
          "30B",
          "30D",
          "DN-8",
          "DN-9/1",
          "DN-18"
        ]
      }
    },
    {
      "type": "Feature",
      "id": "stop_sakher_bazar",
      "geometry": {
        "type": "Point",
        "coordinates": [
          88.3105,
          22.4845
        ]
      },
      "properties": {
        "id": "stop_sakher_bazar",
        "name": "Sakher Bazar",
        "category": "bus_stop",
        "routeCount": 19,
        "routes": [
          "3D",
          "12C",
          "12C/1A",
          "21",
          "21/1",
          "SD-4",
          "SD-5",
          "SD-8",
          "SD-9",
          "SD-14",
          "SD-16",
          "SD-18",
          "SD-19",
          "SD-26",
          "SD-27",
          "SD-76",
          "Kolkata",
          "S-3A",
          "S-3W"
        ]
      }
    },
    {
      "type": "Feature",
      "id": "stop_behala_chowrasta",
      "geometry": {
        "type": "Point",
        "coordinates": [
          88.3115,
          22.4925
        ]
      },
      "properties": {
        "id": "stop_behala_chowrasta",
        "name": "Behala Chowrasta",
        "category": "bus_stop",
        "routeCount": 23,
        "routes": [
          "3D",
          "12C",
          "12C/1",
          "12C/1A",
          "18A",
          "18B/1",
          "18C",
          "18D",
          "21/1",
          "SD-4",
          "SD-5",
          "SD-8",
          "SD-9",
          "SD-14",
          "SD-16",
          "SD-18",
          "SD-19",
          "SD-26",
          "SD-27",
          "SD-76",
          "Kolkata",
          "S-3A",
          "S-3W"
        ]
      }
    },
    {
      "type": "Feature",
      "id": "stop_behala_14_no",
      "geometry": {
        "type": "Point",
        "coordinates": [
          88.3145,
          22.5015
        ]
      },
      "properties": {
        "id": "stop_behala_14_no",
        "name": "Behala 14 No",
        "category": "bus_stop",
        "routeCount": 23,
        "routes": [
          "3D",
          "12C",
          "12C/1",
          "12C/1A",
          "18A",
          "18B/1",
          "18C",
          "18D",
          "21/1",
          "SD-4",
          "SD-5",
          "SD-8",
          "SD-9",
          "SD-14",
          "SD-16",
          "SD-18",
          "SD-19",
          "SD-26",
          "SD-27",
          "SD-76",
          "S-3A",
          "S-3B",
          "S-3W"
        ]
      }
    },
    {
      "type": "Feature",
      "id": "stop_majherhat",
      "geometry": {
        "type": "Point",
        "coordinates": [
          88.3215,
          22.5155
        ]
      },
      "properties": {
        "id": "stop_majherhat",
        "name": "Majherhat",
        "category": "bus_stop",
        "routeCount": 24,
        "routes": [
          "3D",
          "12/1",
          "12AD",
          "12C/1",
          "12C/1A",
          "13",
          "13A",
          "13C",
          "18A",
          "18B/1",
          "18C",
          "18D",
          "37",
          "SD-8",
          "SD-9",
          "SD-16",
          "SD-18",
          "SD-19",
          "SD-26",
          "KB-12",
          "S-3A",
          "S-3B",
          "E-4",
          "AC-4"
        ]
      }
    },
    {
      "type": "Feature",
      "id": "stop_mominpore",
      "geometry": {
        "type": "Point",
        "coordinates": [
          88.3245,
          22.5245
        ]
      },
      "properties": {
        "id": "stop_mominpore",
        "name": "Mominpore",
        "category": "bus_stop",
        "routeCount": 26,
        "routes": [
          "3D",
          "12/1",
          "12AD",
          "12C/1",
          "12C/1A",
          "13",
          "13A",
          "13C",
          "17",
          "18A",
          "18B/1",
          "18C",
          "18D",
          "37",
          "SD-8",
          "SD-9",
          "SD-16",
          "SD-18",
          "SD-19",
          "SD-26",
          "KB-12",
          "Kolkata",
          "S-3A",
          "S-3B",
          "E-4",
          "AC-4"
        ]
      }
    },
    {
      "type": "Feature",
      "id": "stop_hastings",
      "geometry": {
        "type": "Point",
        "coordinates": [
          88.3315,
          22.5485
        ]
      },
      "properties": {
        "id": "stop_hastings",
        "name": "Hastings",
        "category": "bus_stop",
        "routeCount": 20,
        "routes": [
          "3D",
          "12",
          "12/1",
          "12A",
          "12AD",
          "12B",
          "12C",
          "12C/1",
          "12C/1A",
          "13",
          "17",
          "18A",
          "18D",
          "37",
          "DN-17",
          "KB-12",
          "S-3A",
          "S-3B",
          "E-4",
          "AC-4"
        ]
      }
    },
    {
      "type": "Feature",
      "id": "stop_pts",
      "geometry": {
        "type": "Point",
        "coordinates": [
          88.3385,
          22.5445
        ]
      },
      "properties": {
        "id": "stop_pts",
        "name": "PTS",
        "category": "bus_stop",
        "routeCount": 17,
        "routes": [
          "3D",
          "12/1",
          "12C/1",
          "SD-9",
          "SD-18",
          "SD-19",
          "SD-24",
          "SD-26",
          "K-11",
          "KB-12",
          "KB-15",
          "Kolkata",
          "S-2N",
          "AC-4",
          "S-5N",
          "S-5C/N",
          "S-7N"
        ]
      }
    },
    {
      "type": "Feature",
      "id": "stop_badartala",
      "geometry": {
        "type": "Point",
        "coordinates": [
          88.2715,
          22.5385
        ]
      },
      "properties": {
        "id": "stop_badartala",
        "name": "Badartala",
        "category": "bus_stop",
        "routeCount": 2,
        "routes": [
          "12",
          "12A"
        ]
      }
    },
    {
      "type": "Feature",
      "id": "stop_rajabagan",
      "geometry": {
        "type": "Point",
        "coordinates": [
          88.2765,
          22.5396
        ]
      },
      "properties": {
        "id": "stop_rajabagan",
        "name": "Rajabagan",
        "category": "bus_stop",
        "routeCount": 2,
        "routes": [
          "12",
          "12A"
        ]
      }
    },
    {
      "type": "Feature",
      "id": "stop_metiabruz",
      "geometry": {
        "type": "Point",
        "coordinates": [
          88.2845,
          22.5425
        ]
      },
      "properties": {
        "id": "stop_metiabruz",
        "name": "Metiabruz",
        "category": "bus_stop",
        "routeCount": 2,
        "routes": [
          "12",
          "12A"
        ]
      }
    },
    {
      "type": "Feature",
      "id": "stop_bichali_ghat",
      "geometry": {
        "type": "Point",
        "coordinates": [
          88.2985,
          22.5495
        ]
      },
      "properties": {
        "id": "stop_bichali_ghat",
        "name": "Bichali Ghat",
        "category": "bus_stop",
        "routeCount": 4,
        "routes": [
          "12",
          "12A",
          "42A",
          "42B"
        ]
      }
    },
    {
      "type": "Feature",
      "id": "stop_kamal_talkies",
      "geometry": {
        "type": "Point",
        "coordinates": [
          88.2935,
          22.5465
        ]
      },
      "properties": {
        "id": "stop_kamal_talkies",
        "name": "Kamal Talkies",
        "category": "bus_stop",
        "routeCount": 4,
        "routes": [
          "12",
          "12/1",
          "12B",
          "42B"
        ]
      }
    },
    {
      "type": "Feature",
      "id": "stop_hide_road",
      "geometry": {
        "type": "Point",
        "coordinates": [
          88.317,
          22.5246
        ]
      },
      "properties": {
        "id": "stop_hide_road",
        "name": "Hide Road",
        "category": "bus_stop",
        "routeCount": 2,
        "routes": [
          "12",
          "12C"
        ]
      }
    },
    {
      "type": "Feature",
      "id": "stop_princep_ghat",
      "geometry": {
        "type": "Point",
        "coordinates": [
          88.3345,
          22.5565
        ]
      },
      "properties": {
        "id": "stop_princep_ghat",
        "name": "Princep Ghat",
        "category": "bus_stop",
        "routeCount": 5,
        "routes": [
          "12",
          "12A",
          "DN-17",
          "S-3A",
          "S-3B"
        ]
      }
    },
    {
      "type": "Feature",
      "id": "stop_babughat",
      "geometry": {
        "type": "Point",
        "coordinates": [
          88.3411,
          22.5678
        ]
      },
      "properties": {
        "id": "stop_babughat",
        "name": "Babughat",
        "category": "bus_stop",
        "routeCount": 13,
        "routes": [
          "12",
          "12A",
          "30B",
          "30C",
          "30C/1",
          "30D",
          "40A",
          "40B",
          "C",
          "SD-26",
          "DN-17",
          "S-3A",
          "S-3B"
        ]
      }
    },
    {
      "type": "Feature",
      "id": "stop_fort_william",
      "geometry": {
        "type": "Point",
        "coordinates": [
          88.3435,
          22.5525
        ]
      },
      "properties": {
        "id": "stop_fort_william",
        "name": "Fort William",
        "category": "bus_stop",
        "routeCount": 16,
        "routes": [
          "12",
          "12AD",
          "12B",
          "12C",
          "12C/1A",
          "13",
          "17",
          "18A",
          "18D",
          "37",
          "SD-9",
          "SD-18",
          "SD-19",
          "SD-24",
          "SD-26",
          "E-4"
        ]
      }
    },
    {
      "type": "Feature",
      "id": "stop_mudiali",
      "geometry": {
        "type": "Point",
        "coordinates": [
          88.293689,
          22.541364
        ]
      },
      "properties": {
        "id": "stop_mudiali",
        "name": "Mudiali",
        "category": "bus_stop",
        "routeCount": 3,
        "routes": [
          "12/1",
          "12A",
          "42A"
        ]
      }
    },
    {
      "type": "Feature",
      "id": "stop_hmg_college",
      "geometry": {
        "type": "Point",
        "coordinates": [
          88.2975,
          22.5384
        ]
      },
      "properties": {
        "id": "stop_hmg_college",
        "name": "HMG College",
        "category": "bus_stop",
        "routeCount": 3,
        "routes": [
          "12/1",
          "12A",
          "42A"
        ]
      }
    },
    {
      "type": "Feature",
      "id": "stop_fatehpur",
      "geometry": {
        "type": "Point",
        "coordinates": [
          88.296189,
          22.532364
        ]
      },
      "properties": {
        "id": "stop_fatehpur",
        "name": "Fatehpur",
        "category": "bus_stop",
        "routeCount": 8,
        "routes": [
          "12/1",
          "12A",
          "42A",
          "SD-9",
          "SD-14",
          "SD-18",
          "SD-19",
          "Kolkata"
        ]
      }
    },
    {
      "type": "Feature",
      "id": "stop_minto_park",
      "geometry": {
        "type": "Point",
        "coordinates": [
          88.3545,
          22.5415
        ]
      },
      "properties": {
        "id": "stop_minto_park",
        "name": "Minto Park",
        "category": "bus_stop",
        "routeCount": 6,
        "routes": [
          "12/1",
          "21",
          "21/1",
          "45B",
          "KB-12",
          "KB-15"
        ]
      }
    },
    {
      "type": "Feature",
      "id": "stop_beck_bagan",
      "geometry": {
        "type": "Point",
        "coordinates": [
          88.3615,
          22.5395
        ]
      },
      "properties": {
        "id": "stop_beck_bagan",
        "name": "Beck Bagan",
        "category": "bus_stop",
        "routeCount": 5,
        "routes": [
          "12/1",
          "21",
          "21/1",
          "45B",
          "KB-12"
        ]
      }
    },
    {
      "type": "Feature",
      "id": "stop_mallick_bazar",
      "geometry": {
        "type": "Point",
        "coordinates": [
          88.3635,
          22.5475
        ]
      },
      "properties": {
        "id": "stop_mallick_bazar",
        "name": "Mallick Bazar",
        "category": "bus_stop",
        "routeCount": 7,
        "routes": [
          "12/1",
          "21",
          "21/1",
          "39A/2",
          "45B",
          "KB-12",
          "KB-21"
        ]
      }
    },
    {
      "type": "Feature",
      "id": "stop_barabazar",
      "geometry": {
        "type": "Point",
        "coordinates": [
          88.3535,
          22.5835
        ]
      },
      "properties": {
        "id": "stop_barabazar",
        "name": "Barabazar",
        "category": "bus_stop",
        "routeCount": 41,
        "routes": [
          "12A",
          "12AD",
          "12C",
          "12C/1",
          "12C/2",
          "12C/1A",
          "12C/1B",
          "17",
          "18A",
          "18D",
          "24",
          "24A",
          "24A/1",
          "24B",
          "28",
          "37",
          "37A",
          "39A/2",
          "41",
          "41B",
          "44",
          "44/1",
          "44A",
          "52",
          "54",
          "55",
          "55A",
          "57",
          "59",
          "C",
          "E-1",
          "AC-1",
          "S-2",
          "AC-2",
          "S-4C",
          "E-4",
          "AC-4",
          "S-5",
          "S-5A",
          "AC-5",
          "S-7"
        ]
      }
    },
    {
      "type": "Feature",
      "id": "stop_howrah_station",
      "geometry": {
        "type": "Point",
        "coordinates": [
          88.3431,
          22.5855
        ]
      },
      "properties": {
        "id": "stop_howrah_station",
        "name": "Howrah Station",
        "category": "bus_stop",
        "routeCount": 49,
        "routes": [
          "12A",
          "12AD",
          "12C",
          "12C/1",
          "12C/2",
          "12C/1A",
          "12C/1B",
          "17",
          "18A",
          "18D",
          "24",
          "24A",
          "24A/1",
          "24B",
          "28",
          "37",
          "37A",
          "39A/2",
          "41",
          "41B",
          "44",
          "44/1",
          "44A",
          "51",
          "52",
          "54",
          "55",
          "55A",
          "56",
          "57",
          "57A",
          "59",
          "61",
          "63",
          "C",
          "E-43",
          "E-44",
          "E-53",
          "E-1",
          "AC-1",
          "S-2",
          "AC-2",
          "S-4C",
          "E-4",
          "AC-4",
          "S-5",
          "S-5A",
          "AC-5",
          "S-7"
        ]
      }
    },
    {
      "type": "Feature",
      "id": "stop_akra_fatak",
      "geometry": {
        "type": "Point",
        "coordinates": [
          88.3315,
          22.5245
        ]
      },
      "properties": {
        "id": "stop_akra_fatak",
        "name": "Akra Fatak",
        "category": "bus_stop",
        "routeCount": 2,
        "routes": [
          "12AD",
          "SD-27"
        ]
      }
    },
    {
      "type": "Feature",
      "id": "stop_santoshpur_station",
      "geometry": {
        "type": "Point",
        "coordinates": [
          88.3815,
          22.4895
        ]
      },
      "properties": {
        "id": "stop_santoshpur_station",
        "name": "Santoshpur Station",
        "category": "bus_stop",
        "routeCount": 2,
        "routes": [
          "12AD",
          "SD-27"
        ]
      }
    },
    {
      "type": "Feature",
      "id": "stop_bbd_bag",
      "geometry": {
        "type": "Point",
        "coordinates": [
          88.3485,
          22.5715
        ]
      },
      "properties": {
        "id": "stop_bbd_bag",
        "name": "BBD Bag",
        "category": "bus_stop",
        "routeCount": 37,
        "routes": [
          "12AD",
          "12C",
          "12C/1",
          "12C/2",
          "12C/1A",
          "12C/1B",
          "13",
          "13A",
          "17",
          "18A",
          "18D",
          "24A",
          "24A/1",
          "37",
          "37A",
          "39",
          "41",
          "41B",
          "47/1",
          "52",
          "54",
          "55",
          "55A",
          "57",
          "59",
          "E-1",
          "AC-1",
          "S-2",
          "S-3A",
          "S-3B",
          "S-4C",
          "E-4",
          "AC-4",
          "S-5",
          "S-5A",
          "AC-5",
          "S-7"
        ]
      }
    },
    {
      "type": "Feature",
      "id": "stop_pailan",
      "geometry": {
        "type": "Point",
        "coordinates": [
          88.2945,
          22.4385
        ]
      },
      "properties": {
        "id": "stop_pailan",
        "name": "Pailan",
        "category": "bus_stop",
        "routeCount": 12,
        "routes": [
          "12C",
          "12C/1A",
          "12C/1B",
          "SD-5",
          "SD-9",
          "SD-14",
          "SD-16",
          "SD-18",
          "SD-19",
          "SD-27",
          "SD-76",
          "Kolkata"
        ]
      }
    },
    {
      "type": "Feature",
      "id": "stop_joka_bridge",
      "geometry": {
        "type": "Point",
        "coordinates": [
          88.3015,
          22.4515
        ]
      },
      "properties": {
        "id": "stop_joka_bridge",
        "name": "Joka Bridge",
        "category": "bus_stop",
        "routeCount": 13,
        "routes": [
          "12C",
          "12C/1A",
          "12C/1B",
          "SD-5",
          "SD-8",
          "SD-9",
          "SD-14",
          "SD-16",
          "SD-18",
          "SD-19",
          "SD-26",
          "SD-27",
          "SD-76"
        ]
      }
    },
    {
      "type": "Feature",
      "id": "stop_thakurpukur",
      "geometry": {
        "type": "Point",
        "coordinates": [
          88.3085,
          22.4685
        ]
      },
      "properties": {
        "id": "stop_thakurpukur",
        "name": "Thakurpukur",
        "category": "bus_stop",
        "routeCount": 19,
        "routes": [
          "12C",
          "12C/1A",
          "12C/1B",
          "40B",
          "SD-4",
          "SD-5",
          "SD-8",
          "SD-9",
          "SD-14",
          "SD-16",
          "SD-18",
          "SD-19",
          "SD-26",
          "SD-27",
          "SD-76",
          "Kolkata",
          "S-3A",
          "S-3W",
          "AC-4B"
        ]
      }
    },
    {
      "type": "Feature",
      "id": "stop_shilpara",
      "geometry": {
        "type": "Point",
        "coordinates": [
          88.3095,
          22.4785
        ]
      },
      "properties": {
        "id": "stop_shilpara",
        "name": "Shilpara",
        "category": "bus_stop",
        "routeCount": 18,
        "routes": [
          "12C",
          "12C/1A",
          "21",
          "21/1",
          "SD-4",
          "SD-5",
          "SD-8",
          "SD-9",
          "SD-14",
          "SD-16",
          "SD-18",
          "SD-19",
          "SD-26",
          "SD-27",
          "SD-76",
          "Kolkata",
          "S-3A",
          "S-3W"
        ]
      }
    },
    {
      "type": "Feature",
      "id": "stop_shibrampur",
      "geometry": {
        "type": "Point",
        "coordinates": [
          88.2945,
          22.4785
        ]
      },
      "properties": {
        "id": "stop_shibrampur",
        "name": "Shibrampur",
        "category": "bus_stop",
        "routeCount": 3,
        "routes": [
          "12C/1",
          "18A",
          "18B/1"
        ]
      }
    },
    {
      "type": "Feature",
      "id": "stop_shakuntala_park",
      "geometry": {
        "type": "Point",
        "coordinates": [
          88.298868,
          22.482388
        ]
      },
      "properties": {
        "id": "stop_shakuntala_park",
        "name": "Shakuntala Park",
        "category": "bus_stop",
        "routeCount": 3,
        "routes": [
          "12C/1",
          "18A",
          "18B/1"
        ]
      }
    },
    {
      "type": "Feature",
      "id": "stop_bakultala",
      "geometry": {
        "type": "Point",
        "coordinates": [
          88.307132,
          22.488612
        ]
      },
      "properties": {
        "id": "stop_bakultala",
        "name": "Bakultala",
        "category": "bus_stop",
        "routeCount": 8,
        "routes": [
          "12C/1",
          "18A",
          "18B/1",
          "18C",
          "18D",
          "59",
          "61",
          "69"
        ]
      }
    },
    {
      "type": "Feature",
      "id": "stop_aquatica",
      "geometry": {
        "type": "Point",
        "coordinates": [
          88.4585,
          22.5635
        ]
      },
      "properties": {
        "id": "stop_aquatica",
        "name": "Aquatica",
        "category": "bus_stop",
        "routeCount": 1,
        "routes": [
          "12C/2"
        ]
      }
    },
    {
      "type": "Feature",
      "id": "stop_thakdari",
      "geometry": {
        "type": "Point",
        "coordinates": [
          88.437,
          22.5816
        ]
      },
      "properties": {
        "id": "stop_thakdari",
        "name": "Thakdari",
        "category": "bus_stop",
        "routeCount": 1,
        "routes": [
          "12C/2"
        ]
      }
    },
    {
      "type": "Feature",
      "id": "stop_kestopur_bazar",
      "geometry": {
        "type": "Point",
        "coordinates": [
          88.4185,
          22.6015
        ]
      },
      "properties": {
        "id": "stop_kestopur_bazar",
        "name": "Kestopur Bazar",
        "category": "bus_stop",
        "routeCount": 1,
        "routes": [
          "12C/2"
        ]
      }
    },
    {
      "type": "Feature",
      "id": "stop_dumdum_park",
      "geometry": {
        "type": "Point",
        "coordinates": [
          88.4115,
          22.6045
        ]
      },
      "properties": {
        "id": "stop_dumdum_park",
        "name": "Dumdum Park",
        "category": "bus_stop",
        "routeCount": 14,
        "routes": [
          "12C/2",
          "30C",
          "30C/1",
          "44",
          "44/1",
          "45",
          "45A",
          "46",
          "46A",
          "46B",
          "DN-16/1",
          "DN-17",
          "KB-21",
          "AC-2"
        ]
      }
    },
    {
      "type": "Feature",
      "id": "stop_laketown",
      "geometry": {
        "type": "Point",
        "coordinates": [
          88.4045,
          22.5985
        ]
      },
      "properties": {
        "id": "stop_laketown",
        "name": "Laketown",
        "category": "bus_stop",
        "routeCount": 16,
        "routes": [
          "12C/2",
          "30C",
          "30C/1",
          "44",
          "44/1",
          "45",
          "45A",
          "46",
          "46A",
          "46B",
          "47B",
          "DN-8",
          "DN-16/1",
          "DN-17",
          "KB-21",
          "AC-2"
        ]
      }
    },
    {
      "type": "Feature",
      "id": "stop_sreebhumi",
      "geometry": {
        "type": "Point",
        "coordinates": [
          88.3985,
          22.5945
        ]
      },
      "properties": {
        "id": "stop_sreebhumi",
        "name": "Sreebhumi",
        "category": "bus_stop",
        "routeCount": 14,
        "routes": [
          "12C/2",
          "30C/1",
          "44",
          "44/1",
          "45",
          "45A",
          "46",
          "46A",
          "46B",
          "DN-8",
          "DN-16/1",
          "DN-17",
          "KB-21",
          "AC-2"
        ]
      }
    },
    {
      "type": "Feature",
      "id": "stop_ultadanga",
      "geometry": {
        "type": "Point",
        "coordinates": [
          88.3912,
          22.5925
        ]
      },
      "properties": {
        "id": "stop_ultadanga",
        "name": "Ultadanga",
        "category": "bus_stop",
        "routeCount": 21,
        "routes": [
          "12C/2",
          "30C/1",
          "32A",
          "44",
          "44/1",
          "44A",
          "45",
          "45A",
          "46",
          "46A",
          "46B",
          "DN-8",
          "DN-16/1",
          "DN-17",
          "K-1",
          "KB-16",
          "KB-17",
          "KB-21",
          "KB-22",
          "KB-24",
          "AC-2"
        ]
      }
    },
    {
      "type": "Feature",
      "id": "stop_bank_of_india",
      "geometry": {
        "type": "Point",
        "coordinates": [
          88.3645,
          22.56725
        ]
      },
      "properties": {
        "id": "stop_bank_of_india",
        "name": "Bank Of India",
        "category": "bus_stop",
        "routeCount": 2,
        "routes": [
          "12C/2",
          "46"
        ]
      }
    },
    {
      "type": "Feature",
      "id": "stop_bowbazar",
      "geometry": {
        "type": "Point",
        "coordinates": [
          88.3625,
          22.5725
        ]
      },
      "properties": {
        "id": "stop_bowbazar",
        "name": "Bowbazar",
        "category": "bus_stop",
        "routeCount": 7,
        "routes": [
          "12C/2",
          "13",
          "34B",
          "46",
          "47/1",
          "S-3A",
          "S-3B"
        ]
      }
    },
    {
      "type": "Feature",
      "id": "stop_lalbazar",
      "geometry": {
        "type": "Point",
        "coordinates": [
          88.3525,
          22.5712
        ]
      },
      "properties": {
        "id": "stop_lalbazar",
        "name": "Lalbazar",
        "category": "bus_stop",
        "routeCount": 1,
        "routes": [
          "12C/2"
        ]
      }
    },
    {
      "type": "Feature",
      "id": "stop_cancer_hospital",
      "geometry": {
        "type": "Point",
        "coordinates": [
          88.312534,
          22.467721
        ]
      },
      "properties": {
        "id": "stop_cancer_hospital",
        "name": "Cancer Hospital",
        "category": "bus_stop",
        "routeCount": 3,
        "routes": [
          "12C/1B",
          "40B",
          "AC-4B"
        ]
      }
    },
    {
      "type": "Feature",
      "id": "stop_kalitala_housing",
      "geometry": {
        "type": "Point",
        "coordinates": [
          88.320466,
          22.469279
        ]
      },
      "properties": {
        "id": "stop_kalitala_housing",
        "name": "Kalitala Housing",
        "category": "bus_stop",
        "routeCount": 3,
        "routes": [
          "12C/1B",
          "40B",
          "AC-4B"
        ]
      }
    },
    {
      "type": "Feature",
      "id": "stop_kabardanga",
      "geometry": {
        "type": "Point",
        "coordinates": [
          88.3245,
          22.4685
        ]
      },
      "properties": {
        "id": "stop_kabardanga",
        "name": "Kabardanga",
        "category": "bus_stop",
        "routeCount": 4,
        "routes": [
          "12C/1B",
          "40A",
          "40B",
          "AC-4B"
        ]
      }
    },
    {
      "type": "Feature",
      "id": "stop_keorapukur",
      "geometry": {
        "type": "Point",
        "coordinates": [
          88.3295,
          22.4725
        ]
      },
      "properties": {
        "id": "stop_keorapukur",
        "name": "Keorapukur",
        "category": "bus_stop",
        "routeCount": 4,
        "routes": [
          "12C/1B",
          "40A",
          "40B",
          "AC-4B"
        ]
      }
    },
    {
      "type": "Feature",
      "id": "stop_haridevpur",
      "geometry": {
        "type": "Point",
        "coordinates": [
          88.3345,
          22.4825
        ]
      },
      "properties": {
        "id": "stop_haridevpur",
        "name": "Haridevpur",
        "category": "bus_stop",
        "routeCount": 5,
        "routes": [
          "12C/1B",
          "40A",
          "40B",
          "S-4C",
          "AC-4B"
        ]
      }
    },
    {
      "type": "Feature",
      "id": "stop_tollygunge_metro",
      "geometry": {
        "type": "Point",
        "coordinates": [
          88.3445,
          22.4985
        ]
      },
      "properties": {
        "id": "stop_tollygunge_metro",
        "name": "Tollygunge Metro",
        "category": "bus_stop",
        "routeCount": 12,
        "routes": [
          "12C/1B",
          "40B",
          "41",
          "41B",
          "47/1",
          "SD-5",
          "S-2",
          "S-2N",
          "S-4C",
          "AC-4B",
          "S-7",
          "S-7N"
        ]
      }
    },
    {
      "type": "Feature",
      "id": "stop_parnasree",
      "geometry": {
        "type": "Point",
        "coordinates": [
          88.3045,
          22.5025
        ]
      },
      "properties": {
        "id": "stop_parnasree",
        "name": "Parnasree",
        "category": "bus_stop",
        "routeCount": 7,
        "routes": [
          "13",
          "KB-12",
          "S-4",
          "S-4D",
          "E-4",
          "AC-4",
          "AC-4A"
        ]
      }
    },
    {
      "type": "Feature",
      "id": "stop_podder_court",
      "geometry": {
        "type": "Point",
        "coordinates": [
          88.3515,
          22.5721
        ]
      },
      "properties": {
        "id": "stop_podder_court",
        "name": "Podder Court",
        "category": "bus_stop",
        "routeCount": 3,
        "routes": [
          "13",
          "S-3A",
          "S-3B"
        ]
      }
    },
    {
      "type": "Feature",
      "id": "stop_college_street",
      "geometry": {
        "type": "Point",
        "coordinates": [
          88.3645,
          22.5745
        ]
      },
      "properties": {
        "id": "stop_college_street",
        "name": "College Street",
        "category": "bus_stop",
        "routeCount": 12,
        "routes": [
          "13",
          "24",
          "24B",
          "28",
          "34B",
          "39A/2",
          "44",
          "44/1",
          "44A",
          "47/1",
          "S-3A",
          "S-3B"
        ]
      }
    },
    {
      "type": "Feature",
      "id": "stop_sm_nagar",
      "geometry": {
        "type": "Point",
        "coordinates": [
          88.3315,
          22.5245
        ]
      },
      "properties": {
        "id": "stop_sm_nagar",
        "name": "SM Nagar",
        "category": "bus_stop",
        "routeCount": 3,
        "routes": [
          "13A",
          "13C",
          "SD-30"
        ]
      }
    },
    {
      "type": "Feature",
      "id": "stop_sarkarpool",
      "geometry": {
        "type": "Point",
        "coordinates": [
          88.3115,
          22.5186
        ]
      },
      "properties": {
        "id": "stop_sarkarpool",
        "name": "Sarkarpool",
        "category": "bus_stop",
        "routeCount": 3,
        "routes": [
          "13A",
          "13C",
          "SD-30"
        ]
      }
    },
    {
      "type": "Feature",
      "id": "stop_alipore_court",
      "geometry": {
        "type": "Point",
        "coordinates": [
          88.333,
          22.5216
        ]
      },
      "properties": {
        "id": "stop_alipore_court",
        "name": "Alipore Court",
        "category": "bus_stop",
        "routeCount": 8,
        "routes": [
          "13A",
          "13C",
          "17",
          "18B/1",
          "18C",
          "42A",
          "SD-8",
          "SD-16"
        ]
      }
    },
    {
      "type": "Feature",
      "id": "stop_old_dakghar",
      "geometry": {
        "type": "Point",
        "coordinates": [
          88.3315,
          22.5245
        ]
      },
      "properties": {
        "id": "stop_old_dakghar",
        "name": "Old Dakghar",
        "category": "bus_stop",
        "routeCount": 1,
        "routes": [
          "13C"
        ]
      }
    },
    {
      "type": "Feature",
      "id": "stop_mollar_gate",
      "geometry": {
        "type": "Point",
        "coordinates": [
          88.323218,
          22.521971
        ]
      },
      "properties": {
        "id": "stop_mollar_gate",
        "name": "Mollar Gate",
        "category": "bus_stop",
        "routeCount": 2,
        "routes": [
          "13C",
          "SD-30"
        ]
      }
    },
    {
      "type": "Feature",
      "id": "stop_rampur_quarter",
      "geometry": {
        "type": "Point",
        "coordinates": [
          88.318127,
          22.521356
        ]
      },
      "properties": {
        "id": "stop_rampur_quarter",
        "name": "Rampur Quarter",
        "category": "bus_stop",
        "routeCount": 2,
        "routes": [
          "13C",
          "SD-30"
        ]
      }
    },
    {
      "type": "Feature",
      "id": "stop_baghajatin",
      "geometry": {
        "type": "Point",
        "coordinates": [
          88.3685,
          22.5638
        ]
      },
      "properties": {
        "id": "stop_baghajatin",
        "name": "Baghajatin",
        "category": "bus_stop",
        "routeCount": 8,
        "routes": [
          "13C",
          "45",
          "45A",
          "45B",
          "KB-17",
          "S-5",
          "S-5N",
          "AC-5"
        ]
      }
    },
    {
      "type": "Feature",
      "id": "stop_greenfield_city",
      "geometry": {
        "type": "Point",
        "coordinates": [
          88.3315,
          22.5245
        ]
      },
      "properties": {
        "id": "stop_greenfield_city",
        "name": "Greenfield City",
        "category": "bus_stop",
        "routeCount": 1,
        "routes": [
          "18A"
        ]
      }
    },
    {
      "type": "Feature",
      "id": "stop_dakghar",
      "geometry": {
        "type": "Point",
        "coordinates": [
          88.3315,
          22.5245
        ]
      },
      "properties": {
        "id": "stop_dakghar",
        "name": "Dakghar",
        "category": "bus_stop",
        "routeCount": 2,
        "routes": [
          "18B/1",
          "SD-30"
        ]
      }
    },
    {
      "type": "Feature",
      "id": "stop_moynagarh",
      "geometry": {
        "type": "Point",
        "coordinates": [
          88.317868,
          22.508388
        ]
      },
      "properties": {
        "id": "stop_moynagarh",
        "name": "Moynagarh",
        "category": "bus_stop",
        "routeCount": 1,
        "routes": [
          "18B/1"
        ]
      }
    },
    {
      "type": "Feature",
      "id": "stop_sarada_park",
      "geometry": {
        "type": "Point",
        "coordinates": [
          88.308132,
          22.494612
        ]
      },
      "properties": {
        "id": "stop_sarada_park",
        "name": "Sarada Park",
        "category": "bus_stop",
        "routeCount": 1,
        "routes": [
          "18B/1"
        ]
      }
    },
    {
      "type": "Feature",
      "id": "stop_china_mandir",
      "geometry": {
        "type": "Point",
        "coordinates": [
          88.3685,
          22.5638
        ]
      },
      "properties": {
        "id": "stop_china_mandir",
        "name": "China Mandir",
        "category": "bus_stop",
        "routeCount": 1,
        "routes": [
          "18B/1"
        ]
      }
    },
    {
      "type": "Feature",
      "id": "stop_kestor",
      "geometry": {
        "type": "Point",
        "coordinates": [
          88.3315,
          22.5245
        ]
      },
      "properties": {
        "id": "stop_kestor",
        "name": "Kestor",
        "category": "bus_stop",
        "routeCount": 1,
        "routes": [
          "18C"
        ]
      }
    },
    {
      "type": "Feature",
      "id": "stop_sarsuna",
      "geometry": {
        "type": "Point",
        "coordinates": [
          88.2865,
          22.4765
        ]
      },
      "properties": {
        "id": "stop_sarsuna",
        "name": "Sarsuna",
        "category": "bus_stop",
        "routeCount": 2,
        "routes": [
          "18C",
          "18D"
        ]
      }
    },
    {
      "type": "Feature",
      "id": "stop_suryasen_nagar",
      "geometry": {
        "type": "Point",
        "coordinates": [
          88.3315,
          22.5245
        ]
      },
      "properties": {
        "id": "stop_suryasen_nagar",
        "name": "Suryasen Nagar",
        "category": "bus_stop",
        "routeCount": 1,
        "routes": [
          "18D"
        ]
      }
    },
    {
      "type": "Feature",
      "id": "stop_barisha",
      "geometry": {
        "type": "Point",
        "coordinates": [
          88.3315,
          22.5245
        ]
      },
      "properties": {
        "id": "stop_barisha",
        "name": "Barisha",
        "category": "bus_stop",
        "routeCount": 2,
        "routes": [
          "21",
          "21/1"
        ]
      }
    },
    {
      "type": "Feature",
      "id": "stop_ml_gupta_road",
      "geometry": {
        "type": "Point",
        "coordinates": [
          88.314018,
          22.487971
        ]
      },
      "properties": {
        "id": "stop_ml_gupta_road",
        "name": "Ml Gupta Road",
        "category": "bus_stop",
        "routeCount": 1,
        "routes": [
          "21"
        ]
      }
    },
    {
      "type": "Feature",
      "id": "stop_muchipara",
      "geometry": {
        "type": "Point",
        "coordinates": [
          88.320727,
          22.493356
        ]
      },
      "properties": {
        "id": "stop_muchipara",
        "name": "Muchipara",
        "category": "bus_stop",
        "routeCount": 1,
        "routes": [
          "21"
        ]
      }
    },
    {
      "type": "Feature",
      "id": "stop_siriti",
      "geometry": {
        "type": "Point",
        "coordinates": [
          88.322273,
          22.495644
        ]
      },
      "properties": {
        "id": "stop_siriti",
        "name": "Siriti",
        "category": "bus_stop",
        "routeCount": 2,
        "routes": [
          "21",
          "40A"
        ]
      }
    },
    {
      "type": "Feature",
      "id": "stop_nshm_campus",
      "geometry": {
        "type": "Point",
        "coordinates": [
          88.328982,
          22.501029
        ]
      },
      "properties": {
        "id": "stop_nshm_campus",
        "name": "NSHM Campus",
        "category": "bus_stop",
        "routeCount": 2,
        "routes": [
          "21",
          "40A"
        ]
      }
    },
    {
      "type": "Feature",
      "id": "stop_barasat_chapadali",
      "geometry": {
        "type": "Point",
        "coordinates": [
          88.4815,
          22.7215
        ]
      },
      "properties": {
        "id": "stop_barasat_chapadali",
        "name": "Barasat Chapadali",
        "category": "bus_stop",
        "routeCount": 10,
        "routes": [
          "23",
          "DN-5",
          "DN-9/1",
          "DN-16/1",
          "DN-17",
          "DN-18",
          "DN-28",
          "DN-35",
          "DN-44",
          "AC-2"
        ]
      }
    },
    {
      "type": "Feature",
      "id": "stop_kazipara_depot",
      "geometry": {
        "type": "Point",
        "coordinates": [
          88.470804,
          22.70691
        ]
      },
      "properties": {
        "id": "stop_kazipara_depot",
        "name": "Kazipara Depot",
        "category": "bus_stop",
        "routeCount": 1,
        "routes": [
          "23"
        ]
      }
    },
    {
      "type": "Feature",
      "id": "stop_kadambagachi",
      "geometry": {
        "type": "Point",
        "coordinates": [
          88.461766,
          22.693314
        ]
      },
      "properties": {
        "id": "stop_kadambagachi",
        "name": "Kadambagachi",
        "category": "bus_stop",
        "routeCount": 3,
        "routes": [
          "23",
          "DN-18",
          "DN-28"
        ]
      }
    },
    {
      "type": "Feature",
      "id": "stop_goakhali",
      "geometry": {
        "type": "Point",
        "coordinates": [
          88.449548,
          22.677811
        ]
      },
      "properties": {
        "id": "stop_goakhali",
        "name": "Goakhali",
        "category": "bus_stop",
        "routeCount": 2,
        "routes": [
          "23",
          "DN-28"
        ]
      }
    },
    {
      "type": "Feature",
      "id": "stop_golabari",
      "geometry": {
        "type": "Point",
        "coordinates": [
          88.441773,
          22.664974
        ]
      },
      "properties": {
        "id": "stop_golabari",
        "name": "Golabari",
        "category": "bus_stop",
        "routeCount": 3,
        "routes": [
          "23",
          "DN-18",
          "DN-28"
        ]
      }
    },
    {
      "type": "Feature",
      "id": "stop_pakdaha",
      "geometry": {
        "type": "Point",
        "coordinates": [
          88.428651,
          22.648927
        ]
      },
      "properties": {
        "id": "stop_pakdaha",
        "name": "Pakdaha",
        "category": "bus_stop",
        "routeCount": 1,
        "routes": [
          "23"
        ]
      }
    },
    {
      "type": "Feature",
      "id": "stop_aminpur",
      "geometry": {
        "type": "Point",
        "coordinates": [
          88.421349,
          22.636373
        ]
      },
      "properties": {
        "id": "stop_aminpur",
        "name": "Aminpur",
        "category": "bus_stop",
        "routeCount": 1,
        "routes": [
          "23"
        ]
      }
    },
    {
      "type": "Feature",
      "id": "stop_paltadanga",
      "geometry": {
        "type": "Point",
        "coordinates": [
          88.408227,
          22.620326
        ]
      },
      "properties": {
        "id": "stop_paltadanga",
        "name": "Paltadanga",
        "category": "bus_stop",
        "routeCount": 1,
        "routes": [
          "23"
        ]
      }
    },
    {
      "type": "Feature",
      "id": "stop_shasan_bazar",
      "geometry": {
        "type": "Point",
        "coordinates": [
          88.400452,
          22.607489
        ]
      },
      "properties": {
        "id": "stop_shasan_bazar",
        "name": "Shasan Bazar",
        "category": "bus_stop",
        "routeCount": 1,
        "routes": [
          "23"
        ]
      }
    },
    {
      "type": "Feature",
      "id": "stop_mithpukuria",
      "geometry": {
        "type": "Point",
        "coordinates": [
          88.388234,
          22.591986
        ]
      },
      "properties": {
        "id": "stop_mithpukuria",
        "name": "Mithpukuria",
        "category": "bus_stop",
        "routeCount": 1,
        "routes": [
          "23"
        ]
      }
    },
    {
      "type": "Feature",
      "id": "stop_majlishpur",
      "geometry": {
        "type": "Point",
        "coordinates": [
          88.379196,
          22.57839
        ]
      },
      "properties": {
        "id": "stop_majlishpur",
        "name": "Majlishpur",
        "category": "bus_stop",
        "routeCount": 1,
        "routes": [
          "23"
        ]
      }
    },
    {
      "type": "Feature",
      "id": "stop_boalghata",
      "geometry": {
        "type": "Point",
        "coordinates": [
          88.3685,
          22.5638
        ]
      },
      "properties": {
        "id": "stop_boalghata",
        "name": "Boalghata",
        "category": "bus_stop",
        "routeCount": 1,
        "routes": [
          "23"
        ]
      }
    },
    {
      "type": "Feature",
      "id": "stop_topsia",
      "geometry": {
        "type": "Point",
        "coordinates": [
          88.3845,
          22.5435
        ]
      },
      "properties": {
        "id": "stop_topsia",
        "name": "Topsia",
        "category": "bus_stop",
        "routeCount": 6,
        "routes": [
          "24",
          "24A",
          "24A/1",
          "SD-24",
          "K-4",
          "KB-21"
        ]
      }
    },
    {
      "type": "Feature",
      "id": "stop_christopher_road",
      "geometry": {
        "type": "Point",
        "coordinates": [
          88.38125,
          22.546433
        ]
      },
      "properties": {
        "id": "stop_christopher_road",
        "name": "Christopher Road",
        "category": "bus_stop",
        "routeCount": 2,
        "routes": [
          "24",
          "24A"
        ]
      }
    },
    {
      "type": "Feature",
      "id": "stop_panchkari",
      "geometry": {
        "type": "Point",
        "coordinates": [
          88.380799,
          22.551046
        ]
      },
      "properties": {
        "id": "stop_panchkari",
        "name": "Panchkari",
        "category": "bus_stop",
        "routeCount": 2,
        "routes": [
          "24",
          "24A"
        ]
      }
    },
    {
      "type": "Feature",
      "id": "stop_tangra",
      "geometry": {
        "type": "Point",
        "coordinates": [
          88.3755,
          22.55275
        ]
      },
      "properties": {
        "id": "stop_tangra",
        "name": "Tangra",
        "category": "bus_stop",
        "routeCount": 3,
        "routes": [
          "24",
          "24A",
          "SD-24"
        ]
      }
    },
    {
      "type": "Feature",
      "id": "stop_rn_chowdhury_road",
      "geometry": {
        "type": "Point",
        "coordinates": [
          88.375799,
          22.557812
        ]
      },
      "properties": {
        "id": "stop_rn_chowdhury_road",
        "name": "RN Chowdhury Road",
        "category": "bus_stop",
        "routeCount": 2,
        "routes": [
          "24",
          "24A"
        ]
      }
    },
    {
      "type": "Feature",
      "id": "stop_palmer_bazar",
      "geometry": {
        "type": "Point",
        "coordinates": [
          88.37125,
          22.559967
        ]
      },
      "properties": {
        "id": "stop_palmer_bazar",
        "name": "Palmer Bazar",
        "category": "bus_stop",
        "routeCount": 3,
        "routes": [
          "24",
          "24A",
          "SD-24"
        ]
      }
    },
    {
      "type": "Feature",
      "id": "stop_howrah_maidan",
      "geometry": {
        "type": "Point",
        "coordinates": [
          88.3248,
          22.5835
        ]
      },
      "properties": {
        "id": "stop_howrah_maidan",
        "name": "Howrah Maidan",
        "category": "bus_stop",
        "routeCount": 14,
        "routes": [
          "24",
          "24A",
          "52",
          "55",
          "55A",
          "57",
          "59",
          "61",
          "63",
          "69",
          "C",
          "E-43",
          "E-44",
          "E-53"
        ]
      }
    },
    {
      "type": "Feature",
      "id": "stop_pilkhana",
      "geometry": {
        "type": "Point",
        "coordinates": [
          88.3365,
          22.5895
        ]
      },
      "properties": {
        "id": "stop_pilkhana",
        "name": "Pilkhana",
        "category": "bus_stop",
        "routeCount": 3,
        "routes": [
          "24",
          "24A",
          "57A"
        ]
      }
    },
    {
      "type": "Feature",
      "id": "stop_salkia_chowrasta",
      "geometry": {
        "type": "Point",
        "coordinates": [
          88.3415,
          22.5985
        ]
      },
      "properties": {
        "id": "stop_salkia_chowrasta",
        "name": "Salkia Chowrasta",
        "category": "bus_stop",
        "routeCount": 3,
        "routes": [
          "24",
          "24A",
          "57A"
        ]
      }
    },
    {
      "type": "Feature",
      "id": "stop_bandha_ghat",
      "geometry": {
        "type": "Point",
        "coordinates": [
          88.3475,
          22.6045
        ]
      },
      "properties": {
        "id": "stop_bandha_ghat",
        "name": "Bandha Ghat",
        "category": "bus_stop",
        "routeCount": 6,
        "routes": [
          "24",
          "24A",
          "51",
          "54",
          "56",
          "57A"
        ]
      }
    },
    {
      "type": "Feature",
      "id": "stop_vip_bazar",
      "geometry": {
        "type": "Point",
        "coordinates": [
          88.3985,
          22.5295
        ]
      },
      "properties": {
        "id": "stop_vip_bazar",
        "name": "VIP Bazar",
        "category": "bus_stop",
        "routeCount": 8,
        "routes": [
          "24A/1",
          "39A/2",
          "K-4",
          "S-3W",
          "S-4",
          "S-4D",
          "AC-4A",
          "AC-4B"
        ]
      }
    },
    {
      "type": "Feature",
      "id": "stop_science_city",
      "geometry": {
        "type": "Point",
        "coordinates": [
          88.3965,
          22.5415
        ]
      },
      "properties": {
        "id": "stop_science_city",
        "name": "Science City",
        "category": "bus_stop",
        "routeCount": 10,
        "routes": [
          "24A/1",
          "SD-24",
          "DN-16/1",
          "K-4",
          "KB-21",
          "S-3W",
          "S-4",
          "S-4D",
          "AC-4A",
          "AC-4B"
        ]
      }
    },
    {
      "type": "Feature",
      "id": "stop_4_no_bridge",
      "geometry": {
        "type": "Point",
        "coordinates": [
          88.378939,
          22.547364
        ]
      },
      "properties": {
        "id": "stop_4_no_bridge",
        "name": "4 No Bridge",
        "category": "bus_stop",
        "routeCount": 4,
        "routes": [
          "24A/1",
          "39",
          "K-4",
          "KB-21"
        ]
      }
    },
    {
      "type": "Feature",
      "id": "stop_chittaranjan_hospital",
      "geometry": {
        "type": "Point",
        "coordinates": [
          88.377,
          22.5534
        ]
      },
      "properties": {
        "id": "stop_chittaranjan_hospital",
        "name": "Chittaranjan Hospital",
        "category": "bus_stop",
        "routeCount": 6,
        "routes": [
          "24A/1",
          "39",
          "45",
          "45A",
          "K-4",
          "KB-17"
        ]
      }
    },
    {
      "type": "Feature",
      "id": "stop_cit_road",
      "geometry": {
        "type": "Point",
        "coordinates": [
          88.369939,
          22.556364
        ]
      },
      "properties": {
        "id": "stop_cit_road",
        "name": "CIT Road",
        "category": "bus_stop",
        "routeCount": 6,
        "routes": [
          "24A/1",
          "39",
          "45",
          "45A",
          "K-4",
          "KB-17"
        ]
      }
    },
    {
      "type": "Feature",
      "id": "stop_howrah_fire_station",
      "geometry": {
        "type": "Point",
        "coordinates": [
          88.3315,
          22.5815
        ]
      },
      "properties": {
        "id": "stop_howrah_fire_station",
        "name": "Howrah Fire Station",
        "category": "bus_stop",
        "routeCount": 1,
        "routes": [
          "24A/1"
        ]
      }
    },
    {
      "type": "Feature",
      "id": "stop_sinthi",
      "geometry": {
        "type": "Point",
        "coordinates": [
          88.3725,
          22.6275
        ]
      },
      "properties": {
        "id": "stop_sinthi",
        "name": "Sinthi",
        "category": "bus_stop",
        "routeCount": 6,
        "routes": [
          "30A",
          "32A",
          "34B",
          "34C",
          "DN-9/1",
          "K-4"
        ]
      }
    },
    {
      "type": "Feature",
      "id": "stop_chiria",
      "geometry": {
        "type": "Point",
        "coordinates": [
          88.3715,
          22.6185
        ]
      },
      "properties": {
        "id": "stop_chiria",
        "name": "Chiria",
        "category": "bus_stop",
        "routeCount": 7,
        "routes": [
          "30A",
          "30B",
          "32A",
          "34B",
          "34C",
          "DN-9/1",
          "K-4"
        ]
      }
    },
    {
      "type": "Feature",
      "id": "stop_gouripur",
      "geometry": {
        "type": "Point",
        "coordinates": [
          88.3315,
          22.5245
        ]
      },
      "properties": {
        "id": "stop_gouripur",
        "name": "Gouripur",
        "category": "bus_stop",
        "routeCount": 6,
        "routes": [
          "30B",
          "DN-16/1",
          "DN-17",
          "DN-44",
          "DN-47",
          "KB-21"
        ]
      }
    },
    {
      "type": "Feature",
      "id": "stop_birati",
      "geometry": {
        "type": "Point",
        "coordinates": [
          88.4385,
          22.6685
        ]
      },
      "properties": {
        "id": "stop_birati",
        "name": "Birati",
        "category": "bus_stop",
        "routeCount": 10,
        "routes": [
          "30B",
          "DN-8",
          "DN-9/1",
          "DN-16/1",
          "DN-17",
          "DN-18",
          "DN-44",
          "DN-47",
          "KB-21",
          "AC-2"
        ]
      }
    },
    {
      "type": "Feature",
      "id": "stop_airport_gate_3",
      "geometry": {
        "type": "Point",
        "coordinates": [
          88.4435,
          22.6545
        ]
      },
      "properties": {
        "id": "stop_airport_gate_3",
        "name": "Airport Gate 3",
        "category": "bus_stop",
        "routeCount": 12,
        "routes": [
          "30B",
          "DN-2/1",
          "DN-8",
          "DN-9/1",
          "DN-16/1",
          "DN-17",
          "DN-18",
          "DN-44",
          "DN-46",
          "DN-47",
          "KB-21",
          "AC-2"
        ]
      }
    },
    {
      "type": "Feature",
      "id": "stop_airport_gate_1",
      "geometry": {
        "type": "Point",
        "coordinates": [
          88.4415,
          22.6485
        ]
      },
      "properties": {
        "id": "stop_airport_gate_1",
        "name": "Airport Gate 1",
        "category": "bus_stop",
        "routeCount": 14,
        "routes": [
          "30B",
          "45",
          "45A",
          "46",
          "DN-2/1",
          "DN-8",
          "DN-9/1",
          "DN-16/1",
          "DN-17",
          "DN-18",
          "DN-46",
          "DN-47",
          "KB-21",
          "AC-2"
        ]
      }
    },
    {
      "type": "Feature",
      "id": "stop_central_jail",
      "geometry": {
        "type": "Point",
        "coordinates": [
          88.4185,
          22.6325
        ]
      },
      "properties": {
        "id": "stop_central_jail",
        "name": "Central Jail",
        "category": "bus_stop",
        "routeCount": 5,
        "routes": [
          "30B",
          "30D",
          "DN-8",
          "DN-9/1",
          "DN-18"
        ]
      }
    },
    {
      "type": "Feature",
      "id": "stop_dumdum_station",
      "geometry": {
        "type": "Point",
        "coordinates": [
          88.3972,
          22.6225
        ]
      },
      "properties": {
        "id": "stop_dumdum_station",
        "name": "Dumdum Station",
        "category": "bus_stop",
        "routeCount": 2,
        "routes": [
          "30B",
          "DN-9/1"
        ]
      }
    },
    {
      "type": "Feature",
      "id": "stop_hatiara",
      "geometry": {
        "type": "Point",
        "coordinates": [
          88.3315,
          22.5245
        ]
      },
      "properties": {
        "id": "stop_hatiara",
        "name": "Hatiara",
        "category": "bus_stop",
        "routeCount": 2,
        "routes": [
          "30C",
          "30C/1"
        ]
      }
    },
    {
      "type": "Feature",
      "id": "stop_helabattala",
      "geometry": {
        "type": "Point",
        "coordinates": [
          88.3825,
          22.5696
        ]
      },
      "properties": {
        "id": "stop_helabattala",
        "name": "Helabattala",
        "category": "bus_stop",
        "routeCount": 2,
        "routes": [
          "30C",
          "30C/1"
        ]
      }
    },
    {
      "type": "Feature",
      "id": "stop_jyangra",
      "geometry": {
        "type": "Point",
        "coordinates": [
          88.4365,
          22.6165
        ]
      },
      "properties": {
        "id": "stop_jyangra",
        "name": "Jyangra",
        "category": "bus_stop",
        "routeCount": 2,
        "routes": [
          "30C",
          "30C/1"
        ]
      }
    },
    {
      "type": "Feature",
      "id": "stop_ashwini_nagar",
      "geometry": {
        "type": "Point",
        "coordinates": [
          88.431,
          22.6141
        ]
      },
      "properties": {
        "id": "stop_ashwini_nagar",
        "name": "Ashwini Nagar",
        "category": "bus_stop",
        "routeCount": 2,
        "routes": [
          "30C",
          "30C/1"
        ]
      }
    },
    {
      "type": "Feature",
      "id": "stop_baguiati",
      "geometry": {
        "type": "Point",
        "coordinates": [
          88.4285,
          22.6135
        ]
      },
      "properties": {
        "id": "stop_baguiati",
        "name": "Baguiati",
        "category": "bus_stop",
        "routeCount": 13,
        "routes": [
          "30C",
          "30C/1",
          "44",
          "44/1",
          "45",
          "45A",
          "46",
          "46A",
          "46B",
          "DN-16/1",
          "DN-17",
          "KB-21",
          "AC-2"
        ]
      }
    },
    {
      "type": "Feature",
      "id": "stop_kestopur",
      "geometry": {
        "type": "Point",
        "coordinates": [
          88.4185,
          22.6015
        ]
      },
      "properties": {
        "id": "stop_kestopur",
        "name": "Kestopur",
        "category": "bus_stop",
        "routeCount": 13,
        "routes": [
          "30C",
          "30C/1",
          "44",
          "44/1",
          "45",
          "45A",
          "46",
          "46A",
          "46B",
          "DN-16/1",
          "DN-17",
          "KB-21",
          "AC-2"
        ]
      }
    },
    {
      "type": "Feature",
      "id": "stop_dumdum_canton",
      "geometry": {
        "type": "Point",
        "coordinates": [
          88.4045,
          22.6335
        ]
      },
      "properties": {
        "id": "stop_dumdum_canton",
        "name": "Dumdum Canton",
        "category": "bus_stop",
        "routeCount": 1,
        "routes": [
          "30D"
        ]
      }
    },
    {
      "type": "Feature",
      "id": "stop_dakshineswar",
      "geometry": {
        "type": "Point",
        "coordinates": [
          88.3562,
          22.6548
        ]
      },
      "properties": {
        "id": "stop_dakshineswar",
        "name": "Dakshineswar",
        "category": "bus_stop",
        "routeCount": 9,
        "routes": [
          "32A",
          "43",
          "56",
          "DN-2/1",
          "DN-9/1",
          "DN-43",
          "DN-44",
          "DN-46",
          "K-4"
        ]
      }
    },
    {
      "type": "Feature",
      "id": "stop_dunlop",
      "geometry": {
        "type": "Point",
        "coordinates": [
          88.3715,
          22.6515
        ]
      },
      "properties": {
        "id": "stop_dunlop",
        "name": "Dunlop",
        "category": "bus_stop",
        "routeCount": 6,
        "routes": [
          "32A",
          "34B",
          "56",
          "DN-9/1",
          "DN-43",
          "K-4"
        ]
      }
    },
    {
      "type": "Feature",
      "id": "stop_bonhooghly",
      "geometry": {
        "type": "Point",
        "coordinates": [
          88.3715,
          22.6455
        ]
      },
      "properties": {
        "id": "stop_bonhooghly",
        "name": "Bonhooghly",
        "category": "bus_stop",
        "routeCount": 5,
        "routes": [
          "32A",
          "34B",
          "43",
          "DN-9/1",
          "K-4"
        ]
      }
    },
    {
      "type": "Feature",
      "id": "stop_tobin_road",
      "geometry": {
        "type": "Point",
        "coordinates": [
          88.3715,
          22.6365
        ]
      },
      "properties": {
        "id": "stop_tobin_road",
        "name": "Tobin Road",
        "category": "bus_stop",
        "routeCount": 4,
        "routes": [
          "32A",
          "34C",
          "DN-9/1",
          "K-4"
        ]
      }
    },
    {
      "type": "Feature",
      "id": "stop_saltlake_pnb",
      "geometry": {
        "type": "Point",
        "coordinates": [
          88.3995,
          22.5885
        ]
      },
      "properties": {
        "id": "stop_saltlake_pnb",
        "name": "Saltlake PNB",
        "category": "bus_stop",
        "routeCount": 10,
        "routes": [
          "32A",
          "44A",
          "DN-8",
          "DN-16/1",
          "K-1",
          "KB-16",
          "KB-17",
          "KB-22",
          "KB-24",
          "S-4"
        ]
      }
    },
    {
      "type": "Feature",
      "id": "stop_saltlake_ca_block",
      "geometry": {
        "type": "Point",
        "coordinates": [
          88.4045,
          22.5875
        ]
      },
      "properties": {
        "id": "stop_saltlake_ca_block",
        "name": "Saltlake CA Block",
        "category": "bus_stop",
        "routeCount": 7,
        "routes": [
          "32A",
          "44A",
          "DN-16/1",
          "K-1",
          "KB-16",
          "KB-22",
          "KB-24"
        ]
      }
    },
    {
      "type": "Feature",
      "id": "stop_labony_estate",
      "geometry": {
        "type": "Point",
        "coordinates": [
          88.403868,
          22.580388
        ]
      },
      "properties": {
        "id": "stop_labony_estate",
        "name": "Labony Estate",
        "category": "bus_stop",
        "routeCount": 2,
        "routes": [
          "32A",
          "DN-16/1"
        ]
      }
    },
    {
      "type": "Feature",
      "id": "stop_saltlake_13no_tank",
      "geometry": {
        "type": "Point",
        "coordinates": [
          88.407132,
          22.575612
        ]
      },
      "properties": {
        "id": "stop_saltlake_13no_tank",
        "name": "Saltlake 13no Tank",
        "category": "bus_stop",
        "routeCount": 1,
        "routes": [
          "32A"
        ]
      }
    },
    {
      "type": "Feature",
      "id": "stop_saltlake_stadium",
      "geometry": {
        "type": "Point",
        "coordinates": [
          88.4065,
          22.5685
        ]
      },
      "properties": {
        "id": "stop_saltlake_stadium",
        "name": "Saltlake Stadium",
        "category": "bus_stop",
        "routeCount": 1,
        "routes": [
          "32A"
        ]
      }
    },
    {
      "type": "Feature",
      "id": "stop_saltlake_14no_tank",
      "geometry": {
        "type": "Point",
        "coordinates": [
          88.414534,
          22.571721
        ]
      },
      "properties": {
        "id": "stop_saltlake_14no_tank",
        "name": "Saltlake 14no Tank",
        "category": "bus_stop",
        "routeCount": 1,
        "routes": [
          "32A"
        ]
      }
    },
    {
      "type": "Feature",
      "id": "stop_sushrut_hospital",
      "geometry": {
        "type": "Point",
        "coordinates": [
          88.426466,
          22.577279
        ]
      },
      "properties": {
        "id": "stop_sushrut_hospital",
        "name": "Sushrut Hospital",
        "category": "bus_stop",
        "routeCount": 2,
        "routes": [
          "32A",
          "DN-16/1"
        ]
      }
    },
    {
      "type": "Feature",
      "id": "stop_wipro",
      "geometry": {
        "type": "Point",
        "coordinates": [
          88.4345,
          22.5805
        ]
      },
      "properties": {
        "id": "stop_wipro",
        "name": "Wipro",
        "category": "bus_stop",
        "routeCount": 15,
        "routes": [
          "32A",
          "44A",
          "DN-8",
          "DN-16/1",
          "DN-47",
          "K-1",
          "KB-12",
          "KB-16",
          "KB-17",
          "KB-22",
          "KB-24",
          "S-3W",
          "S-4D",
          "AC-4A",
          "AC-4B"
        ]
      }
    },
    {
      "type": "Feature",
      "id": "stop_sdf",
      "geometry": {
        "type": "Point",
        "coordinates": [
          88.4325,
          22.5785
        ]
      },
      "properties": {
        "id": "stop_sdf",
        "name": "SDF",
        "category": "bus_stop",
        "routeCount": 8,
        "routes": [
          "32A",
          "44A",
          "DN-8",
          "KB-12",
          "S-3W",
          "S-4D",
          "AC-4A",
          "AC-4B"
        ]
      }
    },
    {
      "type": "Feature",
      "id": "stop_college_more",
      "geometry": {
        "type": "Point",
        "coordinates": [
          88.4335,
          22.5765
        ]
      },
      "properties": {
        "id": "stop_college_more",
        "name": "College More",
        "category": "bus_stop",
        "routeCount": 15,
        "routes": [
          "32A",
          "44A",
          "DN-8",
          "DN-46",
          "DN-47",
          "K-1",
          "KB-12",
          "KB-16",
          "KB-17",
          "KB-22",
          "KB-24",
          "S-3W",
          "S-4D",
          "AC-4A",
          "AC-4B"
        ]
      }
    },
    {
      "type": "Feature",
      "id": "stop_sector_v",
      "geometry": {
        "type": "Point",
        "coordinates": [
          88.4315,
          22.5735
        ]
      },
      "properties": {
        "id": "stop_sector_v",
        "name": "Sector V",
        "category": "bus_stop",
        "routeCount": 4,
        "routes": [
          "32A",
          "44A",
          "DN-8",
          "DN-46"
        ]
      }
    },
    {
      "type": "Feature",
      "id": "stop_hind_cinema",
      "geometry": {
        "type": "Point",
        "coordinates": [
          88.359,
          22.5671
        ]
      },
      "properties": {
        "id": "stop_hind_cinema",
        "name": "Hind Cinema",
        "category": "bus_stop",
        "routeCount": 1,
        "routes": [
          "34B"
        ]
      }
    },
    {
      "type": "Feature",
      "id": "stop_vivekananda_road",
      "geometry": {
        "type": "Point",
        "coordinates": [
          88.3625,
          22.5885
        ]
      },
      "properties": {
        "id": "stop_vivekananda_road",
        "name": "Vivekananda Road",
        "category": "bus_stop",
        "routeCount": 3,
        "routes": [
          "34B",
          "46",
          "AC-2"
        ]
      }
    },
    {
      "type": "Feature",
      "id": "stop_hedua",
      "geometry": {
        "type": "Point",
        "coordinates": [
          88.363634,
          22.592388
        ]
      },
      "properties": {
        "id": "stop_hedua",
        "name": "Hedua",
        "category": "bus_stop",
        "routeCount": 1,
        "routes": [
          "34B"
        ]
      }
    },
    {
      "type": "Feature",
      "id": "stop_hatibagan",
      "geometry": {
        "type": "Point",
        "coordinates": [
          88.368666,
          22.598612
        ]
      },
      "properties": {
        "id": "stop_hatibagan",
        "name": "Hatibagan",
        "category": "bus_stop",
        "routeCount": 1,
        "routes": [
          "34B"
        ]
      }
    },
    {
      "type": "Feature",
      "id": "stop_baranagar_bazar",
      "geometry": {
        "type": "Point",
        "coordinates": [
          88.3705,
          22.6356
        ]
      },
      "properties": {
        "id": "stop_baranagar_bazar",
        "name": "Baranagar Bazar",
        "category": "bus_stop",
        "routeCount": 2,
        "routes": [
          "34B",
          "43"
        ]
      }
    },
    {
      "type": "Feature",
      "id": "stop_noapara",
      "geometry": {
        "type": "Point",
        "coordinates": [
          88.3845,
          22.6395
        ]
      },
      "properties": {
        "id": "stop_noapara",
        "name": "Noapara",
        "category": "bus_stop",
        "routeCount": 1,
        "routes": [
          "34C"
        ]
      }
    },
    {
      "type": "Feature",
      "id": "stop_jadavpur_ps",
      "geometry": {
        "type": "Point",
        "coordinates": [
          88.3645,
          22.4995
        ]
      },
      "properties": {
        "id": "stop_jadavpur_ps",
        "name": "Jadavpur PS",
        "category": "bus_stop",
        "routeCount": 9,
        "routes": [
          "37",
          "47B",
          "KB-17",
          "S-4D",
          "AC-4A",
          "S-5",
          "S-5N",
          "S-5C/N",
          "AC-5"
        ]
      }
    },
    {
      "type": "Feature",
      "id": "stop_picnic_garden",
      "geometry": {
        "type": "Point",
        "coordinates": [
          88.3315,
          22.5245
        ]
      },
      "properties": {
        "id": "stop_picnic_garden",
        "name": "Picnic Garden",
        "category": "bus_stop",
        "routeCount": 2,
        "routes": [
          "39",
          "42A"
        ]
      }
    },
    {
      "type": "Feature",
      "id": "stop_colony_bazar",
      "geometry": {
        "type": "Point",
        "coordinates": [
          88.335849,
          22.529396
        ]
      },
      "properties": {
        "id": "stop_colony_bazar",
        "name": "Colony Bazar",
        "category": "bus_stop",
        "routeCount": 2,
        "routes": [
          "39",
          "39A/2"
        ]
      }
    },
    {
      "type": "Feature",
      "id": "stop_kustia",
      "geometry": {
        "type": "Point",
        "coordinates": [
          88.342673,
          22.535775
        ]
      },
      "properties": {
        "id": "stop_kustia",
        "name": "Kustia",
        "category": "bus_stop",
        "routeCount": 3,
        "routes": [
          "39",
          "39A/2",
          "42A"
        ]
      }
    },
    {
      "type": "Feature",
      "id": "stop_bondel_gate",
      "geometry": {
        "type": "Point",
        "coordinates": [
          88.345038,
          22.53948
        ]
      },
      "properties": {
        "id": "stop_bondel_gate",
        "name": "Bondel Gate",
        "category": "bus_stop",
        "routeCount": 3,
        "routes": [
          "39",
          "39A/2",
          "42A"
        ]
      }
    },
    {
      "type": "Feature",
      "id": "stop_high_court",
      "geometry": {
        "type": "Point",
        "coordinates": [
          88.3685,
          22.5638
        ]
      },
      "properties": {
        "id": "stop_high_court",
        "name": "High Court",
        "category": "bus_stop",
        "routeCount": 1,
        "routes": [
          "39"
        ]
      }
    },
    {
      "type": "Feature",
      "id": "stop_park_circus",
      "geometry": {
        "type": "Point",
        "coordinates": [
          88.3685,
          22.5435
        ]
      },
      "properties": {
        "id": "stop_park_circus",
        "name": "Park Circus",
        "category": "bus_stop",
        "routeCount": 5,
        "routes": [
          "39A/2",
          "45",
          "45A",
          "KB-17",
          "KB-21"
        ]
      }
    },
    {
      "type": "Feature",
      "id": "stop_julpia",
      "geometry": {
        "type": "Point",
        "coordinates": [
          88.3315,
          22.5245
        ]
      },
      "properties": {
        "id": "stop_julpia",
        "name": "Julpia",
        "category": "bus_stop",
        "routeCount": 2,
        "routes": [
          "40A",
          "SD-29"
        ]
      }
    },
    {
      "type": "Feature",
      "id": "stop_nepalgunge",
      "geometry": {
        "type": "Point",
        "coordinates": [
          88.329583,
          22.514717
        ]
      },
      "properties": {
        "id": "stop_nepalgunge",
        "name": "Nepalgunge",
        "category": "bus_stop",
        "routeCount": 1,
        "routes": [
          "40A"
        ]
      }
    },
    {
      "type": "Feature",
      "id": "stop_bakeshwar",
      "geometry": {
        "type": "Point",
        "coordinates": [
          88.330466,
          22.506612
        ]
      },
      "properties": {
        "id": "stop_bakeshwar",
        "name": "Bakeshwar",
        "category": "bus_stop",
        "routeCount": 1,
        "routes": [
          "40A"
        ]
      }
    },
    {
      "type": "Feature",
      "id": "stop_mallickpur",
      "geometry": {
        "type": "Point",
        "coordinates": [
          88.3265,
          22.4956
        ]
      },
      "properties": {
        "id": "stop_mallickpur",
        "name": "Mallickpur",
        "category": "bus_stop",
        "routeCount": 2,
        "routes": [
          "40A",
          "SD-30"
        ]
      }
    },
    {
      "type": "Feature",
      "id": "stop_sajnaberia",
      "geometry": {
        "type": "Point",
        "coordinates": [
          88.328132,
          22.487946
        ]
      },
      "properties": {
        "id": "stop_sajnaberia",
        "name": "Sajnaberia",
        "category": "bus_stop",
        "routeCount": 1,
        "routes": [
          "40A"
        ]
      }
    },
    {
      "type": "Feature",
      "id": "stop_mittirchak",
      "geometry": {
        "type": "Point",
        "coordinates": [
          88.324917,
          22.477383
        ]
      },
      "properties": {
        "id": "stop_mittirchak",
        "name": "Mittirchak",
        "category": "bus_stop",
        "routeCount": 1,
        "routes": [
          "40A"
        ]
      }
    },
    {
      "type": "Feature",
      "id": "stop_layalka",
      "geometry": {
        "type": "Point",
        "coordinates": [
          88.3315,
          22.5245
        ]
      },
      "properties": {
        "id": "stop_layalka",
        "name": "Layalka",
        "category": "bus_stop",
        "routeCount": 1,
        "routes": [
          "41"
        ]
      }
    },
    {
      "type": "Feature",
      "id": "stop_bijoygarh",
      "geometry": {
        "type": "Point",
        "coordinates": [
          88.338534,
          22.510721
        ]
      },
      "properties": {
        "id": "stop_bijoygarh",
        "name": "Bijoygarh",
        "category": "bus_stop",
        "routeCount": 1,
        "routes": [
          "41"
        ]
      }
    },
    {
      "type": "Feature",
      "id": "stop_gandhi_colony",
      "geometry": {
        "type": "Point",
        "coordinates": [
          88.349466,
          22.499279
        ]
      },
      "properties": {
        "id": "stop_gandhi_colony",
        "name": "Gandhi Colony",
        "category": "bus_stop",
        "routeCount": 1,
        "routes": [
          "41"
        ]
      }
    },
    {
      "type": "Feature",
      "id": "stop_netaji_nagar",
      "geometry": {
        "type": "Point",
        "coordinates": [
          88.3565,
          22.4855
        ]
      },
      "properties": {
        "id": "stop_netaji_nagar",
        "name": "Netaji Nagar",
        "category": "bus_stop",
        "routeCount": 5,
        "routes": [
          "41",
          "41B",
          "SD-5",
          "S-7",
          "S-7N"
        ]
      }
    },
    {
      "type": "Feature",
      "id": "stop_ranikuthi",
      "geometry": {
        "type": "Point",
        "coordinates": [
          88.3515,
          22.4895
        ]
      },
      "properties": {
        "id": "stop_ranikuthi",
        "name": "Ranikuthi",
        "category": "bus_stop",
        "routeCount": 5,
        "routes": [
          "41",
          "41B",
          "SD-5",
          "S-7",
          "S-7N"
        ]
      }
    },
    {
      "type": "Feature",
      "id": "stop_malancha_cinema",
      "geometry": {
        "type": "Point",
        "coordinates": [
          88.3485,
          22.4945
        ]
      },
      "properties": {
        "id": "stop_malancha_cinema",
        "name": "Malancha Cinema",
        "category": "bus_stop",
        "routeCount": 5,
        "routes": [
          "41",
          "41B",
          "SD-5",
          "S-7",
          "S-7N"
        ]
      }
    },
    {
      "type": "Feature",
      "id": "stop_ballygunge_phari",
      "geometry": {
        "type": "Point",
        "coordinates": [
          88.3655,
          22.5295
        ]
      },
      "properties": {
        "id": "stop_ballygunge_phari",
        "name": "Ballygunge Phari",
        "category": "bus_stop",
        "routeCount": 5,
        "routes": [
          "42A",
          "45",
          "45A",
          "SD-16",
          "KB-17"
        ]
      }
    },
    {
      "type": "Feature",
      "id": "stop_garcha_road",
      "geometry": {
        "type": "Point",
        "coordinates": [
          88.3575,
          22.5261
        ]
      },
      "properties": {
        "id": "stop_garcha_road",
        "name": "Garcha Road",
        "category": "bus_stop",
        "routeCount": 2,
        "routes": [
          "42A",
          "SD-16"
        ]
      }
    },
    {
      "type": "Feature",
      "id": "stop_sishu_mangal",
      "geometry": {
        "type": "Point",
        "coordinates": [
          88.3525,
          22.5245
        ]
      },
      "properties": {
        "id": "stop_sishu_mangal",
        "name": "Sishu Mangal",
        "category": "bus_stop",
        "routeCount": 4,
        "routes": [
          "42A",
          "45B",
          "SD-16",
          "KB-15"
        ]
      }
    },
    {
      "type": "Feature",
      "id": "stop_command_hospital",
      "geometry": {
        "type": "Point",
        "coordinates": [
          88.333132,
          22.528612
        ]
      },
      "properties": {
        "id": "stop_command_hospital",
        "name": "Command Hospital",
        "category": "bus_stop",
        "routeCount": 1,
        "routes": [
          "42A"
        ]
      }
    },
    {
      "type": "Feature",
      "id": "stop_alambazar",
      "geometry": {
        "type": "Point",
        "coordinates": [
          88.3625,
          22.6525
        ]
      },
      "properties": {
        "id": "stop_alambazar",
        "name": "Alambazar",
        "category": "bus_stop",
        "routeCount": 2,
        "routes": [
          "43",
          "K-4"
        ]
      }
    },
    {
      "type": "Feature",
      "id": "stop_deshbandhu_road",
      "geometry": {
        "type": "Point",
        "coordinates": [
          88.3655,
          22.6481
        ]
      },
      "properties": {
        "id": "stop_deshbandhu_road",
        "name": "Deshbandhu Road",
        "category": "bus_stop",
        "routeCount": 1,
        "routes": [
          "43"
        ]
      }
    },
    {
      "type": "Feature",
      "id": "stop_cossipore",
      "geometry": {
        "type": "Point",
        "coordinates": [
          88.3695,
          22.6215
        ]
      },
      "properties": {
        "id": "stop_cossipore",
        "name": "Cossipore",
        "category": "bus_stop",
        "routeCount": 1,
        "routes": [
          "43"
        ]
      }
    },
    {
      "type": "Feature",
      "id": "stop_bibibazar",
      "geometry": {
        "type": "Point",
        "coordinates": [
          88.3675,
          22.6141
        ]
      },
      "properties": {
        "id": "stop_bibibazar",
        "name": "Bibibazar",
        "category": "bus_stop",
        "routeCount": 1,
        "routes": [
          "43"
        ]
      }
    },
    {
      "type": "Feature",
      "id": "stop_chitpur_bridge",
      "geometry": {
        "type": "Point",
        "coordinates": [
          88.3685,
          22.6085
        ]
      },
      "properties": {
        "id": "stop_chitpur_bridge",
        "name": "Chitpur Bridge",
        "category": "bus_stop",
        "routeCount": 1,
        "routes": [
          "43"
        ]
      }
    },
    {
      "type": "Feature",
      "id": "stop_bagbazar",
      "geometry": {
        "type": "Point",
        "coordinates": [
          88.3644,
          22.6033
        ]
      },
      "properties": {
        "id": "stop_bagbazar",
        "name": "Bagbazar",
        "category": "bus_stop",
        "routeCount": 1,
        "routes": [
          "43"
        ]
      }
    },
    {
      "type": "Feature",
      "id": "stop_kankurgachi",
      "geometry": {
        "type": "Point",
        "coordinates": [
          88.3885,
          22.5775
        ]
      },
      "properties": {
        "id": "stop_kankurgachi",
        "name": "Kankurgachi",
        "category": "bus_stop",
        "routeCount": 10,
        "routes": [
          "44",
          "44/1",
          "45",
          "45A",
          "46",
          "46B",
          "DN-17",
          "KB-17",
          "AC-2",
          "S-3B"
        ]
      }
    },
    {
      "type": "Feature",
      "id": "stop_phoolbagan",
      "geometry": {
        "type": "Point",
        "coordinates": [
          88.3892,
          22.5715
        ]
      },
      "properties": {
        "id": "stop_phoolbagan",
        "name": "Phoolbagan",
        "category": "bus_stop",
        "routeCount": 5,
        "routes": [
          "44",
          "44/1",
          "45",
          "45A",
          "DN-17"
        ]
      }
    },
    {
      "type": "Feature",
      "id": "stop_beleghata",
      "geometry": {
        "type": "Point",
        "coordinates": [
          88.3985,
          22.5645
        ]
      },
      "properties": {
        "id": "stop_beleghata",
        "name": "Beleghata",
        "category": "bus_stop",
        "routeCount": 8,
        "routes": [
          "44/1",
          "45",
          "45A",
          "45B",
          "DN-17",
          "DN-18",
          "DN-28",
          "KB-12"
        ]
      }
    },
    {
      "type": "Feature",
      "id": "stop_karunamoyee",
      "geometry": {
        "type": "Point",
        "coordinates": [
          88.4185,
          22.5865
        ]
      },
      "properties": {
        "id": "stop_karunamoyee",
        "name": "Karunamoyee",
        "category": "bus_stop",
        "routeCount": 9,
        "routes": [
          "44A",
          "DN-8",
          "DN-47",
          "K-1",
          "KB-16",
          "KB-17",
          "KB-22",
          "KB-24",
          "S-4"
        ]
      }
    },
    {
      "type": "Feature",
      "id": "stop_bikash_bhawan",
      "geometry": {
        "type": "Point",
        "coordinates": [
          88.4165,
          22.5895
        ]
      },
      "properties": {
        "id": "stop_bikash_bhawan",
        "name": "Bikash Bhawan",
        "category": "bus_stop",
        "routeCount": 6,
        "routes": [
          "44A",
          "K-1",
          "KB-16",
          "KB-17",
          "KB-22",
          "KB-24"
        ]
      }
    },
    {
      "type": "Feature",
      "id": "stop_city_center_1",
      "geometry": {
        "type": "Point",
        "coordinates": [
          88.4085,
          22.5895
        ]
      },
      "properties": {
        "id": "stop_city_center_1",
        "name": "City Center 1",
        "category": "bus_stop",
        "routeCount": 5,
        "routes": [
          "44A",
          "K-1",
          "KB-16",
          "KB-22",
          "KB-24"
        ]
      }
    },
    {
      "type": "Feature",
      "id": "stop_kaikhali",
      "geometry": {
        "type": "Point",
        "coordinates": [
          88.4395,
          22.6365
        ]
      },
      "properties": {
        "id": "stop_kaikhali",
        "name": "Kaikhali",
        "category": "bus_stop",
        "routeCount": 10,
        "routes": [
          "45",
          "45A",
          "46",
          "DN-2/1",
          "DN-16/1",
          "DN-17",
          "DN-46",
          "DN-47",
          "KB-21",
          "AC-2"
        ]
      }
    },
    {
      "type": "Feature",
      "id": "stop_haldirams",
      "geometry": {
        "type": "Point",
        "coordinates": [
          88.4385,
          22.6315
        ]
      },
      "properties": {
        "id": "stop_haldirams",
        "name": "Haldirams",
        "category": "bus_stop",
        "routeCount": 10,
        "routes": [
          "45",
          "45A",
          "46",
          "DN-2/1",
          "DN-16/1",
          "DN-17",
          "DN-46",
          "DN-47",
          "KB-21",
          "AC-2"
        ]
      }
    },
    {
      "type": "Feature",
      "id": "stop_teghoria",
      "geometry": {
        "type": "Point",
        "coordinates": [
          88.4355,
          22.6235
        ]
      },
      "properties": {
        "id": "stop_teghoria",
        "name": "Teghoria",
        "category": "bus_stop",
        "routeCount": 7,
        "routes": [
          "45",
          "45A",
          "46",
          "DN-16/1",
          "DN-17",
          "KB-21",
          "AC-2"
        ]
      }
    },
    {
      "type": "Feature",
      "id": "stop_quest_mall",
      "geometry": {
        "type": "Point",
        "coordinates": [
          88.3655,
          22.5385
        ]
      },
      "properties": {
        "id": "stop_quest_mall",
        "name": "Quest Mall",
        "category": "bus_stop",
        "routeCount": 3,
        "routes": [
          "45",
          "45A",
          "KB-17"
        ]
      }
    },
    {
      "type": "Feature",
      "id": "stop_ramgarh",
      "geometry": {
        "type": "Point",
        "coordinates": [
          88.369799,
          22.542812
        ]
      },
      "properties": {
        "id": "stop_ramgarh",
        "name": "Ramgarh",
        "category": "bus_stop",
        "routeCount": 7,
        "routes": [
          "45",
          "45A",
          "45B",
          "KB-17",
          "S-5",
          "S-5N",
          "AC-5"
        ]
      }
    },
    {
      "type": "Feature",
      "id": "stop_baisnabghata",
      "geometry": {
        "type": "Point",
        "coordinates": [
          88.3685,
          22.5638
        ]
      },
      "properties": {
        "id": "stop_baisnabghata",
        "name": "Baisnabghata",
        "category": "bus_stop",
        "routeCount": 1,
        "routes": [
          "45"
        ]
      }
    },
    {
      "type": "Feature",
      "id": "stop_garia_metro",
      "geometry": {
        "type": "Point",
        "coordinates": [
          88.3815,
          22.4685
        ]
      },
      "properties": {
        "id": "stop_garia_metro",
        "name": "Garia Metro",
        "category": "bus_stop",
        "routeCount": 3,
        "routes": [
          "45A",
          "SD-5",
          "KB-17"
        ]
      }
    },
    {
      "type": "Feature",
      "id": "stop_dhalai_bridge",
      "geometry": {
        "type": "Point",
        "coordinates": [
          88.387,
          22.4656
        ]
      },
      "properties": {
        "id": "stop_dhalai_bridge",
        "name": "Dhalai Bridge",
        "category": "bus_stop",
        "routeCount": 2,
        "routes": [
          "45A",
          "45B"
        ]
      }
    },
    {
      "type": "Feature",
      "id": "stop_beleghata_building",
      "geometry": {
        "type": "Point",
        "coordinates": [
          88.3985,
          22.5645
        ]
      },
      "properties": {
        "id": "stop_beleghata_building",
        "name": "Beleghata Building",
        "category": "bus_stop",
        "routeCount": 3,
        "routes": [
          "45B",
          "KB-12",
          "S-4"
        ]
      }
    },
    {
      "type": "Feature",
      "id": "stop_lansdowne",
      "geometry": {
        "type": "Point",
        "coordinates": [
          88.352,
          22.5321
        ]
      },
      "properties": {
        "id": "stop_lansdowne",
        "name": "Lansdowne",
        "category": "bus_stop",
        "routeCount": 2,
        "routes": [
          "45B",
          "KB-15"
        ]
      }
    },
    {
      "type": "Feature",
      "id": "stop_45_bus_stand",
      "geometry": {
        "type": "Point",
        "coordinates": [
          88.3805,
          22.4806
        ]
      },
      "properties": {
        "id": "stop_45_bus_stand",
        "name": "45 Bus Stand",
        "category": "bus_stop",
        "routeCount": 1,
        "routes": [
          "45B"
        ]
      }
    },
    {
      "type": "Feature",
      "id": "stop_patuli",
      "geometry": {
        "type": "Point",
        "coordinates": [
          88.387799,
          22.476612
        ]
      },
      "properties": {
        "id": "stop_patuli",
        "name": "Patuli",
        "category": "bus_stop",
        "routeCount": 1,
        "routes": [
          "45B"
        ]
      }
    },
    {
      "type": "Feature",
      "id": "stop_amherst_street",
      "geometry": {
        "type": "Point",
        "coordinates": [
          88.361201,
          22.582388
        ]
      },
      "properties": {
        "id": "stop_amherst_street",
        "name": "Amherst Street",
        "category": "bus_stop",
        "routeCount": 1,
        "routes": [
          "46"
        ]
      }
    },
    {
      "type": "Feature",
      "id": "stop_jagardanga",
      "geometry": {
        "type": "Point",
        "coordinates": [
          88.3315,
          22.5245
        ]
      },
      "properties": {
        "id": "stop_jagardanga",
        "name": "Jagardanga",
        "category": "bus_stop",
        "routeCount": 1,
        "routes": [
          "46A"
        ]
      }
    },
    {
      "type": "Feature",
      "id": "stop_derozio_college",
      "geometry": {
        "type": "Point",
        "coordinates": [
          88.369201,
          22.557054
        ]
      },
      "properties": {
        "id": "stop_derozio_college",
        "name": "Derozio College",
        "category": "bus_stop",
        "routeCount": 1,
        "routes": [
          "46A"
        ]
      }
    },
    {
      "type": "Feature",
      "id": "stop_salua_bazar",
      "geometry": {
        "type": "Point",
        "coordinates": [
          88.410799,
          22.591946
        ]
      },
      "properties": {
        "id": "stop_salua_bazar",
        "name": "Salua Bazar",
        "category": "bus_stop",
        "routeCount": 1,
        "routes": [
          "46A"
        ]
      }
    },
    {
      "type": "Feature",
      "id": "stop_chinar_park",
      "geometry": {
        "type": "Point",
        "coordinates": [
          88.4485,
          22.6245
        ]
      },
      "properties": {
        "id": "stop_chinar_park",
        "name": "Chinar Park",
        "category": "bus_stop",
        "routeCount": 5,
        "routes": [
          "46A",
          "46B",
          "DN-2/1",
          "DN-46",
          "DN-47"
        ]
      }
    },
    {
      "type": "Feature",
      "id": "stop_lokenath_mandir",
      "geometry": {
        "type": "Point",
        "coordinates": [
          88.437,
          22.6181
        ]
      },
      "properties": {
        "id": "stop_lokenath_mandir",
        "name": "Lokenath Mandir",
        "category": "bus_stop",
        "routeCount": 2,
        "routes": [
          "46A",
          "46B"
        ]
      }
    },
    {
      "type": "Feature",
      "id": "stop_moonbeam",
      "geometry": {
        "type": "Point",
        "coordinates": [
          88.3315,
          22.5245
        ]
      },
      "properties": {
        "id": "stop_moonbeam",
        "name": "Moonbeam",
        "category": "bus_stop",
        "routeCount": 1,
        "routes": [
          "46B"
        ]
      }
    },
    {
      "type": "Feature",
      "id": "stop_akanksha",
      "geometry": {
        "type": "Point",
        "coordinates": [
          88.4685,
          22.6355
        ]
      },
      "properties": {
        "id": "stop_akanksha",
        "name": "Akanksha",
        "category": "bus_stop",
        "routeCount": 4,
        "routes": [
          "46B",
          "DN-2/1",
          "DN-46",
          "DN-47"
        ]
      }
    },
    {
      "type": "Feature",
      "id": "stop_city_center_2",
      "geometry": {
        "type": "Point",
        "coordinates": [
          88.4555,
          22.6275
        ]
      },
      "properties": {
        "id": "stop_city_center_2",
        "name": "City Center 2",
        "category": "bus_stop",
        "routeCount": 4,
        "routes": [
          "46B",
          "DN-2/1",
          "DN-46",
          "DN-47"
        ]
      }
    },
    {
      "type": "Feature",
      "id": "stop_saheed_nagar",
      "geometry": {
        "type": "Point",
        "coordinates": [
          88.375,
          22.4951
        ]
      },
      "properties": {
        "id": "stop_saheed_nagar",
        "name": "Saheed Nagar",
        "category": "bus_stop",
        "routeCount": 3,
        "routes": [
          "47B",
          "S-4D",
          "AC-4A"
        ]
      }
    },
    {
      "type": "Feature",
      "id": "stop_dhanmath",
      "geometry": {
        "type": "Point",
        "coordinates": [
          88.3685,
          22.5638
        ]
      },
      "properties": {
        "id": "stop_dhanmath",
        "name": "Dhanmath",
        "category": "bus_stop",
        "routeCount": 1,
        "routes": [
          "47B"
        ]
      }
    },
    {
      "type": "Feature",
      "id": "stop_pardankuni",
      "geometry": {
        "type": "Point",
        "coordinates": [
          88.3315,
          22.5245
        ]
      },
      "properties": {
        "id": "stop_pardankuni",
        "name": "Pardankuni",
        "category": "bus_stop",
        "routeCount": 1,
        "routes": [
          "51"
        ]
      }
    },
    {
      "type": "Feature",
      "id": "stop_delhi_road",
      "geometry": {
        "type": "Point",
        "coordinates": [
          88.336018,
          22.549371
        ]
      },
      "properties": {
        "id": "stop_delhi_road",
        "name": "Delhi Road",
        "category": "bus_stop",
        "routeCount": 1,
        "routes": [
          "51"
        ]
      }
    },
    {
      "type": "Feature",
      "id": "stop_dankuni_housing",
      "geometry": {
        "type": "Point",
        "coordinates": [
          88.343727,
          22.576156
        ]
      },
      "properties": {
        "id": "stop_dankuni_housing",
        "name": "Dankuni Housing",
        "category": "bus_stop",
        "routeCount": 1,
        "routes": [
          "51"
        ]
      }
    },
    {
      "type": "Feature",
      "id": "stop_rajchandrapur",
      "geometry": {
        "type": "Point",
        "coordinates": [
          88.346273,
          22.599844
        ]
      },
      "properties": {
        "id": "stop_rajchandrapur",
        "name": "Rajchandrapur",
        "category": "bus_stop",
        "routeCount": 2,
        "routes": [
          "51",
          "DN-9/1"
        ]
      }
    },
    {
      "type": "Feature",
      "id": "stop_ballyhalt",
      "geometry": {
        "type": "Point",
        "coordinates": [
          88.353982,
          22.626629
        ]
      },
      "properties": {
        "id": "stop_ballyhalt",
        "name": "Ballyhalt",
        "category": "bus_stop",
        "routeCount": 3,
        "routes": [
          "51",
          "DN-9/1",
          "DN-46"
        ]
      }
    },
    {
      "type": "Feature",
      "id": "stop_ballykhal",
      "geometry": {
        "type": "Point",
        "coordinates": [
          88.3585,
          22.6515
        ]
      },
      "properties": {
        "id": "stop_ballykhal",
        "name": "Ballykhal",
        "category": "bus_stop",
        "routeCount": 3,
        "routes": [
          "51",
          "54",
          "56"
        ]
      }
    },
    {
      "type": "Feature",
      "id": "stop_bally_bazar",
      "geometry": {
        "type": "Point",
        "coordinates": [
          88.3465,
          22.6485
        ]
      },
      "properties": {
        "id": "stop_bally_bazar",
        "name": "Bally Bazar",
        "category": "bus_stop",
        "routeCount": 3,
        "routes": [
          "51",
          "54",
          "56"
        ]
      }
    },
    {
      "type": "Feature",
      "id": "stop_belurmath",
      "geometry": {
        "type": "Point",
        "coordinates": [
          88.3575,
          22.6322
        ]
      },
      "properties": {
        "id": "stop_belurmath",
        "name": "Belurmath",
        "category": "bus_stop",
        "routeCount": 3,
        "routes": [
          "51",
          "54",
          "56"
        ]
      }
    },
    {
      "type": "Feature",
      "id": "stop_liluah",
      "geometry": {
        "type": "Point",
        "coordinates": [
          88.3385,
          22.6185
        ]
      },
      "properties": {
        "id": "stop_liluah",
        "name": "Liluah",
        "category": "bus_stop",
        "routeCount": 3,
        "routes": [
          "51",
          "54",
          "56"
        ]
      }
    },
    {
      "type": "Feature",
      "id": "stop_golabarai_ps",
      "geometry": {
        "type": "Point",
        "coordinates": [
          88.3435,
          22.5915
        ]
      },
      "properties": {
        "id": "stop_golabarai_ps",
        "name": "Golabarai PS",
        "category": "bus_stop",
        "routeCount": 4,
        "routes": [
          "51",
          "54",
          "56",
          "57A"
        ]
      }
    },
    {
      "type": "Feature",
      "id": "stop_ramrajatala",
      "geometry": {
        "type": "Point",
        "coordinates": [
          88.3085,
          22.5785
        ]
      },
      "properties": {
        "id": "stop_ramrajatala",
        "name": "Ramrajatala",
        "category": "bus_stop",
        "routeCount": 1,
        "routes": [
          "52"
        ]
      }
    },
    {
      "type": "Feature",
      "id": "stop_natun_rasta",
      "geometry": {
        "type": "Point",
        "coordinates": [
          88.311083,
          22.577383
        ]
      },
      "properties": {
        "id": "stop_natun_rasta",
        "name": "Natun Rasta",
        "category": "bus_stop",
        "routeCount": 4,
        "routes": [
          "52",
          "SD-11",
          "SD-19",
          "SD-50"
        ]
      }
    },
    {
      "type": "Feature",
      "id": "stop_dalalpukur",
      "geometry": {
        "type": "Point",
        "coordinates": [
          88.316466,
          22.577946
        ]
      },
      "properties": {
        "id": "stop_dalalpukur",
        "name": "Dalalpukur",
        "category": "bus_stop",
        "routeCount": 1,
        "routes": [
          "52"
        ]
      }
    },
    {
      "type": "Feature",
      "id": "stop_surkikal",
      "geometry": {
        "type": "Point",
        "coordinates": [
          88.317,
          22.5756
        ]
      },
      "properties": {
        "id": "stop_surkikal",
        "name": "Surkikal",
        "category": "bus_stop",
        "routeCount": 1,
        "routes": [
          "52"
        ]
      }
    },
    {
      "type": "Feature",
      "id": "stop_shyamasree",
      "geometry": {
        "type": "Point",
        "coordinates": [
          88.323132,
          22.576612
        ]
      },
      "properties": {
        "id": "stop_shyamasree",
        "name": "Shyamasree",
        "category": "bus_stop",
        "routeCount": 1,
        "routes": [
          "52"
        ]
      }
    },
    {
      "type": "Feature",
      "id": "stop_kalibabu_bazar",
      "geometry": {
        "type": "Point",
        "coordinates": [
          88.324417,
          22.574717
        ]
      },
      "properties": {
        "id": "stop_kalibabu_bazar",
        "name": "Kalibabu Bazar",
        "category": "bus_stop",
        "routeCount": 1,
        "routes": [
          "52"
        ]
      }
    },
    {
      "type": "Feature",
      "id": "stop_mallick_fatak",
      "geometry": {
        "type": "Point",
        "coordinates": [
          88.3285,
          22.5745
        ]
      },
      "properties": {
        "id": "stop_mallick_fatak",
        "name": "Mallick Fatak",
        "category": "bus_stop",
        "routeCount": 6,
        "routes": [
          "52",
          "55",
          "55A",
          "59",
          "61",
          "69"
        ]
      }
    },
    {
      "type": "Feature",
      "id": "stop_malipanchghara",
      "geometry": {
        "type": "Point",
        "coordinates": [
          88.3415,
          22.6106
        ]
      },
      "properties": {
        "id": "stop_malipanchghara",
        "name": "Malipanchghara",
        "category": "bus_stop",
        "routeCount": 1,
        "routes": [
          "54"
        ]
      }
    },
    {
      "type": "Feature",
      "id": "stop_b_garden",
      "geometry": {
        "type": "Point",
        "coordinates": [
          88.2965,
          22.5565
        ]
      },
      "properties": {
        "id": "stop_b_garden",
        "name": "B Garden",
        "category": "bus_stop",
        "routeCount": 1,
        "routes": [
          "55"
        ]
      }
    },
    {
      "type": "Feature",
      "id": "stop_shalimar_station",
      "geometry": {
        "type": "Point",
        "coordinates": [
          88.3015,
          22.5581
        ]
      },
      "properties": {
        "id": "stop_shalimar_station",
        "name": "Shalimar Station",
        "category": "bus_stop",
        "routeCount": 1,
        "routes": [
          "55"
        ]
      }
    },
    {
      "type": "Feature",
      "id": "stop_bataitala_phari",
      "geometry": {
        "type": "Point",
        "coordinates": [
          88.3095,
          22.5615
        ]
      },
      "properties": {
        "id": "stop_bataitala_phari",
        "name": "Bataitala Phari",
        "category": "bus_stop",
        "routeCount": 4,
        "routes": [
          "55",
          "59",
          "61",
          "69"
        ]
      }
    },
    {
      "type": "Feature",
      "id": "stop_kazipara",
      "geometry": {
        "type": "Point",
        "coordinates": [
          88.3155,
          22.5641
        ]
      },
      "properties": {
        "id": "stop_kazipara",
        "name": "Kazipara",
        "category": "bus_stop",
        "routeCount": 5,
        "routes": [
          "55",
          "59",
          "61",
          "69",
          "DN-44"
        ]
      }
    },
    {
      "type": "Feature",
      "id": "stop_shibpur_bazar",
      "geometry": {
        "type": "Point",
        "coordinates": [
          88.3245,
          22.5685
        ]
      },
      "properties": {
        "id": "stop_shibpur_bazar",
        "name": "Shibpur Bazar",
        "category": "bus_stop",
        "routeCount": 4,
        "routes": [
          "55",
          "59",
          "61",
          "69"
        ]
      }
    },
    {
      "type": "Feature",
      "id": "stop_shibpur_td",
      "geometry": {
        "type": "Point",
        "coordinates": [
          88.3315,
          22.5245
        ]
      },
      "properties": {
        "id": "stop_shibpur_td",
        "name": "Shibpur Td",
        "category": "bus_stop",
        "routeCount": 1,
        "routes": [
          "55A"
        ]
      }
    },
    {
      "type": "Feature",
      "id": "stop_ruiya_purbapara",
      "geometry": {
        "type": "Point",
        "coordinates": [
          88.3315,
          22.5245
        ]
      },
      "properties": {
        "id": "stop_ruiya_purbapara",
        "name": "Ruiya Purbapara",
        "category": "bus_stop",
        "routeCount": 1,
        "routes": [
          "56"
        ]
      }
    },
    {
      "type": "Feature",
      "id": "stop_doperia",
      "geometry": {
        "type": "Point",
        "coordinates": [
          88.336563,
          22.542253
        ]
      },
      "properties": {
        "id": "stop_doperia",
        "name": "Doperia",
        "category": "bus_stop",
        "routeCount": 1,
        "routes": [
          "56"
        ]
      }
    },
    {
      "type": "Feature",
      "id": "stop_kalyan_nagar",
      "geometry": {
        "type": "Point",
        "coordinates": [
          88.344102,
          22.56149
        ]
      },
      "properties": {
        "id": "stop_kalyan_nagar",
        "name": "Kalyan Nagar",
        "category": "bus_stop",
        "routeCount": 1,
        "routes": [
          "56"
        ]
      }
    },
    {
      "type": "Feature",
      "id": "stop_rashmoni",
      "geometry": {
        "type": "Point",
        "coordinates": [
          88.347181,
          22.578052
        ]
      },
      "properties": {
        "id": "stop_rashmoni",
        "name": "Rashmoni",
        "category": "bus_stop",
        "routeCount": 1,
        "routes": [
          "56"
        ]
      }
    },
    {
      "type": "Feature",
      "id": "stop_sodepur_station",
      "geometry": {
        "type": "Point",
        "coordinates": [
          88.355819,
          22.597948
        ]
      },
      "properties": {
        "id": "stop_sodepur_station",
        "name": "Sodepur Station",
        "category": "bus_stop",
        "routeCount": 2,
        "routes": [
          "56",
          "DN-43"
        ]
      }
    },
    {
      "type": "Feature",
      "id": "stop_kamarhati",
      "geometry": {
        "type": "Point",
        "coordinates": [
          88.358898,
          22.61451
        ]
      },
      "properties": {
        "id": "stop_kamarhati",
        "name": "Kamarhati",
        "category": "bus_stop",
        "routeCount": 2,
        "routes": [
          "56",
          "DN-43"
        ]
      }
    },
    {
      "type": "Feature",
      "id": "stop_rathtala",
      "geometry": {
        "type": "Point",
        "coordinates": [
          88.366437,
          22.633747
        ]
      },
      "properties": {
        "id": "stop_rathtala",
        "name": "Rathtala",
        "category": "bus_stop",
        "routeCount": 3,
        "routes": [
          "56",
          "SD-11/1",
          "DN-43"
        ]
      }
    },
    {
      "type": "Feature",
      "id": "stop_kona",
      "geometry": {
        "type": "Point",
        "coordinates": [
          88.3315,
          22.5245
        ]
      },
      "properties": {
        "id": "stop_kona",
        "name": "Kona",
        "category": "bus_stop",
        "routeCount": 2,
        "routes": [
          "57",
          "57A"
        ]
      }
    },
    {
      "type": "Feature",
      "id": "stop_biradingi",
      "geometry": {
        "type": "Point",
        "coordinates": [
          88.354,
          22.5651
        ]
      },
      "properties": {
        "id": "stop_biradingi",
        "name": "Biradingi",
        "category": "bus_stop",
        "routeCount": 2,
        "routes": [
          "57",
          "57A"
        ]
      }
    },
    {
      "type": "Feature",
      "id": "stop_tikiapara_bypass",
      "geometry": {
        "type": "Point",
        "coordinates": [
          88.35065,
          22.5946
        ]
      },
      "properties": {
        "id": "stop_tikiapara_bypass",
        "name": "Tikiapara Bypass",
        "category": "bus_stop",
        "routeCount": 5,
        "routes": [
          "57",
          "63",
          "E-43",
          "E-44",
          "E-53"
        ]
      }
    },
    {
      "type": "Feature",
      "id": "stop_chanditala",
      "geometry": {
        "type": "Point",
        "coordinates": [
          88.3315,
          22.5245
        ]
      },
      "properties": {
        "id": "stop_chanditala",
        "name": "Chanditala",
        "category": "bus_stop",
        "routeCount": 1,
        "routes": [
          "57A"
        ]
      }
    },
    {
      "type": "Feature",
      "id": "stop_kalipur",
      "geometry": {
        "type": "Point",
        "coordinates": [
          88.337706,
          22.535967
        ]
      },
      "properties": {
        "id": "stop_kalipur",
        "name": "Kalipur",
        "category": "bus_stop",
        "routeCount": 1,
        "routes": [
          "57A"
        ]
      }
    },
    {
      "type": "Feature",
      "id": "stop_jagadishpur",
      "geometry": {
        "type": "Point",
        "coordinates": [
          88.346387,
          22.548918
        ]
      },
      "properties": {
        "id": "stop_jagadishpur",
        "name": "Jagadishpur",
        "category": "bus_stop",
        "routeCount": 1,
        "routes": [
          "57A"
        ]
      }
    },
    {
      "type": "Feature",
      "id": "stop_chamrail",
      "geometry": {
        "type": "Point",
        "coordinates": [
          88.350609,
          22.559194
        ]
      },
      "properties": {
        "id": "stop_chamrail",
        "name": "Chamrail",
        "category": "bus_stop",
        "routeCount": 1,
        "routes": [
          "57A"
        ]
      }
    },
    {
      "type": "Feature",
      "id": "stop_eksara",
      "geometry": {
        "type": "Point",
        "coordinates": [
          88.360391,
          22.572806
        ]
      },
      "properties": {
        "id": "stop_eksara",
        "name": "Eksara",
        "category": "bus_stop",
        "routeCount": 1,
        "routes": [
          "57A"
        ]
      }
    },
    {
      "type": "Feature",
      "id": "stop_bamangachi",
      "geometry": {
        "type": "Point",
        "coordinates": [
          88.359,
          22.6021
        ]
      },
      "properties": {
        "id": "stop_bamangachi",
        "name": "Bamangachi",
        "category": "bus_stop",
        "routeCount": 3,
        "routes": [
          "57A",
          "DN-35",
          "DN-44"
        ]
      }
    },
    {
      "type": "Feature",
      "id": "stop_danesh_shaikh_lane",
      "geometry": {
        "type": "Point",
        "coordinates": [
          88.17,
          22.5521
        ]
      },
      "properties": {
        "id": "stop_danesh_shaikh_lane",
        "name": "Danesh Shaikh Lane",
        "category": "bus_stop",
        "routeCount": 3,
        "routes": [
          "59",
          "61",
          "69"
        ]
      }
    },
    {
      "type": "Feature",
      "id": "stop_amtala_phari",
      "geometry": {
        "type": "Point",
        "coordinates": [
          88.0115,
          22.5815
        ]
      },
      "properties": {
        "id": "stop_amtala_phari",
        "name": "Amtala Phari",
        "category": "bus_stop",
        "routeCount": 3,
        "routes": [
          "59",
          "61",
          "69"
        ]
      }
    },
    {
      "type": "Feature",
      "id": "stop_narayana_hospital",
      "geometry": {
        "type": "Point",
        "coordinates": [
          88.159,
          22.5706
        ]
      },
      "properties": {
        "id": "stop_narayana_hospital",
        "name": "Narayana Hospital",
        "category": "bus_stop",
        "routeCount": 3,
        "routes": [
          "59",
          "61",
          "69"
        ]
      }
    },
    {
      "type": "Feature",
      "id": "stop_alampur",
      "geometry": {
        "type": "Point",
        "coordinates": [
          88.2415,
          22.5515
        ]
      },
      "properties": {
        "id": "stop_alampur",
        "name": "Alampur",
        "category": "bus_stop",
        "routeCount": 3,
        "routes": [
          "61",
          "E-43",
          "E-53"
        ]
      }
    },
    {
      "type": "Feature",
      "id": "stop_argori",
      "geometry": {
        "type": "Point",
        "coordinates": [
          88.212176,
          22.554906
        ]
      },
      "properties": {
        "id": "stop_argori",
        "name": "Argori",
        "category": "bus_stop",
        "routeCount": 1,
        "routes": [
          "61"
        ]
      }
    },
    {
      "type": "Feature",
      "id": "stop_andul_bazar",
      "geometry": {
        "type": "Point",
        "coordinates": [
          88.185061,
          22.559636
        ]
      },
      "properties": {
        "id": "stop_andul_bazar",
        "name": "Andul Bazar",
        "category": "bus_stop",
        "routeCount": 1,
        "routes": [
          "61"
        ]
      }
    },
    {
      "type": "Feature",
      "id": "stop_mourigram",
      "geometry": {
        "type": "Point",
        "coordinates": [
          88.153864,
          22.561919
        ]
      },
      "properties": {
        "id": "stop_mourigram",
        "name": "Mourigram",
        "category": "bus_stop",
        "routeCount": 1,
        "routes": [
          "61"
        ]
      }
    },
    {
      "type": "Feature",
      "id": "stop_chunavati",
      "geometry": {
        "type": "Point",
        "coordinates": [
          88.128,
          22.5674
        ]
      },
      "properties": {
        "id": "stop_chunavati",
        "name": "Chunavati",
        "category": "bus_stop",
        "routeCount": 1,
        "routes": [
          "61"
        ]
      }
    },
    {
      "type": "Feature",
      "id": "stop_hanskhali_pole",
      "geometry": {
        "type": "Point",
        "coordinates": [
          88.096364,
          22.569419
        ]
      },
      "properties": {
        "id": "stop_hanskhali_pole",
        "name": "Hanskhali Pole",
        "category": "bus_stop",
        "routeCount": 1,
        "routes": [
          "61"
        ]
      }
    },
    {
      "type": "Feature",
      "id": "stop_avani_mall",
      "geometry": {
        "type": "Point",
        "coordinates": [
          88.320799,
          22.566946
        ]
      },
      "properties": {
        "id": "stop_avani_mall",
        "name": "Avani Mall",
        "category": "bus_stop",
        "routeCount": 1,
        "routes": [
          "61"
        ]
      }
    },
    {
      "type": "Feature",
      "id": "stop_domjur",
      "geometry": {
        "type": "Point",
        "coordinates": [
          88.2185,
          22.6415
        ]
      },
      "properties": {
        "id": "stop_domjur",
        "name": "Domjur",
        "category": "bus_stop",
        "routeCount": 3,
        "routes": [
          "63",
          "K-11",
          "E-44"
        ]
      }
    },
    {
      "type": "Feature",
      "id": "stop_makardaha",
      "geometry": {
        "type": "Point",
        "coordinates": [
          88.231534,
          22.631721
        ]
      },
      "properties": {
        "id": "stop_makardaha",
        "name": "Makardaha",
        "category": "bus_stop",
        "routeCount": 3,
        "routes": [
          "63",
          "K-11",
          "E-44"
        ]
      }
    },
    {
      "type": "Feature",
      "id": "stop_katlia",
      "geometry": {
        "type": "Point",
        "coordinates": [
          88.248466,
          22.624279
        ]
      },
      "properties": {
        "id": "stop_katlia",
        "name": "Katlia",
        "category": "bus_stop",
        "routeCount": 3,
        "routes": [
          "63",
          "K-11",
          "E-44"
        ]
      }
    },
    {
      "type": "Feature",
      "id": "stop_salap",
      "geometry": {
        "type": "Point",
        "coordinates": [
          88.2615,
          22.6145
        ]
      },
      "properties": {
        "id": "stop_salap",
        "name": "Salap",
        "category": "bus_stop",
        "routeCount": 5,
        "routes": [
          "63",
          "K-11",
          "E-43",
          "E-44",
          "E-53"
        ]
      }
    },
    {
      "type": "Feature",
      "id": "stop_bankra_bazar",
      "geometry": {
        "type": "Point",
        "coordinates": [
          88.2815,
          22.6045
        ]
      },
      "properties": {
        "id": "stop_bankra_bazar",
        "name": "Bankra Bazar",
        "category": "bus_stop",
        "routeCount": 4,
        "routes": [
          "63",
          "E-43",
          "E-44",
          "E-53"
        ]
      }
    },
    {
      "type": "Feature",
      "id": "stop_japani_gate",
      "geometry": {
        "type": "Point",
        "coordinates": [
          88.285,
          22.5986
        ]
      },
      "properties": {
        "id": "stop_japani_gate",
        "name": "Japani Gate",
        "category": "bus_stop",
        "routeCount": 4,
        "routes": [
          "63",
          "E-43",
          "E-44",
          "E-53"
        ]
      }
    },
    {
      "type": "Feature",
      "id": "stop_baltikuri",
      "geometry": {
        "type": "Point",
        "coordinates": [
          88.2915,
          22.5945
        ]
      },
      "properties": {
        "id": "stop_baltikuri",
        "name": "Baltikuri",
        "category": "bus_stop",
        "routeCount": 3,
        "routes": [
          "63",
          "E-43",
          "E-53"
        ]
      }
    },
    {
      "type": "Feature",
      "id": "stop_dasnagar",
      "geometry": {
        "type": "Point",
        "coordinates": [
          88.3015,
          22.5845
        ]
      },
      "properties": {
        "id": "stop_dasnagar",
        "name": "Dasnagar",
        "category": "bus_stop",
        "routeCount": 4,
        "routes": [
          "63",
          "E-43",
          "E-44",
          "E-53"
        ]
      }
    },
    {
      "type": "Feature",
      "id": "stop_shanpur",
      "geometry": {
        "type": "Point",
        "coordinates": [
          88.307968,
          22.583388
        ]
      },
      "properties": {
        "id": "stop_shanpur",
        "name": "Shanpur",
        "category": "bus_stop",
        "routeCount": 4,
        "routes": [
          "63",
          "E-43",
          "E-44",
          "E-53"
        ]
      }
    },
    {
      "type": "Feature",
      "id": "stop_tulshiberia",
      "geometry": {
        "type": "Point",
        "coordinates": [
          88.3315,
          22.5245
        ]
      },
      "properties": {
        "id": "stop_tulshiberia",
        "name": "Tulshiberia",
        "category": "bus_stop",
        "routeCount": 1,
        "routes": [
          "64"
        ]
      }
    },
    {
      "type": "Feature",
      "id": "stop_kamina",
      "geometry": {
        "type": "Point",
        "coordinates": [
          88.342534,
          22.536821
        ]
      },
      "properties": {
        "id": "stop_kamina",
        "name": "Kamina",
        "category": "bus_stop",
        "routeCount": 1,
        "routes": [
          "64"
        ]
      }
    },
    {
      "type": "Feature",
      "id": "stop_mahishrekha",
      "geometry": {
        "type": "Point",
        "coordinates": [
          88.357466,
          22.551479
        ]
      },
      "properties": {
        "id": "stop_mahishrekha",
        "name": "Mahishrekha",
        "category": "bus_stop",
        "routeCount": 1,
        "routes": [
          "64"
        ]
      }
    },
    {
      "type": "Feature",
      "id": "stop_kulgachia",
      "geometry": {
        "type": "Point",
        "coordinates": [
          88.3685,
          22.5638
        ]
      },
      "properties": {
        "id": "stop_kulgachia",
        "name": "Kulgachia",
        "category": "bus_stop",
        "routeCount": 1,
        "routes": [
          "64"
        ]
      }
    },
    {
      "type": "Feature",
      "id": "stop_bagnan",
      "geometry": {
        "type": "Point",
        "coordinates": [
          87.9715,
          22.4685
        ]
      },
      "properties": {
        "id": "stop_bagnan",
        "name": "Bagnan",
        "category": "bus_stop",
        "routeCount": 4,
        "routes": [
          "67",
          "67A",
          "67B",
          "68"
        ]
      }
    },
    {
      "type": "Feature",
      "id": "stop_khalore",
      "geometry": {
        "type": "Point",
        "coordinates": [
          87.974521,
          22.46298
        ]
      },
      "properties": {
        "id": "stop_khalore",
        "name": "Khalore",
        "category": "bus_stop",
        "routeCount": 4,
        "routes": [
          "67",
          "67A",
          "67B",
          "68"
        ]
      }
    },
    {
      "type": "Feature",
      "id": "stop_antila_bridge",
      "geometry": {
        "type": "Point",
        "coordinates": [
          87.978777,
          22.458199
        ]
      },
      "properties": {
        "id": "stop_antila_bridge",
        "name": "Antila Bridge",
        "category": "bus_stop",
        "routeCount": 4,
        "routes": [
          "67",
          "67A",
          "67B",
          "68"
        ]
      }
    },
    {
      "type": "Feature",
      "id": "stop_bantul",
      "geometry": {
        "type": "Point",
        "coordinates": [
          87.980618,
          22.451971
        ]
      },
      "properties": {
        "id": "stop_bantul",
        "name": "Bantul",
        "category": "bus_stop",
        "routeCount": 4,
        "routes": [
          "67",
          "67A",
          "67B",
          "68"
        ]
      }
    },
    {
      "type": "Feature",
      "id": "stop_nuntia",
      "geometry": {
        "type": "Point",
        "coordinates": [
          87.985948,
          22.447836
        ]
      },
      "properties": {
        "id": "stop_nuntia",
        "name": "Nuntia",
        "category": "bus_stop",
        "routeCount": 4,
        "routes": [
          "67",
          "67A",
          "67B",
          "68"
        ]
      }
    },
    {
      "type": "Feature",
      "id": "stop_mugkalyan",
      "geometry": {
        "type": "Point",
        "coordinates": [
          87.986868,
          22.441054
        ]
      },
      "properties": {
        "id": "stop_mugkalyan",
        "name": "Mugkalyan",
        "category": "bus_stop",
        "routeCount": 4,
        "routes": [
          "67",
          "67A",
          "67B",
          "68"
        ]
      }
    },
    {
      "type": "Feature",
      "id": "stop_noul_bazar",
      "geometry": {
        "type": "Point",
        "coordinates": [
          87.992927,
          22.437356
        ]
      },
      "properties": {
        "id": "stop_noul_bazar",
        "name": "Noul Bazar",
        "category": "bus_stop",
        "routeCount": 4,
        "routes": [
          "67",
          "67A",
          "67B",
          "68"
        ]
      }
    },
    {
      "type": "Feature",
      "id": "stop_deorah",
      "geometry": {
        "type": "Point",
        "coordinates": [
          87.993341,
          22.430272
        ]
      },
      "properties": {
        "id": "stop_deorah",
        "name": "Deorah",
        "category": "bus_stop",
        "routeCount": 4,
        "routes": [
          "67",
          "67A",
          "67B",
          "68"
        ]
      }
    },
    {
      "type": "Feature",
      "id": "stop_shasati",
      "geometry": {
        "type": "Point",
        "coordinates": [
          87.999659,
          22.426728
        ]
      },
      "properties": {
        "id": "stop_shasati",
        "name": "Shasati",
        "category": "bus_stop",
        "routeCount": 4,
        "routes": [
          "67",
          "67A",
          "67B",
          "68"
        ]
      }
    },
    {
      "type": "Feature",
      "id": "stop_belpukur",
      "geometry": {
        "type": "Point",
        "coordinates": [
          88.000073,
          22.419644
        ]
      },
      "properties": {
        "id": "stop_belpukur",
        "name": "Belpukur",
        "category": "bus_stop",
        "routeCount": 7,
        "routes": [
          "67",
          "67A",
          "67B",
          "68",
          "SD-11",
          "SD-19",
          "SD-50"
        ]
      }
    },
    {
      "type": "Feature",
      "id": "stop_hoglashi",
      "geometry": {
        "type": "Point",
        "coordinates": [
          88.006132,
          22.415946
        ]
      },
      "properties": {
        "id": "stop_hoglashi",
        "name": "Hoglashi",
        "category": "bus_stop",
        "routeCount": 4,
        "routes": [
          "67",
          "67A",
          "67B",
          "68"
        ]
      }
    },
    {
      "type": "Feature",
      "id": "stop_kanthalibar",
      "geometry": {
        "type": "Point",
        "coordinates": [
          88.007052,
          22.409164
        ]
      },
      "properties": {
        "id": "stop_kanthalibar",
        "name": "Kanthalibar",
        "category": "bus_stop",
        "routeCount": 3,
        "routes": [
          "67",
          "67A",
          "67B"
        ]
      }
    },
    {
      "type": "Feature",
      "id": "stop_shyampur",
      "geometry": {
        "type": "Point",
        "coordinates": [
          88.012382,
          22.405029
        ]
      },
      "properties": {
        "id": "stop_shyampur",
        "name": "Shyampur",
        "category": "bus_stop",
        "routeCount": 3,
        "routes": [
          "67",
          "67A",
          "67B"
        ]
      }
    },
    {
      "type": "Feature",
      "id": "stop_narikelabar",
      "geometry": {
        "type": "Point",
        "coordinates": [
          88.014223,
          22.398801
        ]
      },
      "properties": {
        "id": "stop_narikelabar",
        "name": "Narikelabar",
        "category": "bus_stop",
        "routeCount": 1,
        "routes": [
          "67"
        ]
      }
    },
    {
      "type": "Feature",
      "id": "stop_bhagabanpur",
      "geometry": {
        "type": "Point",
        "coordinates": [
          88.018479,
          22.39402
        ]
      },
      "properties": {
        "id": "stop_bhagabanpur",
        "name": "Bhagabanpur",
        "category": "bus_stop",
        "routeCount": 5,
        "routes": [
          "67",
          "SD-11",
          "SD-11/1",
          "SD-19",
          "SD-50"
        ]
      }
    },
    {
      "type": "Feature",
      "id": "stop_shibgunge",
      "geometry": {
        "type": "Point",
        "coordinates": [
          88.0215,
          22.3885
        ]
      },
      "properties": {
        "id": "stop_shibgunge",
        "name": "Shibgunge",
        "category": "bus_stop",
        "routeCount": 1,
        "routes": [
          "67"
        ]
      }
    },
    {
      "type": "Feature",
      "id": "stop_sitalpur",
      "geometry": {
        "type": "Point",
        "coordinates": [
          88.027542,
          22.264875
        ]
      },
      "properties": {
        "id": "stop_sitalpur",
        "name": "Sitalpur",
        "category": "bus_stop",
        "routeCount": 1,
        "routes": [
          "67A"
        ]
      }
    },
    {
      "type": "Feature",
      "id": "stop_gohaldaha",
      "geometry": {
        "type": "Point",
        "coordinates": [
          88.033324,
          22.250094
        ]
      },
      "properties": {
        "id": "stop_gohaldaha",
        "name": "Gohaldaha",
        "category": "bus_stop",
        "routeCount": 1,
        "routes": [
          "67A"
        ]
      }
    },
    {
      "type": "Feature",
      "id": "stop_gujarpur",
      "geometry": {
        "type": "Point",
        "coordinates": [
          88.036832,
          22.233949
        ]
      },
      "properties": {
        "id": "stop_gujarpur",
        "name": "Gujarpur",
        "category": "bus_stop",
        "routeCount": 1,
        "routes": [
          "67A"
        ]
      }
    },
    {
      "type": "Feature",
      "id": "stop_gadiara",
      "geometry": {
        "type": "Point",
        "coordinates": [
          88.0415,
          22.2185
        ]
      },
      "properties": {
        "id": "stop_gadiara",
        "name": "Gadiara",
        "category": "bus_stop",
        "routeCount": 1,
        "routes": [
          "67A"
        ]
      }
    },
    {
      "type": "Feature",
      "id": "stop_kharuberia",
      "geometry": {
        "type": "Point",
        "coordinates": [
          88.066223,
          22.303467
        ]
      },
      "properties": {
        "id": "stop_kharuberia",
        "name": "Kharuberia",
        "category": "bus_stop",
        "routeCount": 1,
        "routes": [
          "67B"
        ]
      }
    },
    {
      "type": "Feature",
      "id": "stop_garchumuk",
      "geometry": {
        "type": "Point",
        "coordinates": [
          88.074479,
          22.291354
        ]
      },
      "properties": {
        "id": "stop_garchumuk",
        "name": "Garchumuk",
        "category": "bus_stop",
        "routeCount": 1,
        "routes": [
          "67B"
        ]
      }
    },
    {
      "type": "Feature",
      "id": "stop_58_gate",
      "geometry": {
        "type": "Point",
        "coordinates": [
          88.0815,
          22.2785
        ]
      },
      "properties": {
        "id": "stop_58_gate",
        "name": "58 Gate",
        "category": "bus_stop",
        "routeCount": 1,
        "routes": [
          "67B"
        ]
      }
    },
    {
      "type": "Feature",
      "id": "stop_shrikole",
      "geometry": {
        "type": "Point",
        "coordinates": [
          87.979265,
          22.434236
        ]
      },
      "properties": {
        "id": "stop_shrikole",
        "name": "Shrikole",
        "category": "bus_stop",
        "routeCount": 1,
        "routes": [
          "68"
        ]
      }
    },
    {
      "type": "Feature",
      "id": "stop_radhapur",
      "geometry": {
        "type": "Point",
        "coordinates": [
          87.98109,
          22.431792
        ]
      },
      "properties": {
        "id": "stop_radhapur",
        "name": "Radhapur",
        "category": "bus_stop",
        "routeCount": 1,
        "routes": [
          "68"
        ]
      }
    },
    {
      "type": "Feature",
      "id": "stop_kamalpur",
      "geometry": {
        "type": "Point",
        "coordinates": [
          87.9815,
          22.4285
        ]
      },
      "properties": {
        "id": "stop_kamalpur",
        "name": "Kamalpur",
        "category": "bus_stop",
        "routeCount": 1,
        "routes": [
          "68"
        ]
      }
    },
    {
      "type": "Feature",
      "id": "stop_sankrail",
      "geometry": {
        "type": "Point",
        "coordinates": [
          88.3315,
          22.5245
        ]
      },
      "properties": {
        "id": "stop_sankrail",
        "name": "Sankrail",
        "category": "bus_stop",
        "routeCount": 1,
        "routes": [
          "69"
        ]
      }
    },
    {
      "type": "Feature",
      "id": "stop_chapatala",
      "geometry": {
        "type": "Point",
        "coordinates": [
          88.290926,
          22.531281
        ]
      },
      "properties": {
        "id": "stop_chapatala",
        "name": "Chapatala",
        "category": "bus_stop",
        "routeCount": 1,
        "routes": [
          "69"
        ]
      }
    },
    {
      "type": "Feature",
      "id": "stop_rajgunge",
      "geometry": {
        "type": "Point",
        "coordinates": [
          88.252561,
          22.539386
        ]
      },
      "properties": {
        "id": "stop_rajgunge",
        "name": "Rajgunge",
        "category": "bus_stop",
        "routeCount": 1,
        "routes": [
          "69"
        ]
      }
    },
    {
      "type": "Feature",
      "id": "stop_radhadashi",
      "geometry": {
        "type": "Point",
        "coordinates": [
          88.210114,
          22.545044
        ]
      },
      "properties": {
        "id": "stop_radhadashi",
        "name": "Radhadashi",
        "category": "bus_stop",
        "routeCount": 1,
        "routes": [
          "69"
        ]
      }
    },
    {
      "type": "Feature",
      "id": "stop_podra_bazar",
      "geometry": {
        "type": "Point",
        "coordinates": [
          88.173,
          22.5539
        ]
      },
      "properties": {
        "id": "stop_podra_bazar",
        "name": "Podra Bazar",
        "category": "bus_stop",
        "routeCount": 1,
        "routes": [
          "69"
        ]
      }
    },
    {
      "type": "Feature",
      "id": "stop_nazirgunge",
      "geometry": {
        "type": "Point",
        "coordinates": [
          88.130114,
          22.559294
        ]
      },
      "properties": {
        "id": "stop_nazirgunge",
        "name": "Nazirgunge",
        "category": "bus_stop",
        "routeCount": 1,
        "routes": [
          "69"
        ]
      }
    },
    {
      "type": "Feature",
      "id": "stop_eden_gardens",
      "geometry": {
        "type": "Point",
        "coordinates": [
          88.3435,
          22.5646
        ]
      },
      "properties": {
        "id": "stop_eden_gardens",
        "name": "Eden Gardens",
        "category": "bus_stop",
        "routeCount": 1,
        "routes": [
          "C"
        ]
      }
    },
    {
      "type": "Feature",
      "id": "stop_sonarpur",
      "geometry": {
        "type": "Point",
        "coordinates": [
          88.4285,
          22.4415
        ]
      },
      "properties": {
        "id": "stop_sonarpur",
        "name": "Sonarpur",
        "category": "bus_stop",
        "routeCount": 1,
        "routes": [
          "SD-3"
        ]
      }
    },
    {
      "type": "Feature",
      "id": "stop_ghasiara",
      "geometry": {
        "type": "Point",
        "coordinates": [
          88.421818,
          22.452971
        ]
      },
      "properties": {
        "id": "stop_ghasiara",
        "name": "Ghasiara",
        "category": "bus_stop",
        "routeCount": 1,
        "routes": [
          "SD-3"
        ]
      }
    },
    {
      "type": "Feature",
      "id": "stop_ramchandrapur",
      "geometry": {
        "type": "Point",
        "coordinates": [
          88.418327,
          22.466356
        ]
      },
      "properties": {
        "id": "stop_ramchandrapur",
        "name": "Ramchandrapur",
        "category": "bus_stop",
        "routeCount": 1,
        "routes": [
          "SD-3"
        ]
      }
    },
    {
      "type": "Feature",
      "id": "stop_arapanch",
      "geometry": {
        "type": "Point",
        "coordinates": [
          88.409673,
          22.476644
        ]
      },
      "properties": {
        "id": "stop_arapanch",
        "name": "Arapanch",
        "category": "bus_stop",
        "routeCount": 1,
        "routes": [
          "SD-3"
        ]
      }
    },
    {
      "type": "Feature",
      "id": "stop_natagachi",
      "geometry": {
        "type": "Point",
        "coordinates": [
          88.406182,
          22.490029
        ]
      },
      "properties": {
        "id": "stop_natagachi",
        "name": "Natagachi",
        "category": "bus_stop",
        "routeCount": 1,
        "routes": [
          "SD-3"
        ]
      }
    },
    {
      "type": "Feature",
      "id": "stop_tematha",
      "geometry": {
        "type": "Point",
        "coordinates": [
          88.410215,
          22.501709
        ]
      },
      "properties": {
        "id": "stop_tematha",
        "name": "Tematha",
        "category": "bus_stop",
        "routeCount": 1,
        "routes": [
          "SD-3"
        ]
      }
    },
    {
      "type": "Feature",
      "id": "stop_chakberia",
      "geometry": {
        "type": "Point",
        "coordinates": [
          88.421864,
          22.502478
        ]
      },
      "properties": {
        "id": "stop_chakberia",
        "name": "Chakberia",
        "category": "bus_stop",
        "routeCount": 1,
        "routes": [
          "SD-3"
        ]
      }
    },
    {
      "type": "Feature",
      "id": "stop_makrampur",
      "geometry": {
        "type": "Point",
        "coordinates": [
          88.431669,
          22.502141
        ]
      },
      "properties": {
        "id": "stop_makrampur",
        "name": "Makrampur",
        "category": "bus_stop",
        "routeCount": 1,
        "routes": [
          "SD-3"
        ]
      }
    },
    {
      "type": "Feature",
      "id": "stop_khirishtala",
      "geometry": {
        "type": "Point",
        "coordinates": [
          88.444182,
          22.503429
        ]
      },
      "properties": {
        "id": "stop_khirishtala",
        "name": "Khirishtala",
        "category": "bus_stop",
        "routeCount": 1,
        "routes": [
          "SD-3"
        ]
      }
    },
    {
      "type": "Feature",
      "id": "stop_prasadpur",
      "geometry": {
        "type": "Point",
        "coordinates": [
          88.453189,
          22.502614
        ]
      },
      "properties": {
        "id": "stop_prasadpur",
        "name": "Prasadpur",
        "category": "bus_stop",
        "routeCount": 1,
        "routes": [
          "SD-3"
        ]
      }
    },
    {
      "type": "Feature",
      "id": "stop_sundia",
      "geometry": {
        "type": "Point",
        "coordinates": [
          88.466414,
          22.504328
        ]
      },
      "properties": {
        "id": "stop_sundia",
        "name": "Sundia",
        "category": "bus_stop",
        "routeCount": 1,
        "routes": [
          "SD-3"
        ]
      }
    },
    {
      "type": "Feature",
      "id": "stop_sanksaharpukur",
      "geometry": {
        "type": "Point",
        "coordinates": [
          88.474813,
          22.503148
        ]
      },
      "properties": {
        "id": "stop_sanksaharpukur",
        "name": "Sanksaharpukur",
        "category": "bus_stop",
        "routeCount": 1,
        "routes": [
          "SD-3"
        ]
      }
    },
    {
      "type": "Feature",
      "id": "stop_chandaneshwar",
      "geometry": {
        "type": "Point",
        "coordinates": [
          88.488527,
          22.505156
        ]
      },
      "properties": {
        "id": "stop_chandaneshwar",
        "name": "Chandaneshwar",
        "category": "bus_stop",
        "routeCount": 1,
        "routes": [
          "SD-3"
        ]
      }
    },
    {
      "type": "Feature",
      "id": "stop_jhautala",
      "geometry": {
        "type": "Point",
        "coordinates": [
          88.496568,
          22.503761
        ]
      },
      "properties": {
        "id": "stop_jhautala",
        "name": "Jhautala",
        "category": "bus_stop",
        "routeCount": 1,
        "routes": [
          "SD-3"
        ]
      }
    },
    {
      "type": "Feature",
      "id": "stop_sobedatala",
      "geometry": {
        "type": "Point",
        "coordinates": [
          88.5105,
          22.5059
        ]
      },
      "properties": {
        "id": "stop_sobedatala",
        "name": "Sobedatala",
        "category": "bus_stop",
        "routeCount": 1,
        "routes": [
          "SD-3"
        ]
      }
    },
    {
      "type": "Feature",
      "id": "stop_sondalia_bablatala",
      "geometry": {
        "type": "Point",
        "coordinates": [
          88.518468,
          22.504461
        ]
      },
      "properties": {
        "id": "stop_sondalia_bablatala",
        "name": "Sondalia Bablatala",
        "category": "bus_stop",
        "routeCount": 1,
        "routes": [
          "SD-3"
        ]
      }
    },
    {
      "type": "Feature",
      "id": "stop_badir",
      "geometry": {
        "type": "Point",
        "coordinates": [
          88.532327,
          22.506556
        ]
      },
      "properties": {
        "id": "stop_badir",
        "name": "Badir",
        "category": "bus_stop",
        "routeCount": 1,
        "routes": [
          "SD-3"
        ]
      }
    },
    {
      "type": "Feature",
      "id": "stop_situri",
      "geometry": {
        "type": "Point",
        "coordinates": [
          88.540513,
          22.505248
        ]
      },
      "properties": {
        "id": "stop_situri",
        "name": "Situri",
        "category": "bus_stop",
        "routeCount": 1,
        "routes": [
          "SD-3"
        ]
      }
    },
    {
      "type": "Feature",
      "id": "stop_kalitala",
      "geometry": {
        "type": "Point",
        "coordinates": [
          88.554014,
          22.507128
        ]
      },
      "properties": {
        "id": "stop_kalitala",
        "name": "Kalitala",
        "category": "bus_stop",
        "routeCount": 1,
        "routes": [
          "SD-3"
        ]
      }
    },
    {
      "type": "Feature",
      "id": "stop_patkelpota",
      "geometry": {
        "type": "Point",
        "coordinates": [
          88.562689,
          22.506114
        ]
      },
      "properties": {
        "id": "stop_patkelpota",
        "name": "Patkelpota",
        "category": "bus_stop",
        "routeCount": 1,
        "routes": [
          "SD-3"
        ]
      }
    },
    {
      "type": "Feature",
      "id": "stop_bodra",
      "geometry": {
        "type": "Point",
        "coordinates": [
          88.575582,
          22.507629
        ]
      },
      "properties": {
        "id": "stop_bodra",
        "name": "Bodra",
        "category": "bus_stop",
        "routeCount": 1,
        "routes": [
          "SD-3"
        ]
      }
    },
    {
      "type": "Feature",
      "id": "stop_nimtala",
      "geometry": {
        "type": "Point",
        "coordinates": [
          88.584969,
          22.507041
        ]
      },
      "properties": {
        "id": "stop_nimtala",
        "name": "Nimtala",
        "category": "bus_stop",
        "routeCount": 2,
        "routes": [
          "SD-3",
          "SD-33"
        ]
      }
    },
    {
      "type": "Feature",
      "id": "stop_saihati",
      "geometry": {
        "type": "Point",
        "coordinates": [
          88.597064,
          22.508078
        ]
      },
      "properties": {
        "id": "stop_saihati",
        "name": "Saihati",
        "category": "bus_stop",
        "routeCount": 1,
        "routes": [
          "SD-3"
        ]
      }
    },
    {
      "type": "Feature",
      "id": "stop_jagulgachi",
      "geometry": {
        "type": "Point",
        "coordinates": [
          88.607315,
          22.508009
        ]
      },
      "properties": {
        "id": "stop_jagulgachi",
        "name": "Jagulgachi",
        "category": "bus_stop",
        "routeCount": 1,
        "routes": [
          "SD-3"
        ]
      }
    },
    {
      "type": "Feature",
      "id": "stop_ghatakpukur",
      "geometry": {
        "type": "Point",
        "coordinates": [
          88.6185,
          22.5085
        ]
      },
      "properties": {
        "id": "stop_ghatakpukur",
        "name": "Ghatakpukur",
        "category": "bus_stop",
        "routeCount": 3,
        "routes": [
          "SD-3",
          "SD-24",
          "DN-16/1"
        ]
      }
    },
    {
      "type": "Feature",
      "id": "stop_palbazar",
      "geometry": {
        "type": "Point",
        "coordinates": [
          88.373868,
          22.495721
        ]
      },
      "properties": {
        "id": "stop_palbazar",
        "name": "Palbazar",
        "category": "bus_stop",
        "routeCount": 1,
        "routes": [
          "SD-4"
        ]
      }
    },
    {
      "type": "Feature",
      "id": "stop_garfa_road",
      "geometry": {
        "type": "Point",
        "coordinates": [
          88.383132,
          22.495279
        ]
      },
      "properties": {
        "id": "stop_garfa_road",
        "name": "Garfa Road",
        "category": "bus_stop",
        "routeCount": 1,
        "routes": [
          "SD-4"
        ]
      }
    },
    {
      "type": "Feature",
      "id": "stop_sonarpur_station",
      "geometry": {
        "type": "Point",
        "coordinates": [
          88.4285,
          22.4415
        ]
      },
      "properties": {
        "id": "stop_sonarpur_station",
        "name": "Sonarpur Station",
        "category": "bus_stop",
        "routeCount": 2,
        "routes": [
          "SD-5",
          "KB-17"
        ]
      }
    },
    {
      "type": "Feature",
      "id": "stop_power_house",
      "geometry": {
        "type": "Point",
        "coordinates": [
          88.422051,
          22.444531
        ]
      },
      "properties": {
        "id": "stop_power_house",
        "name": "Power House",
        "category": "bus_stop",
        "routeCount": 2,
        "routes": [
          "SD-5",
          "KB-17"
        ]
      }
    },
    {
      "type": "Feature",
      "id": "stop_iimc_hospital",
      "geometry": {
        "type": "Point",
        "coordinates": [
          88.417811,
          22.448886
        ]
      },
      "properties": {
        "id": "stop_iimc_hospital",
        "name": "Iimc Hospital",
        "category": "bus_stop",
        "routeCount": 2,
        "routes": [
          "SD-5",
          "KB-17"
        ]
      }
    },
    {
      "type": "Feature",
      "id": "stop_mission_pally",
      "geometry": {
        "type": "Point",
        "coordinates": [
          88.409489,
          22.450794
        ]
      },
      "properties": {
        "id": "stop_mission_pally",
        "name": "Mission Pally",
        "category": "bus_stop",
        "routeCount": 2,
        "routes": [
          "SD-5",
          "KB-17"
        ]
      }
    },
    {
      "type": "Feature",
      "id": "stop_shimultala",
      "geometry": {
        "type": "Point",
        "coordinates": [
          88.4065,
          22.4559
        ]
      },
      "properties": {
        "id": "stop_shimultala",
        "name": "Shimultala",
        "category": "bus_stop",
        "routeCount": 2,
        "routes": [
          "SD-5",
          "KB-17"
        ]
      }
    },
    {
      "type": "Feature",
      "id": "stop_karbala",
      "geometry": {
        "type": "Point",
        "coordinates": [
          88.397739,
          22.457544
        ]
      },
      "properties": {
        "id": "stop_karbala",
        "name": "Karbala",
        "category": "bus_stop",
        "routeCount": 2,
        "routes": [
          "SD-5",
          "KB-17"
        ]
      }
    },
    {
      "type": "Feature",
      "id": "stop_kamalgazi",
      "geometry": {
        "type": "Point",
        "coordinates": [
          88.394311,
          22.462386
        ]
      },
      "properties": {
        "id": "stop_kamalgazi",
        "name": "Kamalgazi",
        "category": "bus_stop",
        "routeCount": 2,
        "routes": [
          "SD-5",
          "KB-17"
        ]
      }
    },
    {
      "type": "Feature",
      "id": "stop_mahamayatala",
      "geometry": {
        "type": "Point",
        "coordinates": [
          88.386801,
          22.464781
        ]
      },
      "properties": {
        "id": "stop_mahamayatala",
        "name": "Mahamayatala",
        "category": "bus_stop",
        "routeCount": 2,
        "routes": [
          "SD-5",
          "KB-17"
        ]
      }
    },
    {
      "type": "Feature",
      "id": "stop_naktala",
      "geometry": {
        "type": "Point",
        "coordinates": [
          88.3685,
          22.4745
        ]
      },
      "properties": {
        "id": "stop_naktala",
        "name": "Naktala",
        "category": "bus_stop",
        "routeCount": 3,
        "routes": [
          "SD-5",
          "S-7",
          "S-7N"
        ]
      }
    },
    {
      "type": "Feature",
      "id": "stop_bansdroni",
      "geometry": {
        "type": "Point",
        "coordinates": [
          88.3595,
          22.4785
        ]
      },
      "properties": {
        "id": "stop_bansdroni",
        "name": "Bansdroni",
        "category": "bus_stop",
        "routeCount": 3,
        "routes": [
          "SD-5",
          "S-7",
          "S-7N"
        ]
      }
    },
    {
      "type": "Feature",
      "id": "stop_bhasha_14no",
      "geometry": {
        "type": "Point",
        "coordinates": [
          88.33,
          22.50025
        ]
      },
      "properties": {
        "id": "stop_bhasha_14no",
        "name": "Bhasha 14no",
        "category": "bus_stop",
        "routeCount": 8,
        "routes": [
          "SD-5",
          "SD-9",
          "SD-14",
          "SD-16",
          "SD-18",
          "SD-19",
          "SD-27",
          "SD-76"
        ]
      }
    },
    {
      "type": "Feature",
      "id": "stop_khariberia",
      "geometry": {
        "type": "Point",
        "coordinates": [
          88.3685,
          22.5638
        ]
      },
      "properties": {
        "id": "stop_khariberia",
        "name": "Khariberia",
        "category": "bus_stop",
        "routeCount": 9,
        "routes": [
          "SD-5",
          "SD-9",
          "SD-14",
          "SD-16",
          "SD-18",
          "SD-19",
          "SD-27",
          "SD-76",
          "Kolkata"
        ]
      }
    },
    {
      "type": "Feature",
      "id": "stop_bibirhat",
      "geometry": {
        "type": "Point",
        "coordinates": [
          88.3315,
          22.5245
        ]
      },
      "properties": {
        "id": "stop_bibirhat",
        "name": "Bibirhat",
        "category": "bus_stop",
        "routeCount": 2,
        "routes": [
          "SD-8",
          "SD-26"
        ]
      }
    },
    {
      "type": "Feature",
      "id": "stop_shamukpota",
      "geometry": {
        "type": "Point",
        "coordinates": [
          88.324618,
          22.509371
        ]
      },
      "properties": {
        "id": "stop_shamukpota",
        "name": "Shamukpota",
        "category": "bus_stop",
        "routeCount": 2,
        "routes": [
          "SD-8",
          "SD-26"
        ]
      }
    },
    {
      "type": "Feature",
      "id": "stop_shamali",
      "geometry": {
        "type": "Point",
        "coordinates": [
          88.320927,
          22.496156
        ]
      },
      "properties": {
        "id": "stop_shamali",
        "name": "Shamali",
        "category": "bus_stop",
        "routeCount": 2,
        "routes": [
          "SD-8",
          "SD-26"
        ]
      }
    },
    {
      "type": "Feature",
      "id": "stop_rasapunja",
      "geometry": {
        "type": "Point",
        "coordinates": [
          88.312073,
          22.479844
        ]
      },
      "properties": {
        "id": "stop_rasapunja",
        "name": "Rasapunja",
        "category": "bus_stop",
        "routeCount": 2,
        "routes": [
          "SD-8",
          "SD-26"
        ]
      }
    },
    {
      "type": "Feature",
      "id": "stop_hanspukur",
      "geometry": {
        "type": "Point",
        "coordinates": [
          88.308382,
          22.466629
        ]
      },
      "properties": {
        "id": "stop_hanspukur",
        "name": "Hanspukur",
        "category": "bus_stop",
        "routeCount": 2,
        "routes": [
          "SD-8",
          "SD-26"
        ]
      }
    },
    {
      "type": "Feature",
      "id": "stop_nandi_bagan",
      "geometry": {
        "type": "Point",
        "coordinates": [
          88.3685,
          22.5638
        ]
      },
      "properties": {
        "id": "stop_nandi_bagan",
        "name": "Nandi Bagan",
        "category": "bus_stop",
        "routeCount": 1,
        "routes": [
          "SD-8"
        ]
      }
    },
    {
      "type": "Feature",
      "id": "stop_noorpur",
      "geometry": {
        "type": "Point",
        "coordinates": [
          88.3315,
          22.5245
        ]
      },
      "properties": {
        "id": "stop_noorpur",
        "name": "Noorpur",
        "category": "bus_stop",
        "routeCount": 3,
        "routes": [
          "SD-9",
          "SD-11",
          "SD-11/1"
        ]
      }
    },
    {
      "type": "Feature",
      "id": "stop_raichak",
      "geometry": {
        "type": "Point",
        "coordinates": [
          88.312618,
          22.488771
        ]
      },
      "properties": {
        "id": "stop_raichak",
        "name": "Raichak",
        "category": "bus_stop",
        "routeCount": 3,
        "routes": [
          "SD-9",
          "SD-11",
          "SD-11/1"
        ]
      }
    },
    {
      "type": "Feature",
      "id": "stop_sarisha",
      "geometry": {
        "type": "Point",
        "coordinates": [
          88.296927,
          22.454956
        ]
      },
      "properties": {
        "id": "stop_sarisha",
        "name": "Sarisha",
        "category": "bus_stop",
        "routeCount": 5,
        "routes": [
          "SD-9",
          "SD-11",
          "SD-11/1",
          "SD-18",
          "SD-19"
        ]
      }
    },
    {
      "type": "Feature",
      "id": "stop_dostipur",
      "geometry": {
        "type": "Point",
        "coordinates": [
          88.276073,
          22.418044
        ]
      },
      "properties": {
        "id": "stop_dostipur",
        "name": "Dostipur",
        "category": "bus_stop",
        "routeCount": 6,
        "routes": [
          "SD-9",
          "SD-14",
          "SD-18",
          "SD-19",
          "SD-27",
          "Kolkata"
        ]
      }
    },
    {
      "type": "Feature",
      "id": "stop_shirakole",
      "geometry": {
        "type": "Point",
        "coordinates": [
          88.2415,
          22.3485
        ]
      },
      "properties": {
        "id": "stop_shirakole",
        "name": "Shirakole",
        "category": "bus_stop",
        "routeCount": 7,
        "routes": [
          "SD-9",
          "SD-14",
          "SD-16",
          "SD-18",
          "SD-19",
          "SD-27",
          "Kolkata"
        ]
      }
    },
    {
      "type": "Feature",
      "id": "stop_amtala",
      "geometry": {
        "type": "Point",
        "coordinates": [
          88.2615,
          22.3785
        ]
      },
      "properties": {
        "id": "stop_amtala",
        "name": "Amtala",
        "category": "bus_stop",
        "routeCount": 9,
        "routes": [
          "SD-9",
          "SD-14",
          "SD-16",
          "SD-18",
          "SD-19",
          "SD-27",
          "SD-29",
          "SD-76",
          "Kolkata"
        ]
      }
    },
    {
      "type": "Feature",
      "id": "stop_bishnupur",
      "geometry": {
        "type": "Point",
        "coordinates": [
          88.268689,
          22.392864
        ]
      },
      "properties": {
        "id": "stop_bishnupur",
        "name": "Bishnupur",
        "category": "bus_stop",
        "routeCount": 7,
        "routes": [
          "SD-9",
          "SD-14",
          "SD-16",
          "SD-18",
          "SD-19",
          "SD-27",
          "SD-76"
        ]
      }
    },
    {
      "type": "Feature",
      "id": "stop_kalagachia",
      "geometry": {
        "type": "Point",
        "coordinates": [
          88.277614,
          22.398044
        ]
      },
      "properties": {
        "id": "stop_kalagachia",
        "name": "Kalagachia",
        "category": "bus_stop",
        "routeCount": 4,
        "routes": [
          "SD-11",
          "SD-11/1",
          "SD-18",
          "SD-19"
        ]
      }
    },
    {
      "type": "Feature",
      "id": "stop_mohanpur",
      "geometry": {
        "type": "Point",
        "coordinates": [
          88.263,
          22.3579
        ]
      },
      "properties": {
        "id": "stop_mohanpur",
        "name": "Mohanpur",
        "category": "bus_stop",
        "routeCount": 5,
        "routes": [
          "SD-11",
          "SD-11/1",
          "SD-18",
          "SD-19",
          "DN-5"
        ]
      }
    },
    {
      "type": "Feature",
      "id": "stop_kapathat",
      "geometry": {
        "type": "Point",
        "coordinates": [
          88.242614,
          22.314294
        ]
      },
      "properties": {
        "id": "stop_kapathat",
        "name": "Kapathat",
        "category": "bus_stop",
        "routeCount": 5,
        "routes": [
          "SD-11",
          "SD-11/1",
          "SD-18",
          "SD-19",
          "Kolkata"
        ]
      }
    },
    {
      "type": "Feature",
      "id": "stop_leninnagar",
      "geometry": {
        "type": "Point",
        "coordinates": [
          88.227561,
          22.273886
        ]
      },
      "properties": {
        "id": "stop_leninnagar",
        "name": "Leninnagar",
        "category": "bus_stop",
        "routeCount": 4,
        "routes": [
          "SD-11",
          "SD-11/1",
          "SD-18",
          "SD-19"
        ]
      }
    },
    {
      "type": "Feature",
      "id": "stop_noongola",
      "geometry": {
        "type": "Point",
        "coordinates": [
          88.208426,
          22.231031
        ]
      },
      "properties": {
        "id": "stop_noongola",
        "name": "Noongola",
        "category": "bus_stop",
        "routeCount": 4,
        "routes": [
          "SD-11",
          "SD-11/1",
          "SD-18",
          "SD-19"
        ]
      }
    },
    {
      "type": "Feature",
      "id": "stop_diamond_harbour",
      "geometry": {
        "type": "Point",
        "coordinates": [
          88.1915,
          22.1895
        ]
      },
      "properties": {
        "id": "stop_diamond_harbour",
        "name": "Diamond Harbour",
        "category": "bus_stop",
        "routeCount": 6,
        "routes": [
          "SD-11",
          "SD-11/1",
          "SD-18",
          "SD-19",
          "SD-50",
          "Kolkata"
        ]
      }
    },
    {
      "type": "Feature",
      "id": "stop_dalanghata",
      "geometry": {
        "type": "Point",
        "coordinates": [
          88.175439,
          22.108614
        ]
      },
      "properties": {
        "id": "stop_dalanghata",
        "name": "Dalanghata",
        "category": "bus_stop",
        "routeCount": 4,
        "routes": [
          "SD-11",
          "SD-11/1",
          "SD-19",
          "SD-50"
        ]
      }
    },
    {
      "type": "Feature",
      "id": "stop_hatugunge",
      "geometry": {
        "type": "Point",
        "coordinates": [
          88.163,
          22.0299
        ]
      },
      "properties": {
        "id": "stop_hatugunge",
        "name": "Hatugunge",
        "category": "bus_stop",
        "routeCount": 4,
        "routes": [
          "SD-11",
          "SD-11/1",
          "SD-19",
          "SD-50"
        ]
      }
    },
    {
      "type": "Feature",
      "id": "stop_uttar_chandipur",
      "geometry": {
        "type": "Point",
        "coordinates": [
          88.145439,
          21.948114
        ]
      },
      "properties": {
        "id": "stop_uttar_chandipur",
        "name": "Uttar Chandipur",
        "category": "bus_stop",
        "routeCount": 4,
        "routes": [
          "SD-11",
          "SD-11/1",
          "SD-19",
          "SD-50"
        ]
      }
    },
    {
      "type": "Feature",
      "id": "stop_kachuberia",
      "geometry": {
        "type": "Point",
        "coordinates": [
          88.1315,
          21.8685
        ]
      },
      "properties": {
        "id": "stop_kachuberia",
        "name": "Kachuberia",
        "category": "bus_stop",
        "routeCount": 4,
        "routes": [
          "SD-11",
          "SD-11/1",
          "SD-19",
          "SD-50"
        ]
      }
    },
    {
      "type": "Feature",
      "id": "stop_kulpi",
      "geometry": {
        "type": "Point",
        "coordinates": [
          88.2415,
          22.0785
        ]
      },
      "properties": {
        "id": "stop_kulpi",
        "name": "Kulpi",
        "category": "bus_stop",
        "routeCount": 5,
        "routes": [
          "SD-11",
          "SD-11/1",
          "SD-19",
          "SD-50",
          "Kolkata"
        ]
      }
    },
    {
      "type": "Feature",
      "id": "stop_dakshin_ramkrishnapur",
      "geometry": {
        "type": "Point",
        "coordinates": [
          88.234301,
          22.053156
        ]
      },
      "properties": {
        "id": "stop_dakshin_ramkrishnapur",
        "name": "Dakshin Ramkrishnapur",
        "category": "bus_stop",
        "routeCount": 3,
        "routes": [
          "SD-11",
          "SD-19",
          "SD-50"
        ]
      }
    },
    {
      "type": "Feature",
      "id": "stop_chakdulalpur",
      "geometry": {
        "type": "Point",
        "coordinates": [
          88.229311,
          22.029136
        ]
      },
      "properties": {
        "id": "stop_chakdulalpur",
        "name": "Chakdulalpur",
        "category": "bus_stop",
        "routeCount": 3,
        "routes": [
          "SD-11",
          "SD-19",
          "SD-50"
        ]
      }
    },
    {
      "type": "Feature",
      "id": "stop_karanjali",
      "geometry": {
        "type": "Point",
        "coordinates": [
          88.220239,
          22.002669
        ]
      },
      "properties": {
        "id": "stop_karanjali",
        "name": "Karanjali",
        "category": "bus_stop",
        "routeCount": 4,
        "routes": [
          "SD-11",
          "SD-19",
          "SD-50",
          "Kolkata"
        ]
      }
    },
    {
      "type": "Feature",
      "id": "stop_ongc",
      "geometry": {
        "type": "Point",
        "coordinates": [
          88.202811,
          21.929136
        ]
      },
      "properties": {
        "id": "stop_ongc",
        "name": "ONGC",
        "category": "bus_stop",
        "routeCount": 3,
        "routes": [
          "SD-11",
          "SD-19",
          "SD-50"
        ]
      }
    },
    {
      "type": "Feature",
      "id": "stop_kakdwip_station",
      "geometry": {
        "type": "Point",
        "coordinates": [
          88.1885,
          21.8785
        ]
      },
      "properties": {
        "id": "stop_kakdwip_station",
        "name": "Kakdwip Station",
        "category": "bus_stop",
        "routeCount": 3,
        "routes": [
          "SD-11",
          "SD-19",
          "SD-50"
        ]
      }
    },
    {
      "type": "Feature",
      "id": "stop_kakdwip_bus_stand",
      "geometry": {
        "type": "Point",
        "coordinates": [
          88.1885,
          21.8785
        ]
      },
      "properties": {
        "id": "stop_kakdwip_bus_stand",
        "name": "Kakdwip Bus Stand",
        "category": "bus_stop",
        "routeCount": 4,
        "routes": [
          "SD-11",
          "SD-19",
          "SD-50",
          "SD-94"
        ]
      }
    },
    {
      "type": "Feature",
      "id": "stop_kajoler",
      "geometry": {
        "type": "Point",
        "coordinates": [
          88.252,
          22.2096
        ]
      },
      "properties": {
        "id": "stop_kajoler",
        "name": "Kajoler",
        "category": "bus_stop",
        "routeCount": 3,
        "routes": [
          "SD-11",
          "SD-19",
          "SD-50"
        ]
      }
    },
    {
      "type": "Feature",
      "id": "stop_hospital",
      "geometry": {
        "type": "Point",
        "coordinates": [
          88.3185,
          22.5425
        ]
      },
      "properties": {
        "id": "stop_hospital",
        "name": "Hospital",
        "category": "bus_stop",
        "routeCount": 3,
        "routes": [
          "SD-11",
          "SD-19",
          "SD-50"
        ]
      }
    },
    {
      "type": "Feature",
      "id": "stop_gangadharpur",
      "geometry": {
        "type": "Point",
        "coordinates": [
          88.325689,
          22.353364
        ]
      },
      "properties": {
        "id": "stop_gangadharpur",
        "name": "Gangadharpur",
        "category": "bus_stop",
        "routeCount": 3,
        "routes": [
          "SD-11",
          "SD-19",
          "SD-50"
        ]
      }
    },
    {
      "type": "Feature",
      "id": "stop_addhabazar",
      "geometry": {
        "type": "Point",
        "coordinates": [
          88.3365,
          22.1664
        ]
      },
      "properties": {
        "id": "stop_addhabazar",
        "name": "Addhabazar",
        "category": "bus_stop",
        "routeCount": 3,
        "routes": [
          "SD-11",
          "SD-19",
          "SD-50"
        ]
      }
    },
    {
      "type": "Feature",
      "id": "stop_milan",
      "geometry": {
        "type": "Point",
        "coordinates": [
          88.342189,
          21.976364
        ]
      },
      "properties": {
        "id": "stop_milan",
        "name": "Milan",
        "category": "bus_stop",
        "routeCount": 4,
        "routes": [
          "SD-11",
          "SD-11/1",
          "SD-19",
          "SD-50"
        ]
      }
    },
    {
      "type": "Feature",
      "id": "stop_patharpratima",
      "geometry": {
        "type": "Point",
        "coordinates": [
          88.3515,
          21.7885
        ]
      },
      "properties": {
        "id": "stop_patharpratima",
        "name": "Patharpratima",
        "category": "bus_stop",
        "routeCount": 3,
        "routes": [
          "SD-11",
          "SD-19",
          "SD-50"
        ]
      }
    },
    {
      "type": "Feature",
      "id": "stop_tantirhat",
      "geometry": {
        "type": "Point",
        "coordinates": [
          88.247383,
          22.064029
        ]
      },
      "properties": {
        "id": "stop_tantirhat",
        "name": "Tantirhat",
        "category": "bus_stop",
        "routeCount": 1,
        "routes": [
          "SD-11/1"
        ]
      }
    },
    {
      "type": "Feature",
      "id": "stop_dayarampur_bazar",
      "geometry": {
        "type": "Point",
        "coordinates": [
          88.254079,
          22.050047
        ]
      },
      "properties": {
        "id": "stop_dayarampur_bazar",
        "name": "Dayarampur Bazar",
        "category": "bus_stop",
        "routeCount": 1,
        "routes": [
          "SD-11/1"
        ]
      }
    },
    {
      "type": "Feature",
      "id": "stop_lakshmikantapur_station",
      "geometry": {
        "type": "Point",
        "coordinates": [
          88.259163,
          22.035098
        ]
      },
      "properties": {
        "id": "stop_lakshmikantapur_station",
        "name": "Lakshmikantapur Station",
        "category": "bus_stop",
        "routeCount": 1,
        "routes": [
          "SD-11/1"
        ]
      }
    },
    {
      "type": "Feature",
      "id": "stop_polerhat",
      "geometry": {
        "type": "Point",
        "coordinates": [
          88.266627,
          22.021577
        ]
      },
      "properties": {
        "id": "stop_polerhat",
        "name": "Polerhat",
        "category": "bus_stop",
        "routeCount": 1,
        "routes": [
          "SD-11/1"
        ]
      }
    },
    {
      "type": "Feature",
      "id": "stop_gabberia",
      "geometry": {
        "type": "Point",
        "coordinates": [
          88.270988,
          22.006193
        ]
      },
      "properties": {
        "id": "stop_gabberia",
        "name": "Gabberia",
        "category": "bus_stop",
        "routeCount": 1,
        "routes": [
          "SD-11/1"
        ]
      }
    },
    {
      "type": "Feature",
      "id": "stop_bhagabatipur",
      "geometry": {
        "type": "Point",
        "coordinates": [
          88.279118,
          21.993071
        ]
      },
      "properties": {
        "id": "stop_bhagabatipur",
        "name": "Bhagabatipur",
        "category": "bus_stop",
        "routeCount": 1,
        "routes": [
          "SD-11/1"
        ]
      }
    },
    {
      "type": "Feature",
      "id": "stop_siddhiberia",
      "geometry": {
        "type": "Point",
        "coordinates": [
          88.282884,
          21.97733
        ]
      },
      "properties": {
        "id": "stop_siddhiberia",
        "name": "Siddhiberia",
        "category": "bus_stop",
        "routeCount": 1,
        "routes": [
          "SD-11/1"
        ]
      }
    },
    {
      "type": "Feature",
      "id": "stop_patharberia",
      "geometry": {
        "type": "Point",
        "coordinates": [
          88.291528,
          21.964516
        ]
      },
      "properties": {
        "id": "stop_patharberia",
        "name": "Patharberia",
        "category": "bus_stop",
        "routeCount": 1,
        "routes": [
          "SD-11/1"
        ]
      }
    },
    {
      "type": "Feature",
      "id": "stop_jamalpur",
      "geometry": {
        "type": "Point",
        "coordinates": [
          88.29487,
          21.948522
        ]
      },
      "properties": {
        "id": "stop_jamalpur",
        "name": "Jamalpur",
        "category": "bus_stop",
        "routeCount": 1,
        "routes": [
          "SD-11/1"
        ]
      }
    },
    {
      "type": "Feature",
      "id": "stop_jagadishpur_hospital",
      "geometry": {
        "type": "Point",
        "coordinates": [
          88.303839,
          21.935903
        ]
      },
      "properties": {
        "id": "stop_jagadishpur_hospital",
        "name": "Jagadishpur Hospital",
        "category": "bus_stop",
        "routeCount": 1,
        "routes": [
          "SD-11/1"
        ]
      }
    },
    {
      "type": "Feature",
      "id": "stop_dholahat",
      "geometry": {
        "type": "Point",
        "coordinates": [
          88.30696,
          21.919776
        ]
      },
      "properties": {
        "id": "stop_dholahat",
        "name": "Dholahat",
        "category": "bus_stop",
        "routeCount": 1,
        "routes": [
          "SD-11/1"
        ]
      }
    },
    {
      "type": "Feature",
      "id": "stop_dakshin_birampur",
      "geometry": {
        "type": "Point",
        "coordinates": [
          88.31604,
          21.907224
        ]
      },
      "properties": {
        "id": "stop_dakshin_birampur",
        "name": "Dakshin Birampur",
        "category": "bus_stop",
        "routeCount": 1,
        "routes": [
          "SD-11/1"
        ]
      }
    },
    {
      "type": "Feature",
      "id": "stop_chowdhury_chak",
      "geometry": {
        "type": "Point",
        "coordinates": [
          88.32813,
          21.878478
        ]
      },
      "properties": {
        "id": "stop_chowdhury_chak",
        "name": "Chowdhury Chak",
        "category": "bus_stop",
        "routeCount": 1,
        "routes": [
          "SD-11/1"
        ]
      }
    },
    {
      "type": "Feature",
      "id": "stop_sarasberia",
      "geometry": {
        "type": "Point",
        "coordinates": [
          88.331472,
          21.862484
        ]
      },
      "properties": {
        "id": "stop_sarasberia",
        "name": "Sarasberia",
        "category": "bus_stop",
        "routeCount": 1,
        "routes": [
          "SD-11/1"
        ]
      }
    },
    {
      "type": "Feature",
      "id": "stop_brahmaner",
      "geometry": {
        "type": "Point",
        "coordinates": [
          88.340116,
          21.84967
        ]
      },
      "properties": {
        "id": "stop_brahmaner",
        "name": "Brahmaner",
        "category": "bus_stop",
        "routeCount": 1,
        "routes": [
          "SD-11/1"
        ]
      }
    },
    {
      "type": "Feature",
      "id": "stop_gurudaspur_hospital",
      "geometry": {
        "type": "Point",
        "coordinates": [
          88.356373,
          21.805423
        ]
      },
      "properties": {
        "id": "stop_gurudaspur_hospital",
        "name": "Gurudaspur Hospital",
        "category": "bus_stop",
        "routeCount": 1,
        "routes": [
          "SD-11/1"
        ]
      }
    },
    {
      "type": "Feature",
      "id": "stop_tentulia_bazar",
      "geometry": {
        "type": "Point",
        "coordinates": [
          88.363837,
          21.791902
        ]
      },
      "properties": {
        "id": "stop_tentulia_bazar",
        "name": "Tentulia Bazar",
        "category": "bus_stop",
        "routeCount": 1,
        "routes": [
          "SD-11/1"
        ]
      }
    },
    {
      "type": "Feature",
      "id": "stop_jashoda",
      "geometry": {
        "type": "Point",
        "coordinates": [
          88.368921,
          21.776953
        ]
      },
      "properties": {
        "id": "stop_jashoda",
        "name": "Jashoda",
        "category": "bus_stop",
        "routeCount": 1,
        "routes": [
          "SD-11/1"
        ]
      }
    },
    {
      "type": "Feature",
      "id": "stop_indranarayanpur",
      "geometry": {
        "type": "Point",
        "coordinates": [
          88.375617,
          21.762971
        ]
      },
      "properties": {
        "id": "stop_indranarayanpur",
        "name": "Indranarayanpur",
        "category": "bus_stop",
        "routeCount": 1,
        "routes": [
          "SD-11/1"
        ]
      }
    },
    {
      "type": "Feature",
      "id": "stop_ramganga_bdo_office",
      "geometry": {
        "type": "Point",
        "coordinates": [
          88.3815,
          21.7485
        ]
      },
      "properties": {
        "id": "stop_ramganga_bdo_office",
        "name": "Ramganga Bdo Office",
        "category": "bus_stop",
        "routeCount": 1,
        "routes": [
          "SD-11/1"
        ]
      }
    },
    {
      "type": "Feature",
      "id": "stop_dhrubabazar",
      "geometry": {
        "type": "Point",
        "coordinates": [
          88.38,
          21.7476
        ]
      },
      "properties": {
        "id": "stop_dhrubabazar",
        "name": "Dhrubabazar",
        "category": "bus_stop",
        "routeCount": 1,
        "routes": [
          "SD-11/1"
        ]
      }
    },
    {
      "type": "Feature",
      "id": "stop_ramganga",
      "geometry": {
        "type": "Point",
        "coordinates": [
          88.3815,
          21.7485
        ]
      },
      "properties": {
        "id": "stop_ramganga",
        "name": "Ramganga",
        "category": "bus_stop",
        "routeCount": 1,
        "routes": [
          "SD-11/1"
        ]
      }
    },
    {
      "type": "Feature",
      "id": "stop_sahararhat",
      "geometry": {
        "type": "Point",
        "coordinates": [
          88.3315,
          22.5245
        ]
      },
      "properties": {
        "id": "stop_sahararhat",
        "name": "Sahararhat",
        "category": "bus_stop",
        "routeCount": 2,
        "routes": [
          "SD-14",
          "SD-30"
        ]
      }
    },
    {
      "type": "Feature",
      "id": "stop_belsingha",
      "geometry": {
        "type": "Point",
        "coordinates": [
          88.31575,
          22.494717
        ]
      },
      "properties": {
        "id": "stop_belsingha",
        "name": "Belsingha",
        "category": "bus_stop",
        "routeCount": 1,
        "routes": [
          "SD-14"
        ]
      }
    },
    {
      "type": "Feature",
      "id": "stop_harindanga",
      "geometry": {
        "type": "Point",
        "coordinates": [
          88.302799,
          22.466612
        ]
      },
      "properties": {
        "id": "stop_harindanga",
        "name": "Harindanga",
        "category": "bus_stop",
        "routeCount": 1,
        "routes": [
          "SD-14"
        ]
      }
    },
    {
      "type": "Feature",
      "id": "stop_dighirpar",
      "geometry": {
        "type": "Point",
        "coordinates": [
          88.285,
          22.4356
        ]
      },
      "properties": {
        "id": "stop_dighirpar",
        "name": "Dighirpar",
        "category": "bus_stop",
        "routeCount": 1,
        "routes": [
          "SD-14"
        ]
      }
    },
    {
      "type": "Feature",
      "id": "stop_chowbaga",
      "geometry": {
        "type": "Point",
        "coordinates": [
          88.4185,
          22.5385
        ]
      },
      "properties": {
        "id": "stop_chowbaga",
        "name": "Chowbaga",
        "category": "bus_stop",
        "routeCount": 3,
        "routes": [
          "SD-24",
          "DN-16/1",
          "KB-21"
        ]
      }
    },
    {
      "type": "Feature",
      "id": "stop_bantala_bazar",
      "geometry": {
        "type": "Point",
        "coordinates": [
          88.4515,
          22.5285
        ]
      },
      "properties": {
        "id": "stop_bantala_bazar",
        "name": "Bantala Bazar",
        "category": "bus_stop",
        "routeCount": 3,
        "routes": [
          "SD-24",
          "DN-16/1",
          "KB-21"
        ]
      }
    },
    {
      "type": "Feature",
      "id": "stop_leather_complex",
      "geometry": {
        "type": "Point",
        "coordinates": [
          88.4715,
          22.5185
        ]
      },
      "properties": {
        "id": "stop_leather_complex",
        "name": "Leather Complex",
        "category": "bus_stop",
        "routeCount": 3,
        "routes": [
          "SD-24",
          "DN-16/1",
          "KB-21"
        ]
      }
    },
    {
      "type": "Feature",
      "id": "stop_kantatala",
      "geometry": {
        "type": "Point",
        "coordinates": [
          88.49525,
          22.516383
        ]
      },
      "properties": {
        "id": "stop_kantatala",
        "name": "Kantatala",
        "category": "bus_stop",
        "routeCount": 2,
        "routes": [
          "SD-24",
          "DN-16/1"
        ]
      }
    },
    {
      "type": "Feature",
      "id": "stop_bhojerhat",
      "geometry": {
        "type": "Point",
        "coordinates": [
          88.521799,
          22.515946
        ]
      },
      "properties": {
        "id": "stop_bhojerhat",
        "name": "Bhojerhat",
        "category": "bus_stop",
        "routeCount": 2,
        "routes": [
          "SD-24",
          "DN-16/1"
        ]
      }
    },
    {
      "type": "Feature",
      "id": "stop_paglarhat",
      "geometry": {
        "type": "Point",
        "coordinates": [
          88.5435,
          22.5126
        ]
      },
      "properties": {
        "id": "stop_paglarhat",
        "name": "Paglarhat",
        "category": "bus_stop",
        "routeCount": 2,
        "routes": [
          "SD-24",
          "DN-16/1"
        ]
      }
    },
    {
      "type": "Feature",
      "id": "stop_boralighat",
      "geometry": {
        "type": "Point",
        "coordinates": [
          88.570799,
          22.512612
        ]
      },
      "properties": {
        "id": "stop_boralighat",
        "name": "Boralighat",
        "category": "bus_stop",
        "routeCount": 2,
        "routes": [
          "SD-24",
          "DN-16/1"
        ]
      }
    },
    {
      "type": "Feature",
      "id": "stop_nalmuri",
      "geometry": {
        "type": "Point",
        "coordinates": [
          88.59325,
          22.509717
        ]
      },
      "properties": {
        "id": "stop_nalmuri",
        "name": "Nalmuri",
        "category": "bus_stop",
        "routeCount": 2,
        "routes": [
          "SD-24",
          "DN-16/1"
        ]
      }
    },
    {
      "type": "Feature",
      "id": "stop_bamunia",
      "geometry": {
        "type": "Point",
        "coordinates": [
          88.630706,
          22.506681
        ]
      },
      "properties": {
        "id": "stop_bamunia",
        "name": "Bamunia",
        "category": "bus_stop",
        "routeCount": 2,
        "routes": [
          "SD-24",
          "DN-16/1"
        ]
      }
    },
    {
      "type": "Feature",
      "id": "stop_chandipur",
      "geometry": {
        "type": "Point",
        "coordinates": [
          88.645387,
          22.506347
        ]
      },
      "properties": {
        "id": "stop_chandipur",
        "name": "Chandipur",
        "category": "bus_stop",
        "routeCount": 3,
        "routes": [
          "SD-24",
          "DN-16/1",
          "DN-35"
        ]
      }
    },
    {
      "type": "Feature",
      "id": "stop_ghoshpur",
      "geometry": {
        "type": "Point",
        "coordinates": [
          88.655609,
          22.503337
        ]
      },
      "properties": {
        "id": "stop_ghoshpur",
        "name": "Ghoshpur",
        "category": "bus_stop",
        "routeCount": 2,
        "routes": [
          "SD-24",
          "DN-16/1"
        ]
      }
    },
    {
      "type": "Feature",
      "id": "stop_ghushighata",
      "geometry": {
        "type": "Point",
        "coordinates": [
          88.671391,
          22.503663
        ]
      },
      "properties": {
        "id": "stop_ghushighata",
        "name": "Ghushighata",
        "category": "bus_stop",
        "routeCount": 2,
        "routes": [
          "SD-24",
          "DN-16/1"
        ]
      }
    },
    {
      "type": "Feature",
      "id": "stop_bamanpukur",
      "geometry": {
        "type": "Point",
        "coordinates": [
          88.681613,
          22.500653
        ]
      },
      "properties": {
        "id": "stop_bamanpukur",
        "name": "Bamanpukur",
        "category": "bus_stop",
        "routeCount": 2,
        "routes": [
          "SD-24",
          "DN-16/1"
        ]
      }
    },
    {
      "type": "Feature",
      "id": "stop_kushangra",
      "geometry": {
        "type": "Point",
        "coordinates": [
          88.696294,
          22.500319
        ]
      },
      "properties": {
        "id": "stop_kushangra",
        "name": "Kushangra",
        "category": "bus_stop",
        "routeCount": 2,
        "routes": [
          "SD-24",
          "DN-16/1"
        ]
      }
    },
    {
      "type": "Feature",
      "id": "stop_minakhan",
      "geometry": {
        "type": "Point",
        "coordinates": [
          88.7085,
          22.4985
        ]
      },
      "properties": {
        "id": "stop_minakhan",
        "name": "Minakhan",
        "category": "bus_stop",
        "routeCount": 2,
        "routes": [
          "SD-24",
          "DN-16/1"
        ]
      }
    },
    {
      "type": "Feature",
      "id": "stop_joygram",
      "geometry": {
        "type": "Point",
        "coordinates": [
          88.732,
          22.4926
        ]
      },
      "properties": {
        "id": "stop_joygram",
        "name": "Joygram",
        "category": "bus_stop",
        "routeCount": 2,
        "routes": [
          "SD-24",
          "DN-16/1"
        ]
      }
    },
    {
      "type": "Feature",
      "id": "stop_malancha",
      "geometry": {
        "type": "Point",
        "coordinates": [
          88.7585,
          22.4885
        ]
      },
      "properties": {
        "id": "stop_malancha",
        "name": "Malancha",
        "category": "bus_stop",
        "routeCount": 2,
        "routes": [
          "SD-24",
          "DN-16/1"
        ]
      }
    },
    {
      "type": "Feature",
      "id": "stop_boyermari",
      "geometry": {
        "type": "Point",
        "coordinates": [
          88.755309,
          22.467586
        ]
      },
      "properties": {
        "id": "stop_boyermari",
        "name": "Boyermari",
        "category": "bus_stop",
        "routeCount": 2,
        "routes": [
          "SD-24",
          "DN-16/1"
        ]
      }
    },
    {
      "type": "Feature",
      "id": "stop_agarhati",
      "geometry": {
        "type": "Point",
        "coordinates": [
          88.753437,
          22.447461
        ]
      },
      "properties": {
        "id": "stop_agarhati",
        "name": "Agarhati",
        "category": "bus_stop",
        "routeCount": 2,
        "routes": [
          "SD-24",
          "DN-16/1"
        ]
      }
    },
    {
      "type": "Feature",
      "id": "stop_sarberia",
      "geometry": {
        "type": "Point",
        "coordinates": [
          88.748994,
          22.425796
        ]
      },
      "properties": {
        "id": "stop_sarberia",
        "name": "Sarberia",
        "category": "bus_stop",
        "routeCount": 3,
        "routes": [
          "SD-24",
          "SD-85",
          "DN-16/1"
        ]
      }
    },
    {
      "type": "Feature",
      "id": "stop_gabbuni",
      "geometry": {
        "type": "Point",
        "coordinates": [
          88.748244,
          22.406347
        ]
      },
      "properties": {
        "id": "stop_gabbuni",
        "name": "Gabbuni",
        "category": "bus_stop",
        "routeCount": 2,
        "routes": [
          "SD-24",
          "SD-85"
        ]
      }
    },
    {
      "type": "Feature",
      "id": "stop_charabidya",
      "geometry": {
        "type": "Point",
        "coordinates": [
          88.742863,
          22.384118
        ]
      },
      "properties": {
        "id": "stop_charabidya",
        "name": "Charabidya",
        "category": "bus_stop",
        "routeCount": 2,
        "routes": [
          "SD-24",
          "SD-85"
        ]
      }
    },
    {
      "type": "Feature",
      "id": "stop_atharobanki",
      "geometry": {
        "type": "Point",
        "coordinates": [
          88.742819,
          22.365091
        ]
      },
      "properties": {
        "id": "stop_atharobanki",
        "name": "Atharobanki",
        "category": "bus_stop",
        "routeCount": 2,
        "routes": [
          "SD-24",
          "SD-85"
        ]
      }
    },
    {
      "type": "Feature",
      "id": "stop_dhuri_bazar",
      "geometry": {
        "type": "Point",
        "coordinates": [
          88.737,
          22.3426
        ]
      },
      "properties": {
        "id": "stop_dhuri_bazar",
        "name": "Dhuri Bazar",
        "category": "bus_stop",
        "routeCount": 2,
        "routes": [
          "SD-24",
          "SD-85"
        ]
      }
    },
    {
      "type": "Feature",
      "id": "stop_amjhara",
      "geometry": {
        "type": "Point",
        "coordinates": [
          88.737105,
          22.323663
        ]
      },
      "properties": {
        "id": "stop_amjhara",
        "name": "Amjhara",
        "category": "bus_stop",
        "routeCount": 2,
        "routes": [
          "SD-24",
          "SD-85"
        ]
      }
    },
    {
      "type": "Feature",
      "id": "stop_kanthalberia",
      "geometry": {
        "type": "Point",
        "coordinates": [
          88.731435,
          22.30126
        ]
      },
      "properties": {
        "id": "stop_kanthalberia",
        "name": "Kanthalberia",
        "category": "bus_stop",
        "routeCount": 5,
        "routes": [
          "SD-24",
          "SD-33",
          "SD-63",
          "SD-64",
          "SD-85"
        ]
      }
    },
    {
      "type": "Feature",
      "id": "stop_kaltala",
      "geometry": {
        "type": "Point",
        "coordinates": [
          88.731102,
          22.282061
        ]
      },
      "properties": {
        "id": "stop_kaltala",
        "name": "Kaltala",
        "category": "bus_stop",
        "routeCount": 4,
        "routes": [
          "SD-24",
          "SD-33",
          "SD-63",
          "SD-64"
        ]
      }
    },
    {
      "type": "Feature",
      "id": "stop_bhangankhali",
      "geometry": {
        "type": "Point",
        "coordinates": [
          88.726136,
          22.260082
        ]
      },
      "properties": {
        "id": "stop_bhangankhali",
        "name": "Bhangankhali",
        "category": "bus_stop",
        "routeCount": 3,
        "routes": [
          "SD-24",
          "SD-33",
          "SD-63"
        ]
      }
    },
    {
      "type": "Feature",
      "id": "stop_narayantala",
      "geometry": {
        "type": "Point",
        "coordinates": [
          88.724865,
          22.240319
        ]
      },
      "properties": {
        "id": "stop_narayantala",
        "name": "Narayantala",
        "category": "bus_stop",
        "routeCount": 3,
        "routes": [
          "SD-24",
          "SD-33",
          "SD-63"
        ]
      }
    },
    {
      "type": "Feature",
      "id": "stop_kultali_bazar",
      "geometry": {
        "type": "Point",
        "coordinates": [
          88.721023,
          22.219014
        ]
      },
      "properties": {
        "id": "stop_kultali_bazar",
        "name": "Kultali Bazar",
        "category": "bus_stop",
        "routeCount": 1,
        "routes": [
          "SD-24"
        ]
      }
    },
    {
      "type": "Feature",
      "id": "stop_uttar_sonakhali",
      "geometry": {
        "type": "Point",
        "coordinates": [
          88.7185,
          22.1985
        ]
      },
      "properties": {
        "id": "stop_uttar_sonakhali",
        "name": "Uttar Sonakhali",
        "category": "bus_stop",
        "routeCount": 3,
        "routes": [
          "SD-24",
          "SD-33",
          "SD-63"
        ]
      }
    },
    {
      "type": "Feature",
      "id": "stop_sonakhali",
      "geometry": {
        "type": "Point",
        "coordinates": [
          88.7185,
          22.1985
        ]
      },
      "properties": {
        "id": "stop_sonakhali",
        "name": "Sonakhali",
        "category": "bus_stop",
        "routeCount": 1,
        "routes": [
          "SD-24"
        ]
      }
    },
    {
      "type": "Feature",
      "id": "stop_burul",
      "geometry": {
        "type": "Point",
        "coordinates": [
          88.3315,
          22.5245
        ]
      },
      "properties": {
        "id": "stop_burul",
        "name": "Burul",
        "category": "bus_stop",
        "routeCount": 1,
        "routes": [
          "SD-26"
        ]
      }
    },
    {
      "type": "Feature",
      "id": "stop_burul_bazar",
      "geometry": {
        "type": "Point",
        "coordinates": [
          88.328612,
          22.518184
        ]
      },
      "properties": {
        "id": "stop_burul_bazar",
        "name": "Burul Bazar",
        "category": "bus_stop",
        "routeCount": 1,
        "routes": [
          "SD-26"
        ]
      }
    },
    {
      "type": "Feature",
      "id": "stop_chandua_bazar",
      "geometry": {
        "type": "Point",
        "coordinates": [
          88.32725,
          22.512783
        ]
      },
      "properties": {
        "id": "stop_chandua_bazar",
        "name": "Chandua Bazar",
        "category": "bus_stop",
        "routeCount": 1,
        "routes": [
          "SD-26"
        ]
      }
    },
    {
      "type": "Feature",
      "id": "stop_bisalakshmitala",
      "geometry": {
        "type": "Point",
        "coordinates": [
          88.322939,
          22.505614
        ]
      },
      "properties": {
        "id": "stop_bisalakshmitala",
        "name": "Bisalakshmitala",
        "category": "bus_stop",
        "routeCount": 2,
        "routes": [
          "SD-26",
          "SD-30"
        ]
      }
    },
    {
      "type": "Feature",
      "id": "stop_dongaria",
      "geometry": {
        "type": "Point",
        "coordinates": [
          88.322799,
          22.500946
        ]
      },
      "properties": {
        "id": "stop_dongaria",
        "name": "Dongaria",
        "category": "bus_stop",
        "routeCount": 2,
        "routes": [
          "SD-26",
          "SD-30"
        ]
      }
    },
    {
      "type": "Feature",
      "id": "stop_nodakhali",
      "geometry": {
        "type": "Point",
        "coordinates": [
          88.317551,
          22.493214
        ]
      },
      "properties": {
        "id": "stop_nodakhali",
        "name": "Nodakhali",
        "category": "bus_stop",
        "routeCount": 1,
        "routes": [
          "SD-26"
        ]
      }
    },
    {
      "type": "Feature",
      "id": "stop_bakhrahat",
      "geometry": {
        "type": "Point",
        "coordinates": [
          88.318,
          22.4889
        ]
      },
      "properties": {
        "id": "stop_bakhrahat",
        "name": "Bakhrahat",
        "category": "bus_stop",
        "routeCount": 1,
        "routes": [
          "SD-26"
        ]
      }
    },
    {
      "type": "Feature",
      "id": "stop_mashat_market",
      "geometry": {
        "type": "Point",
        "coordinates": [
          88.312618,
          22.488771
        ]
      },
      "properties": {
        "id": "stop_mashat_market",
        "name": "Mashat Market",
        "category": "bus_stop",
        "routeCount": 1,
        "routes": [
          "SD-27"
        ]
      }
    },
    {
      "type": "Feature",
      "id": "stop_usthi",
      "geometry": {
        "type": "Point",
        "coordinates": [
          88.296927,
          22.454956
        ]
      },
      "properties": {
        "id": "stop_usthi",
        "name": "Usthi",
        "category": "bus_stop",
        "routeCount": 1,
        "routes": [
          "SD-27"
        ]
      }
    },
    {
      "type": "Feature",
      "id": "stop_adharmanik",
      "geometry": {
        "type": "Point",
        "coordinates": [
          88.276073,
          22.418044
        ]
      },
      "properties": {
        "id": "stop_adharmanik",
        "name": "Adharmanik",
        "category": "bus_stop",
        "routeCount": 1,
        "routes": [
          "SD-27"
        ]
      }
    },
    {
      "type": "Feature",
      "id": "stop_bagaria",
      "geometry": {
        "type": "Point",
        "coordinates": [
          88.260382,
          22.384229
        ]
      },
      "properties": {
        "id": "stop_bagaria",
        "name": "Bagaria",
        "category": "bus_stop",
        "routeCount": 1,
        "routes": [
          "SD-27"
        ]
      }
    },
    {
      "type": "Feature",
      "id": "stop_pirtala",
      "geometry": {
        "type": "Point",
        "coordinates": [
          88.278736,
          22.376222
        ]
      },
      "properties": {
        "id": "stop_pirtala",
        "name": "Pirtala",
        "category": "bus_stop",
        "routeCount": 1,
        "routes": [
          "SD-29"
        ]
      }
    },
    {
      "type": "Feature",
      "id": "stop_ghatur",
      "geometry": {
        "type": "Point",
        "coordinates": [
          88.297782,
          22.375029
        ]
      },
      "properties": {
        "id": "stop_ghatur",
        "name": "Ghatur",
        "category": "bus_stop",
        "routeCount": 1,
        "routes": [
          "SD-29"
        ]
      }
    },
    {
      "type": "Feature",
      "id": "stop_gobra",
      "geometry": {
        "type": "Point",
        "coordinates": [
          88.313386,
          22.371772
        ]
      },
      "properties": {
        "id": "stop_gobra",
        "name": "Gobra",
        "category": "bus_stop",
        "routeCount": 1,
        "routes": [
          "SD-29"
        ]
      }
    },
    {
      "type": "Feature",
      "id": "stop_jalilpur",
      "geometry": {
        "type": "Point",
        "coordinates": [
          88.333727,
          22.371356
        ]
      },
      "properties": {
        "id": "stop_jalilpur",
        "name": "Jalilpur",
        "category": "bus_stop",
        "routeCount": 1,
        "routes": [
          "SD-29"
        ]
      }
    },
    {
      "type": "Feature",
      "id": "stop_balakhali",
      "geometry": {
        "type": "Point",
        "coordinates": [
          88.3485,
          22.3676
        ]
      },
      "properties": {
        "id": "stop_balakhali",
        "name": "Balakhali",
        "category": "bus_stop",
        "routeCount": 1,
        "routes": [
          "SD-29"
        ]
      }
    },
    {
      "type": "Feature",
      "id": "stop_dhopagachi",
      "geometry": {
        "type": "Point",
        "coordinates": [
          88.384186,
          22.363772
        ]
      },
      "properties": {
        "id": "stop_dhopagachi",
        "name": "Dhopagachi",
        "category": "bus_stop",
        "routeCount": 1,
        "routes": [
          "SD-29"
        ]
      }
    },
    {
      "type": "Feature",
      "id": "stop_kalyanpur_panchayat",
      "geometry": {
        "type": "Point",
        "coordinates": [
          88.403982,
          22.363029
        ]
      },
      "properties": {
        "id": "stop_kalyanpur_panchayat",
        "name": "Kalyanpur Panchayat",
        "category": "bus_stop",
        "routeCount": 1,
        "routes": [
          "SD-29"
        ]
      }
    },
    {
      "type": "Feature",
      "id": "stop_padmapukur",
      "geometry": {
        "type": "Point",
        "coordinates": [
          88.420336,
          22.360222
        ]
      },
      "properties": {
        "id": "stop_padmapukur",
        "name": "Padmapukur",
        "category": "bus_stop",
        "routeCount": 1,
        "routes": [
          "SD-29"
        ]
      }
    },
    {
      "type": "Feature",
      "id": "stop_baruipur_station",
      "geometry": {
        "type": "Point",
        "coordinates": [
          88.4385,
          22.3585
        ]
      },
      "properties": {
        "id": "stop_baruipur_station",
        "name": "Baruipur Station",
        "category": "bus_stop",
        "routeCount": 1,
        "routes": [
          "SD-29"
        ]
      }
    },
    {
      "type": "Feature",
      "id": "stop_baruipur",
      "geometry": {
        "type": "Point",
        "coordinates": [
          88.4385,
          22.3585
        ]
      },
      "properties": {
        "id": "stop_baruipur",
        "name": "Baruipur",
        "category": "bus_stop",
        "routeCount": 4,
        "routes": [
          "SD-29",
          "SD-33",
          "SD-63",
          "SD-64"
        ]
      }
    },
    {
      "type": "Feature",
      "id": "stop_sujapur",
      "geometry": {
        "type": "Point",
        "coordinates": [
          88.329077,
          22.52761
        ]
      },
      "properties": {
        "id": "stop_sujapur",
        "name": "Sujapur",
        "category": "bus_stop",
        "routeCount": 1,
        "routes": [
          "SD-30"
        ]
      }
    },
    {
      "type": "Feature",
      "id": "stop_mohirampur",
      "geometry": {
        "type": "Point",
        "coordinates": [
          88.328311,
          22.531714
        ]
      },
      "properties": {
        "id": "stop_mohirampur",
        "name": "Mohirampur",
        "category": "bus_stop",
        "routeCount": 1,
        "routes": [
          "SD-30"
        ]
      }
    },
    {
      "type": "Feature",
      "id": "stop_calcium",
      "geometry": {
        "type": "Point",
        "coordinates": [
          88.320985,
          22.545573
        ]
      },
      "properties": {
        "id": "stop_calcium",
        "name": "Calcium",
        "category": "bus_stop",
        "routeCount": 1,
        "routes": [
          "SD-30"
        ]
      }
    },
    {
      "type": "Feature",
      "id": "stop_birla",
      "geometry": {
        "type": "Point",
        "coordinates": [
          88.316136,
          22.547226
        ]
      },
      "properties": {
        "id": "stop_birla",
        "name": "Birla",
        "category": "bus_stop",
        "routeCount": 1,
        "routes": [
          "SD-30"
        ]
      }
    },
    {
      "type": "Feature",
      "id": "stop_charial",
      "geometry": {
        "type": "Point",
        "coordinates": [
          88.316634,
          22.552089
        ]
      },
      "properties": {
        "id": "stop_charial",
        "name": "Charial",
        "category": "bus_stop",
        "routeCount": 1,
        "routes": [
          "SD-30"
        ]
      }
    },
    {
      "type": "Feature",
      "id": "stop_budge_budge",
      "geometry": {
        "type": "Point",
        "coordinates": [
          88.312689,
          22.554286
        ]
      },
      "properties": {
        "id": "stop_budge_budge",
        "name": "Budge Budge",
        "category": "bus_stop",
        "routeCount": 1,
        "routes": [
          "SD-30"
        ]
      }
    },
    {
      "type": "Feature",
      "id": "stop_nungi",
      "geometry": {
        "type": "Point",
        "coordinates": [
          88.311923,
          22.55839
        ]
      },
      "properties": {
        "id": "stop_nungi",
        "name": "Nungi",
        "category": "bus_stop",
        "routeCount": 1,
        "routes": [
          "SD-30"
        ]
      }
    },
    {
      "type": "Feature",
      "id": "stop_bata",
      "geometry": {
        "type": "Point",
        "coordinates": [
          88.3095,
          22.5615
        ]
      },
      "properties": {
        "id": "stop_bata",
        "name": "Bata",
        "category": "bus_stop",
        "routeCount": 1,
        "routes": [
          "SD-30"
        ]
      }
    },
    {
      "type": "Feature",
      "id": "stop_shibanipith",
      "geometry": {
        "type": "Point",
        "coordinates": [
          88.465801,
          22.352281
        ]
      },
      "properties": {
        "id": "stop_shibanipith",
        "name": "Shibanipith",
        "category": "bus_stop",
        "routeCount": 3,
        "routes": [
          "SD-33",
          "SD-63",
          "SD-64"
        ]
      }
    },
    {
      "type": "Feature",
      "id": "stop_puratan_bazar",
      "geometry": {
        "type": "Point",
        "coordinates": [
          88.495311,
          22.347386
        ]
      },
      "properties": {
        "id": "stop_puratan_bazar",
        "name": "Puratan Bazar",
        "category": "bus_stop",
        "routeCount": 3,
        "routes": [
          "SD-33",
          "SD-63",
          "SD-64"
        ]
      }
    },
    {
      "type": "Feature",
      "id": "stop_phooltala",
      "geometry": {
        "type": "Point",
        "coordinates": [
          88.520739,
          22.340044
        ]
      },
      "properties": {
        "id": "stop_phooltala",
        "name": "Phooltala",
        "category": "bus_stop",
        "routeCount": 3,
        "routes": [
          "SD-33",
          "SD-63",
          "SD-64"
        ]
      }
    },
    {
      "type": "Feature",
      "id": "stop_uttarbhag",
      "geometry": {
        "type": "Point",
        "coordinates": [
          88.5515,
          22.3359
        ]
      },
      "properties": {
        "id": "stop_uttarbhag",
        "name": "Uttarbhag",
        "category": "bus_stop",
        "routeCount": 3,
        "routes": [
          "SD-33",
          "SD-63",
          "SD-64"
        ]
      }
    },
    {
      "type": "Feature",
      "id": "stop_kulari",
      "geometry": {
        "type": "Point",
        "coordinates": [
          88.576489,
          22.328294
        ]
      },
      "properties": {
        "id": "stop_kulari",
        "name": "Kulari",
        "category": "bus_stop",
        "routeCount": 3,
        "routes": [
          "SD-33",
          "SD-63",
          "SD-64"
        ]
      }
    },
    {
      "type": "Feature",
      "id": "stop_taldi",
      "geometry": {
        "type": "Point",
        "coordinates": [
          88.606811,
          22.323886
        ]
      },
      "properties": {
        "id": "stop_taldi",
        "name": "Taldi",
        "category": "bus_stop",
        "routeCount": 3,
        "routes": [
          "SD-33",
          "SD-63",
          "SD-64"
        ]
      }
    },
    {
      "type": "Feature",
      "id": "stop_betberia_belegachi",
      "geometry": {
        "type": "Point",
        "coordinates": [
          88.633051,
          22.317031
        ]
      },
      "properties": {
        "id": "stop_betberia_belegachi",
        "name": "Betberia Belegachi",
        "category": "bus_stop",
        "routeCount": 3,
        "routes": [
          "SD-33",
          "SD-63",
          "SD-64"
        ]
      }
    },
    {
      "type": "Feature",
      "id": "stop_canning",
      "geometry": {
        "type": "Point",
        "coordinates": [
          88.6615,
          22.3115
        ]
      },
      "properties": {
        "id": "stop_canning",
        "name": "Canning",
        "category": "bus_stop",
        "routeCount": 4,
        "routes": [
          "SD-33",
          "SD-63",
          "SD-64",
          "SD-85"
        ]
      }
    },
    {
      "type": "Feature",
      "id": "stop_canning_station",
      "geometry": {
        "type": "Point",
        "coordinates": [
          88.6615,
          22.3115
        ]
      },
      "properties": {
        "id": "stop_canning_station",
        "name": "Canning Station",
        "category": "bus_stop",
        "routeCount": 4,
        "routes": [
          "SD-33",
          "SD-63",
          "SD-64",
          "SD-85"
        ]
      }
    },
    {
      "type": "Feature",
      "id": "stop_matla_bridge",
      "geometry": {
        "type": "Point",
        "coordinates": [
          88.668051,
          22.297031
        ]
      },
      "properties": {
        "id": "stop_matla_bridge",
        "name": "Matla Bridge",
        "category": "bus_stop",
        "routeCount": 4,
        "routes": [
          "SD-33",
          "SD-63",
          "SD-64",
          "SD-85"
        ]
      }
    },
    {
      "type": "Feature",
      "id": "stop_dockghat",
      "geometry": {
        "type": "Point",
        "coordinates": [
          88.676811,
          22.283886
        ]
      },
      "properties": {
        "id": "stop_dockghat",
        "name": "Dockghat",
        "category": "bus_stop",
        "routeCount": 4,
        "routes": [
          "SD-33",
          "SD-63",
          "SD-64",
          "SD-85"
        ]
      }
    },
    {
      "type": "Feature",
      "id": "stop_kultali",
      "geometry": {
        "type": "Point",
        "coordinates": [
          88.710801,
          22.212281
        ]
      },
      "properties": {
        "id": "stop_kultali",
        "name": "Kultali",
        "category": "bus_stop",
        "routeCount": 4,
        "routes": [
          "SD-33",
          "SD-39",
          "SD-53",
          "SD-63"
        ]
      }
    },
    {
      "type": "Feature",
      "id": "stop_sonakhali_bus_stand",
      "geometry": {
        "type": "Point",
        "coordinates": [
          88.7185,
          22.1985
        ]
      },
      "properties": {
        "id": "stop_sonakhali_bus_stand",
        "name": "Sonakhali Bus Stand",
        "category": "bus_stop",
        "routeCount": 2,
        "routes": [
          "SD-33",
          "SD-63"
        ]
      }
    },
    {
      "type": "Feature",
      "id": "stop_basanti_chowmatha",
      "geometry": {
        "type": "Point",
        "coordinates": [
          88.721077,
          22.18761
        ]
      },
      "properties": {
        "id": "stop_basanti_chowmatha",
        "name": "Basanti Chowmatha",
        "category": "bus_stop",
        "routeCount": 2,
        "routes": [
          "SD-33",
          "SD-63"
        ]
      }
    },
    {
      "type": "Feature",
      "id": "stop_shibganj_bazar",
      "geometry": {
        "type": "Point",
        "coordinates": [
          88.725311,
          22.177714
        ]
      },
      "properties": {
        "id": "stop_shibganj_bazar",
        "name": "Shibganj Bazar",
        "category": "bus_stop",
        "routeCount": 1,
        "routes": [
          "SD-33"
        ]
      }
    },
    {
      "type": "Feature",
      "id": "stop_sunderban_chowmatha",
      "geometry": {
        "type": "Point",
        "coordinates": [
          88.726366,
          22.165911
        ]
      },
      "properties": {
        "id": "stop_sunderban_chowmatha",
        "name": "Sunderban Chowmatha",
        "category": "bus_stop",
        "routeCount": 1,
        "routes": [
          "SD-33"
        ]
      }
    },
    {
      "type": "Feature",
      "id": "stop_jyotishpur",
      "geometry": {
        "type": "Point",
        "coordinates": [
          88.731864,
          22.156774
        ]
      },
      "properties": {
        "id": "stop_jyotishpur",
        "name": "Jyotishpur",
        "category": "bus_stop",
        "routeCount": 1,
        "routes": [
          "SD-33"
        ]
      }
    },
    {
      "type": "Feature",
      "id": "stop_bashiram_bazar",
      "geometry": {
        "type": "Point",
        "coordinates": [
          88.732015,
          22.144427
        ]
      },
      "properties": {
        "id": "stop_bashiram_bazar",
        "name": "Bashiram Bazar",
        "category": "bus_stop",
        "routeCount": 1,
        "routes": [
          "SD-33"
        ]
      }
    },
    {
      "type": "Feature",
      "id": "stop_hiranmoypur",
      "geometry": {
        "type": "Point",
        "coordinates": [
          88.737985,
          22.135573
        ]
      },
      "properties": {
        "id": "stop_hiranmoypur",
        "name": "Hiranmoypur",
        "category": "bus_stop",
        "routeCount": 1,
        "routes": [
          "SD-33"
        ]
      }
    },
    {
      "type": "Feature",
      "id": "stop_nafargange",
      "geometry": {
        "type": "Point",
        "coordinates": [
          88.743634,
          22.114089
        ]
      },
      "properties": {
        "id": "stop_nafargange",
        "name": "Nafargange",
        "category": "bus_stop",
        "routeCount": 1,
        "routes": [
          "SD-33"
        ]
      }
    },
    {
      "type": "Feature",
      "id": "stop_kumirmari_bazar",
      "geometry": {
        "type": "Point",
        "coordinates": [
          88.744689,
          22.102286
        ]
      },
      "properties": {
        "id": "stop_kumirmari_bazar",
        "name": "Kumirmari Bazar",
        "category": "bus_stop",
        "routeCount": 1,
        "routes": [
          "SD-33"
        ]
      }
    },
    {
      "type": "Feature",
      "id": "stop_sahidnagar",
      "geometry": {
        "type": "Point",
        "coordinates": [
          88.748923,
          22.09239
        ]
      },
      "properties": {
        "id": "stop_sahidnagar",
        "name": "Sahidnagar",
        "category": "bus_stop",
        "routeCount": 1,
        "routes": [
          "SD-33"
        ]
      }
    },
    {
      "type": "Feature",
      "id": "stop_jharkhali",
      "geometry": {
        "type": "Point",
        "coordinates": [
          88.7515,
          22.0815
        ]
      },
      "properties": {
        "id": "stop_jharkhali",
        "name": "Jharkhali",
        "category": "bus_stop",
        "routeCount": 1,
        "routes": [
          "SD-33"
        ]
      }
    },
    {
      "type": "Feature",
      "id": "stop_joynagar",
      "geometry": {
        "type": "Point",
        "coordinates": [
          88.4215,
          22.1785
        ]
      },
      "properties": {
        "id": "stop_joynagar",
        "name": "Joynagar",
        "category": "bus_stop",
        "routeCount": 2,
        "routes": [
          "SD-39",
          "SD-53"
        ]
      }
    },
    {
      "type": "Feature",
      "id": "stop_duttabazar",
      "geometry": {
        "type": "Point",
        "coordinates": [
          88.383804,
          22.214882
        ]
      },
      "properties": {
        "id": "stop_duttabazar",
        "name": "Duttabazar",
        "category": "bus_stop",
        "routeCount": 2,
        "routes": [
          "SD-39",
          "SD-53"
        ]
      }
    },
    {
      "type": "Feature",
      "id": "stop_nimpith",
      "geometry": {
        "type": "Point",
        "coordinates": [
          88.347766,
          22.25226
        ]
      },
      "properties": {
        "id": "stop_nimpith",
        "name": "Nimpith",
        "category": "bus_stop",
        "routeCount": 2,
        "routes": [
          "SD-39",
          "SD-53"
        ]
      }
    },
    {
      "type": "Feature",
      "id": "stop_tulsighata",
      "geometry": {
        "type": "Point",
        "coordinates": [
          88.308548,
          22.287729
        ]
      },
      "properties": {
        "id": "stop_tulsighata",
        "name": "Tulsighata",
        "category": "bus_stop",
        "routeCount": 2,
        "routes": [
          "SD-39",
          "SD-53"
        ]
      }
    },
    {
      "type": "Feature",
      "id": "stop_mollarchak",
      "geometry": {
        "type": "Point",
        "coordinates": [
          88.273773,
          22.325864
        ]
      },
      "properties": {
        "id": "stop_mollarchak",
        "name": "Mollarchak",
        "category": "bus_stop",
        "routeCount": 2,
        "routes": [
          "SD-39",
          "SD-53"
        ]
      }
    },
    {
      "type": "Feature",
      "id": "stop_natunhat",
      "geometry": {
        "type": "Point",
        "coordinates": [
          88.233651,
          22.360791
        ]
      },
      "properties": {
        "id": "stop_natunhat",
        "name": "Natunhat",
        "category": "bus_stop",
        "routeCount": 2,
        "routes": [
          "SD-39",
          "SD-53"
        ]
      }
    },
    {
      "type": "Feature",
      "id": "stop_priyor",
      "geometry": {
        "type": "Point",
        "coordinates": [
          88.199349,
          22.399209
        ]
      },
      "properties": {
        "id": "stop_priyor",
        "name": "Priyor",
        "category": "bus_stop",
        "routeCount": 2,
        "routes": [
          "SD-39",
          "SD-53"
        ]
      }
    },
    {
      "type": "Feature",
      "id": "stop_kholakhali_hat",
      "geometry": {
        "type": "Point",
        "coordinates": [
          88.159227,
          22.434136
        ]
      },
      "properties": {
        "id": "stop_kholakhali_hat",
        "name": "Kholakhali Hat",
        "category": "bus_stop",
        "routeCount": 2,
        "routes": [
          "SD-39",
          "SD-53"
        ]
      }
    },
    {
      "type": "Feature",
      "id": "stop_jalaberia",
      "geometry": {
        "type": "Point",
        "coordinates": [
          88.124452,
          22.472271
        ]
      },
      "properties": {
        "id": "stop_jalaberia",
        "name": "Jalaberia",
        "category": "bus_stop",
        "routeCount": 2,
        "routes": [
          "SD-39",
          "SD-53"
        ]
      }
    },
    {
      "type": "Feature",
      "id": "stop_naskarpara",
      "geometry": {
        "type": "Point",
        "coordinates": [
          88.085234,
          22.50774
        ]
      },
      "properties": {
        "id": "stop_naskarpara",
        "name": "Naskarpara",
        "category": "bus_stop",
        "routeCount": 2,
        "routes": [
          "SD-39",
          "SD-53"
        ]
      }
    },
    {
      "type": "Feature",
      "id": "stop_jamtala",
      "geometry": {
        "type": "Point",
        "coordinates": [
          88.0115,
          22.5815
        ]
      },
      "properties": {
        "id": "stop_jamtala",
        "name": "Jamtala",
        "category": "bus_stop",
        "routeCount": 2,
        "routes": [
          "SD-39",
          "SD-53"
        ]
      }
    },
    {
      "type": "Feature",
      "id": "stop_mandalerhat",
      "geometry": {
        "type": "Point",
        "coordinates": [
          88.038603,
          22.579923
        ]
      },
      "properties": {
        "id": "stop_mandalerhat",
        "name": "Mandalerhat",
        "category": "bus_stop",
        "routeCount": 2,
        "routes": [
          "SD-39",
          "SD-53"
        ]
      }
    },
    {
      "type": "Feature",
      "id": "stop_sankizahan",
      "geometry": {
        "type": "Point",
        "coordinates": [
          88.06712,
          22.579195
        ]
      },
      "properties": {
        "id": "stop_sankizahan",
        "name": "Sankizahan",
        "category": "bus_stop",
        "routeCount": 2,
        "routes": [
          "SD-39",
          "SD-53"
        ]
      }
    },
    {
      "type": "Feature",
      "id": "stop_kantamari",
      "geometry": {
        "type": "Point",
        "coordinates": [
          88.09289,
          22.576818
        ]
      },
      "properties": {
        "id": "stop_kantamari",
        "name": "Kantamari",
        "category": "bus_stop",
        "routeCount": 2,
        "routes": [
          "SD-39",
          "SD-53"
        ]
      }
    },
    {
      "type": "Feature",
      "id": "stop_dakshin_durgapur",
      "geometry": {
        "type": "Point",
        "coordinates": [
          88.12258,
          22.576795
        ]
      },
      "properties": {
        "id": "stop_dakshin_durgapur",
        "name": "Dakshin Durgapur",
        "category": "bus_stop",
        "routeCount": 2,
        "routes": [
          "SD-39",
          "SD-53"
        ]
      }
    },
    {
      "type": "Feature",
      "id": "stop_petkulchand_bazar",
      "geometry": {
        "type": "Point",
        "coordinates": [
          88.147405,
          22.57385
        ]
      },
      "properties": {
        "id": "stop_petkulchand_bazar",
        "name": "Petkulchand Bazar",
        "category": "bus_stop",
        "routeCount": 2,
        "routes": [
          "SD-39",
          "SD-53"
        ]
      }
    },
    {
      "type": "Feature",
      "id": "stop_bhasa_panchrasta_bazar",
      "geometry": {
        "type": "Point",
        "coordinates": [
          88.177758,
          22.574224
        ]
      },
      "properties": {
        "id": "stop_bhasa_panchrasta_bazar",
        "name": "Bhasa Panchrasta Bazar",
        "category": "bus_stop",
        "routeCount": 2,
        "routes": [
          "SD-39",
          "SD-53"
        ]
      }
    },
    {
      "type": "Feature",
      "id": "stop_debipur",
      "geometry": {
        "type": "Point",
        "coordinates": [
          88.202242,
          22.571076
        ]
      },
      "properties": {
        "id": "stop_debipur",
        "name": "Debipur",
        "category": "bus_stop",
        "routeCount": 4,
        "routes": [
          "SD-39",
          "SD-53",
          "DN-12",
          "DN-44"
        ]
      }
    },
    {
      "type": "Feature",
      "id": "stop_bhubaneshwari",
      "geometry": {
        "type": "Point",
        "coordinates": [
          88.232595,
          22.57145
        ]
      },
      "properties": {
        "id": "stop_bhubaneshwari",
        "name": "Bhubaneshwari",
        "category": "bus_stop",
        "routeCount": 2,
        "routes": [
          "SD-39",
          "SD-53"
        ]
      }
    },
    {
      "type": "Feature",
      "id": "stop_bindopur",
      "geometry": {
        "type": "Point",
        "coordinates": [
          88.25742,
          22.568505
        ]
      },
      "properties": {
        "id": "stop_bindopur",
        "name": "Bindopur",
        "category": "bus_stop",
        "routeCount": 1,
        "routes": [
          "SD-39"
        ]
      }
    },
    {
      "type": "Feature",
      "id": "stop_lakshmi",
      "geometry": {
        "type": "Point",
        "coordinates": [
          88.28711,
          22.568482
        ]
      },
      "properties": {
        "id": "stop_lakshmi",
        "name": "Lakshmi",
        "category": "bus_stop",
        "routeCount": 1,
        "routes": [
          "SD-39"
        ]
      }
    },
    {
      "type": "Feature",
      "id": "stop_maipith_bazar",
      "geometry": {
        "type": "Point",
        "coordinates": [
          88.31288,
          22.566105
        ]
      },
      "properties": {
        "id": "stop_maipith_bazar",
        "name": "Maipith Bazar",
        "category": "bus_stop",
        "routeCount": 1,
        "routes": [
          "SD-39"
        ]
      }
    },
    {
      "type": "Feature",
      "id": "stop_baikunthapur",
      "geometry": {
        "type": "Point",
        "coordinates": [
          88.341397,
          22.565377
        ]
      },
      "properties": {
        "id": "stop_baikunthapur",
        "name": "Baikunthapur",
        "category": "bus_stop",
        "routeCount": 1,
        "routes": [
          "SD-39"
        ]
      }
    },
    {
      "type": "Feature",
      "id": "stop_kishorimohonpur",
      "geometry": {
        "type": "Point",
        "coordinates": [
          88.3685,
          22.5638
        ]
      },
      "properties": {
        "id": "stop_kishorimohonpur",
        "name": "Kishorimohonpur",
        "category": "bus_stop",
        "routeCount": 1,
        "routes": [
          "SD-39"
        ]
      }
    },
    {
      "type": "Feature",
      "id": "stop_madhabpur",
      "geometry": {
        "type": "Point",
        "coordinates": [
          88.12258,
          22.576795
        ]
      },
      "properties": {
        "id": "stop_madhabpur",
        "name": "Madhabpur",
        "category": "bus_stop",
        "routeCount": 1,
        "routes": [
          "SD-53"
        ]
      }
    },
    {
      "type": "Feature",
      "id": "stop_manikpir",
      "geometry": {
        "type": "Point",
        "coordinates": [
          88.147405,
          22.57385
        ]
      },
      "properties": {
        "id": "stop_manikpir",
        "name": "Manikpir",
        "category": "bus_stop",
        "routeCount": 1,
        "routes": [
          "SD-53"
        ]
      }
    },
    {
      "type": "Feature",
      "id": "stop_binodpur",
      "geometry": {
        "type": "Point",
        "coordinates": [
          88.31288,
          22.566105
        ]
      },
      "properties": {
        "id": "stop_binodpur",
        "name": "Binodpur",
        "category": "bus_stop",
        "routeCount": 1,
        "routes": [
          "SD-53"
        ]
      }
    },
    {
      "type": "Feature",
      "id": "stop_maipith_coastal",
      "geometry": {
        "type": "Point",
        "coordinates": [
          88.341397,
          22.565377
        ]
      },
      "properties": {
        "id": "stop_maipith_coastal",
        "name": "Maipith Coastal",
        "category": "bus_stop",
        "routeCount": 1,
        "routes": [
          "SD-53"
        ]
      }
    },
    {
      "type": "Feature",
      "id": "stop_maipith",
      "geometry": {
        "type": "Point",
        "coordinates": [
          88.3685,
          22.5638
        ]
      },
      "properties": {
        "id": "stop_maipith",
        "name": "Maipith",
        "category": "bus_stop",
        "routeCount": 1,
        "routes": [
          "SD-53"
        ]
      }
    },
    {
      "type": "Feature",
      "id": "stop_kalidanga",
      "geometry": {
        "type": "Point",
        "coordinates": [
          88.74053,
          22.194347
        ]
      },
      "properties": {
        "id": "stop_kalidanga",
        "name": "Kalidanga",
        "category": "bus_stop",
        "routeCount": 1,
        "routes": [
          "SD-63"
        ]
      }
    },
    {
      "type": "Feature",
      "id": "stop_chandkhali",
      "geometry": {
        "type": "Point",
        "coordinates": [
          88.748324,
          22.190337
        ]
      },
      "properties": {
        "id": "stop_chandkhali",
        "name": "Chandkhali",
        "category": "bus_stop",
        "routeCount": 1,
        "routes": [
          "SD-63"
        ]
      }
    },
    {
      "type": "Feature",
      "id": "stop_matgaran",
      "geometry": {
        "type": "Point",
        "coordinates": [
          88.761676,
          22.189663
        ]
      },
      "properties": {
        "id": "stop_matgaran",
        "name": "Matgaran",
        "category": "bus_stop",
        "routeCount": 1,
        "routes": [
          "SD-63"
        ]
      }
    },
    {
      "type": "Feature",
      "id": "stop_dakshin_battala",
      "geometry": {
        "type": "Point",
        "coordinates": [
          88.76947,
          22.185653
        ]
      },
      "properties": {
        "id": "stop_dakshin_battala",
        "name": "Dakshin Battala",
        "category": "bus_stop",
        "routeCount": 1,
        "routes": [
          "SD-63"
        ]
      }
    },
    {
      "type": "Feature",
      "id": "stop_masjidbati",
      "geometry": {
        "type": "Point",
        "coordinates": [
          88.781722,
          22.184319
        ]
      },
      "properties": {
        "id": "stop_masjidbati",
        "name": "Masjidbati",
        "category": "bus_stop",
        "routeCount": 1,
        "routes": [
          "SD-63"
        ]
      }
    },
    {
      "type": "Feature",
      "id": "stop_gadkhali",
      "geometry": {
        "type": "Point",
        "coordinates": [
          88.7915,
          22.1815
        ]
      },
      "properties": {
        "id": "stop_gadkhali",
        "name": "Gadkhali",
        "category": "bus_stop",
        "routeCount": 1,
        "routes": [
          "SD-63"
        ]
      }
    },
    {
      "type": "Feature",
      "id": "stop_panikhali",
      "geometry": {
        "type": "Point",
        "coordinates": [
          88.5135,
          22.43675
        ]
      },
      "properties": {
        "id": "stop_panikhali",
        "name": "Panikhali",
        "category": "bus_stop",
        "routeCount": 1,
        "routes": [
          "SD-64"
        ]
      }
    },
    {
      "type": "Feature",
      "id": "stop_nirdeshkhali",
      "geometry": {
        "type": "Point",
        "coordinates": [
          88.487127,
          22.463736
        ]
      },
      "properties": {
        "id": "stop_nirdeshkhali",
        "name": "Nirdeshkhali",
        "category": "bus_stop",
        "routeCount": 1,
        "routes": [
          "SD-64"
        ]
      }
    },
    {
      "type": "Feature",
      "id": "stop_10_no_majhipara",
      "geometry": {
        "type": "Point",
        "coordinates": [
          88.455186,
          22.487382
        ]
      },
      "properties": {
        "id": "stop_10_no_majhipara",
        "name": "10 No Majhipara",
        "category": "bus_stop",
        "routeCount": 1,
        "routes": [
          "SD-64"
        ]
      }
    },
    {
      "type": "Feature",
      "id": "stop_baria",
      "geometry": {
        "type": "Point",
        "coordinates": [
          88.427982,
          22.513869
        ]
      },
      "properties": {
        "id": "stop_baria",
        "name": "Baria",
        "category": "bus_stop",
        "routeCount": 1,
        "routes": [
          "SD-64"
        ]
      }
    },
    {
      "type": "Feature",
      "id": "stop_bagulakhali",
      "geometry": {
        "type": "Point",
        "coordinates": [
          88.397336,
          22.538292
        ]
      },
      "properties": {
        "id": "stop_bagulakhali",
        "name": "Bagulakhali",
        "category": "bus_stop",
        "routeCount": 1,
        "routes": [
          "SD-64"
        ]
      }
    },
    {
      "type": "Feature",
      "id": "stop_chunakhali",
      "geometry": {
        "type": "Point",
        "coordinates": [
          88.3685,
          22.5638
        ]
      },
      "properties": {
        "id": "stop_chunakhali",
        "name": "Chunakhali",
        "category": "bus_stop",
        "routeCount": 1,
        "routes": [
          "SD-64"
        ]
      }
    },
    {
      "type": "Feature",
      "id": "stop_kachuberia_sagar_island",
      "geometry": {
        "type": "Point",
        "coordinates": [
          88.1315,
          21.8685
        ]
      },
      "properties": {
        "id": "stop_kachuberia_sagar_island",
        "name": "Kachuberia Sagar Island",
        "category": "bus_stop",
        "routeCount": 1,
        "routes": [
          "SD-69"
        ]
      }
    },
    {
      "type": "Feature",
      "id": "stop_harinbari",
      "geometry": {
        "type": "Point",
        "coordinates": [
          88.120618,
          21.823971
        ]
      },
      "properties": {
        "id": "stop_harinbari",
        "name": "Harinbari",
        "category": "bus_stop",
        "routeCount": 1,
        "routes": [
          "SD-69"
        ]
      }
    },
    {
      "type": "Feature",
      "id": "stop_rudranagar",
      "geometry": {
        "type": "Point",
        "coordinates": [
          88.112927,
          21.781356
        ]
      },
      "properties": {
        "id": "stop_rudranagar",
        "name": "Rudranagar",
        "category": "bus_stop",
        "routeCount": 1,
        "routes": [
          "SD-69"
        ]
      }
    },
    {
      "type": "Feature",
      "id": "stop_chemaguri",
      "geometry": {
        "type": "Point",
        "coordinates": [
          88.100073,
          21.735644
        ]
      },
      "properties": {
        "id": "stop_chemaguri",
        "name": "Chemaguri",
        "category": "bus_stop",
        "routeCount": 1,
        "routes": [
          "SD-69"
        ]
      }
    },
    {
      "type": "Feature",
      "id": "stop_light_house",
      "geometry": {
        "type": "Point",
        "coordinates": [
          88.092382,
          21.693029
        ]
      },
      "properties": {
        "id": "stop_light_house",
        "name": "Light House",
        "category": "bus_stop",
        "routeCount": 1,
        "routes": [
          "SD-69"
        ]
      }
    },
    {
      "type": "Feature",
      "id": "stop_gangasagar",
      "geometry": {
        "type": "Point",
        "coordinates": [
          88.0815,
          21.6485
        ]
      },
      "properties": {
        "id": "stop_gangasagar",
        "name": "Gangasagar",
        "category": "bus_stop",
        "routeCount": 1,
        "routes": [
          "SD-69"
        ]
      }
    },
    {
      "type": "Feature",
      "id": "stop_dhamakhali",
      "geometry": {
        "type": "Point",
        "coordinates": [
          88.8615,
          22.3515
        ]
      },
      "properties": {
        "id": "stop_dhamakhali",
        "name": "Dhamakhali",
        "category": "bus_stop",
        "routeCount": 2,
        "routes": [
          "SD-85",
          "DN-16/1"
        ]
      }
    },
    {
      "type": "Feature",
      "id": "stop_ukilerhat",
      "geometry": {
        "type": "Point",
        "coordinates": [
          88.2085,
          21.8226
        ]
      },
      "properties": {
        "id": "stop_ukilerhat",
        "name": "Ukilerhat",
        "category": "bus_stop",
        "routeCount": 2,
        "routes": [
          "SD-94",
          "Kolkata"
        ]
      }
    },
    {
      "type": "Feature",
      "id": "stop_namkhana_station",
      "geometry": {
        "type": "Point",
        "coordinates": [
          88.2315,
          21.7685
        ]
      },
      "properties": {
        "id": "stop_namkhana_station",
        "name": "Namkhana Station",
        "category": "bus_stop",
        "routeCount": 1,
        "routes": [
          "SD-94"
        ]
      }
    },
    {
      "type": "Feature",
      "id": "stop_narayanpur",
      "geometry": {
        "type": "Point",
        "coordinates": [
          88.232939,
          21.721114
        ]
      },
      "properties": {
        "id": "stop_narayanpur",
        "name": "Narayanpur",
        "category": "bus_stop",
        "routeCount": 1,
        "routes": [
          "SD-94"
        ]
      }
    },
    {
      "type": "Feature",
      "id": "stop_sibanagar",
      "geometry": {
        "type": "Point",
        "coordinates": [
          88.238,
          21.6759
        ]
      },
      "properties": {
        "id": "stop_sibanagar",
        "name": "Sibanagar",
        "category": "bus_stop",
        "routeCount": 1,
        "routes": [
          "SD-94"
        ]
      }
    },
    {
      "type": "Feature",
      "id": "stop_10_mile_bazar",
      "geometry": {
        "type": "Point",
        "coordinates": [
          88.237939,
          21.627614
        ]
      },
      "properties": {
        "id": "stop_10_mile_bazar",
        "name": "10 Mile Bazar",
        "category": "bus_stop",
        "routeCount": 2,
        "routes": [
          "SD-94",
          "Kolkata"
        ]
      }
    },
    {
      "type": "Feature",
      "id": "stop_frazerganj",
      "geometry": {
        "type": "Point",
        "coordinates": [
          88.2415,
          21.5815
        ]
      },
      "properties": {
        "id": "stop_frazerganj",
        "name": "Frazerganj",
        "category": "bus_stop",
        "routeCount": 1,
        "routes": [
          "SD-94"
        ]
      }
    },
    {
      "type": "Feature",
      "id": "stop_amrabati",
      "geometry": {
        "type": "Point",
        "coordinates": [
          88.245,
          21.5706
        ]
      },
      "properties": {
        "id": "stop_amrabati",
        "name": "Amrabati",
        "category": "bus_stop",
        "routeCount": 1,
        "routes": [
          "SD-94"
        ]
      }
    },
    {
      "type": "Feature",
      "id": "stop_bakkhali",
      "geometry": {
        "type": "Point",
        "coordinates": [
          88.2515,
          21.5615
        ]
      },
      "properties": {
        "id": "stop_bakkhali",
        "name": "Bakkhali",
        "category": "bus_stop",
        "routeCount": 2,
        "routes": [
          "SD-94",
          "Kolkata"
        ]
      }
    },
    {
      "type": "Feature",
      "id": "stop_shapoorji",
      "geometry": {
        "type": "Point",
        "coordinates": [
          88.5025,
          22.5715
        ]
      },
      "properties": {
        "id": "stop_shapoorji",
        "name": "Shapoorji",
        "category": "bus_stop",
        "routeCount": 6,
        "routes": [
          "DN-2/1",
          "K-1",
          "KB-16",
          "KB-22",
          "KB-24",
          "AC-4A"
        ]
      }
    },
    {
      "type": "Feature",
      "id": "stop_karigari_bhawan",
      "geometry": {
        "type": "Point",
        "coordinates": [
          88.4985,
          22.5735
        ]
      },
      "properties": {
        "id": "stop_karigari_bhawan",
        "name": "Karigari Bhawan",
        "category": "bus_stop",
        "routeCount": 6,
        "routes": [
          "DN-2/1",
          "K-1",
          "KB-16",
          "KB-22",
          "KB-24",
          "AC-4A"
        ]
      }
    },
    {
      "type": "Feature",
      "id": "stop_uem_campus",
      "geometry": {
        "type": "Point",
        "coordinates": [
          88.5045,
          22.5765
        ]
      },
      "properties": {
        "id": "stop_uem_campus",
        "name": "Uem Campus",
        "category": "bus_stop",
        "routeCount": 6,
        "routes": [
          "DN-2/1",
          "K-1",
          "KB-16",
          "KB-22",
          "KB-24",
          "AC-4A"
        ]
      }
    },
    {
      "type": "Feature",
      "id": "stop_unitech_gate_1",
      "geometry": {
        "type": "Point",
        "coordinates": [
          88.4855,
          22.5745
        ]
      },
      "properties": {
        "id": "stop_unitech_gate_1",
        "name": "Unitech Gate 1",
        "category": "bus_stop",
        "routeCount": 8,
        "routes": [
          "DN-2/1",
          "K-1",
          "KB-12",
          "KB-16",
          "KB-17",
          "KB-22",
          "KB-24",
          "AC-4A"
        ]
      }
    },
    {
      "type": "Feature",
      "id": "stop_unitech_gate_2",
      "geometry": {
        "type": "Point",
        "coordinates": [
          88.4895,
          22.5765
        ]
      },
      "properties": {
        "id": "stop_unitech_gate_2",
        "name": "Unitech Gate 2",
        "category": "bus_stop",
        "routeCount": 2,
        "routes": [
          "DN-2/1",
          "S-3W"
        ]
      }
    },
    {
      "type": "Feature",
      "id": "stop_dlf_2",
      "geometry": {
        "type": "Point",
        "coordinates": [
          88.489,
          22.5766
        ]
      },
      "properties": {
        "id": "stop_dlf_2",
        "name": "DLF 2",
        "category": "bus_stop",
        "routeCount": 2,
        "routes": [
          "DN-2/1",
          "S-3W"
        ]
      }
    },
    {
      "type": "Feature",
      "id": "stop_ecospace",
      "geometry": {
        "type": "Point",
        "coordinates": [
          88.4915,
          22.5785
        ]
      },
      "properties": {
        "id": "stop_ecospace",
        "name": "Ecospace",
        "category": "bus_stop",
        "routeCount": 2,
        "routes": [
          "DN-2/1",
          "S-3W"
        ]
      }
    },
    {
      "type": "Feature",
      "id": "stop_aliah_university",
      "geometry": {
        "type": "Point",
        "coordinates": [
          88.477,
          22.5926
        ]
      },
      "properties": {
        "id": "stop_aliah_university",
        "name": "Aliah University",
        "category": "bus_stop",
        "routeCount": 1,
        "routes": [
          "DN-2/1"
        ]
      }
    },
    {
      "type": "Feature",
      "id": "stop_ecopark",
      "geometry": {
        "type": "Point",
        "coordinates": [
          88.4655,
          22.6085
        ]
      },
      "properties": {
        "id": "stop_ecopark",
        "name": "Ecopark",
        "category": "bus_stop",
        "routeCount": 3,
        "routes": [
          "DN-2/1",
          "DN-46",
          "DN-47"
        ]
      }
    },
    {
      "type": "Feature",
      "id": "stop_nawabpur",
      "geometry": {
        "type": "Point",
        "coordinates": [
          88.4655,
          22.6211
        ]
      },
      "properties": {
        "id": "stop_nawabpur",
        "name": "Nawabpur",
        "category": "bus_stop",
        "routeCount": 3,
        "routes": [
          "DN-2/1",
          "DN-46",
          "DN-47"
        ]
      }
    },
    {
      "type": "Feature",
      "id": "stop_durganagar",
      "geometry": {
        "type": "Point",
        "coordinates": [
          88.418201,
          22.652721
        ]
      },
      "properties": {
        "id": "stop_durganagar",
        "name": "Durganagar",
        "category": "bus_stop",
        "routeCount": 3,
        "routes": [
          "DN-2/1",
          "DN-44",
          "DN-46"
        ]
      }
    },
    {
      "type": "Feature",
      "id": "stop_mathkal",
      "geometry": {
        "type": "Point",
        "coordinates": [
          88.396799,
          22.653279
        ]
      },
      "properties": {
        "id": "stop_mathkal",
        "name": "Mathkal",
        "category": "bus_stop",
        "routeCount": 3,
        "routes": [
          "DN-2/1",
          "DN-44",
          "DN-46"
        ]
      }
    },
    {
      "type": "Feature",
      "id": "stop_dunlop_bridge",
      "geometry": {
        "type": "Point",
        "coordinates": [
          88.3715,
          22.6515
        ]
      },
      "properties": {
        "id": "stop_dunlop_bridge",
        "name": "Dunlop Bridge",
        "category": "bus_stop",
        "routeCount": 3,
        "routes": [
          "DN-2/1",
          "DN-44",
          "DN-46"
        ]
      }
    },
    {
      "type": "Feature",
      "id": "stop_barasat_colony",
      "geometry": {
        "type": "Point",
        "coordinates": [
          88.4855,
          22.7255
        ]
      },
      "properties": {
        "id": "stop_barasat_colony",
        "name": "Barasat Colony",
        "category": "bus_stop",
        "routeCount": 4,
        "routes": [
          "DN-5",
          "DN-8",
          "DN-43",
          "DN-47"
        ]
      }
    },
    {
      "type": "Feature",
      "id": "stop_barbaria",
      "geometry": {
        "type": "Point",
        "coordinates": [
          88.482929,
          22.732591
        ]
      },
      "properties": {
        "id": "stop_barbaria",
        "name": "Barbaria",
        "category": "bus_stop",
        "routeCount": 1,
        "routes": [
          "DN-5"
        ]
      }
    },
    {
      "type": "Feature",
      "id": "stop_jagannathpur",
      "geometry": {
        "type": "Point",
        "coordinates": [
          88.481138,
          22.74015
        ]
      },
      "properties": {
        "id": "stop_jagannathpur",
        "name": "Jagannathpur",
        "category": "bus_stop",
        "routeCount": 1,
        "routes": [
          "DN-5"
        ]
      }
    },
    {
      "type": "Feature",
      "id": "stop_kokapur",
      "geometry": {
        "type": "Point",
        "coordinates": [
          88.477801,
          22.746781
        ]
      },
      "properties": {
        "id": "stop_kokapur",
        "name": "Kokapur",
        "category": "bus_stop",
        "routeCount": 1,
        "routes": [
          "DN-5"
        ]
      }
    },
    {
      "type": "Feature",
      "id": "stop_rangapur",
      "geometry": {
        "type": "Point",
        "coordinates": [
          88.47675,
          22.754783
        ]
      },
      "properties": {
        "id": "stop_rangapur",
        "name": "Rangapur",
        "category": "bus_stop",
        "routeCount": 1,
        "routes": [
          "DN-5"
        ]
      }
    },
    {
      "type": "Feature",
      "id": "stop_nilgunge",
      "geometry": {
        "type": "Point",
        "coordinates": [
          88.472712,
          22.760994
        ]
      },
      "properties": {
        "id": "stop_nilgunge",
        "name": "Nilgunge",
        "category": "bus_stop",
        "routeCount": 1,
        "routes": [
          "DN-5"
        ]
      }
    },
    {
      "type": "Feature",
      "id": "stop_mathrangi",
      "geometry": {
        "type": "Point",
        "coordinates": [
          88.472311,
          22.769386
        ]
      },
      "properties": {
        "id": "stop_mathrangi",
        "name": "Mathrangi",
        "category": "bus_stop",
        "routeCount": 1,
        "routes": [
          "DN-5"
        ]
      }
    },
    {
      "type": "Feature",
      "id": "stop_chapuria",
      "geometry": {
        "type": "Point",
        "coordinates": [
          88.467685,
          22.775244
        ]
      },
      "properties": {
        "id": "stop_chapuria",
        "name": "Chapuria",
        "category": "bus_stop",
        "routeCount": 1,
        "routes": [
          "DN-5"
        ]
      }
    },
    {
      "type": "Feature",
      "id": "stop_debpukur",
      "geometry": {
        "type": "Point",
        "coordinates": [
          88.467799,
          22.783946
        ]
      },
      "properties": {
        "id": "stop_debpukur",
        "name": "Debpukur",
        "category": "bus_stop",
        "routeCount": 1,
        "routes": [
          "DN-5"
        ]
      }
    },
    {
      "type": "Feature",
      "id": "stop_wireless",
      "geometry": {
        "type": "Point",
        "coordinates": [
          88.463199,
          22.798452
        ]
      },
      "properties": {
        "id": "stop_wireless",
        "name": "Wireless",
        "category": "bus_stop",
        "routeCount": 1,
        "routes": [
          "DN-5"
        ]
      }
    },
    {
      "type": "Feature",
      "id": "stop_kundubari",
      "geometry": {
        "type": "Point",
        "coordinates": [
          88.457888,
          22.8039
        ]
      },
      "properties": {
        "id": "stop_kundubari",
        "name": "Kundubari",
        "category": "bus_stop",
        "routeCount": 1,
        "routes": [
          "DN-5"
        ]
      }
    },
    {
      "type": "Feature",
      "id": "stop_babanpur",
      "geometry": {
        "type": "Point",
        "coordinates": [
          88.4585,
          22.8129
        ]
      },
      "properties": {
        "id": "stop_babanpur",
        "name": "Babanpur",
        "category": "bus_stop",
        "routeCount": 1,
        "routes": [
          "DN-5"
        ]
      }
    },
    {
      "type": "Feature",
      "id": "stop_kayrapur",
      "geometry": {
        "type": "Point",
        "coordinates": [
          88.453138,
          22.818316
        ]
      },
      "properties": {
        "id": "stop_kayrapur",
        "name": "Kayrapur",
        "category": "bus_stop",
        "routeCount": 1,
        "routes": [
          "DN-5"
        ]
      }
    },
    {
      "type": "Feature",
      "id": "stop_muthurapur",
      "geometry": {
        "type": "Point",
        "coordinates": [
          88.453699,
          22.827286
        ]
      },
      "properties": {
        "id": "stop_muthurapur",
        "name": "Muthurapur",
        "category": "bus_stop",
        "routeCount": 1,
        "routes": [
          "DN-5"
        ]
      }
    },
    {
      "type": "Feature",
      "id": "stop_kowgachi",
      "geometry": {
        "type": "Point",
        "coordinates": [
          88.448489,
          22.832794
        ]
      },
      "properties": {
        "id": "stop_kowgachi",
        "name": "Kowgachi",
        "category": "bus_stop",
        "routeCount": 1,
        "routes": [
          "DN-5"
        ]
      }
    },
    {
      "type": "Feature",
      "id": "stop_hansia",
      "geometry": {
        "type": "Point",
        "coordinates": [
          88.448799,
          22.841612
        ]
      },
      "properties": {
        "id": "stop_hansia",
        "name": "Hansia",
        "category": "bus_stop",
        "routeCount": 1,
        "routes": [
          "DN-5"
        ]
      }
    },
    {
      "type": "Feature",
      "id": "stop_basudebpur",
      "geometry": {
        "type": "Point",
        "coordinates": [
          88.443935,
          22.847328
        ]
      },
      "properties": {
        "id": "stop_basudebpur",
        "name": "Basudebpur",
        "category": "bus_stop",
        "routeCount": 1,
        "routes": [
          "DN-5"
        ]
      }
    },
    {
      "type": "Feature",
      "id": "stop_gurdah",
      "geometry": {
        "type": "Point",
        "coordinates": [
          88.443811,
          22.855886
        ]
      },
      "properties": {
        "id": "stop_gurdah",
        "name": "Gurdah",
        "category": "bus_stop",
        "routeCount": 1,
        "routes": [
          "DN-5"
        ]
      }
    },
    {
      "type": "Feature",
      "id": "stop_keutia",
      "geometry": {
        "type": "Point",
        "coordinates": [
          88.439462,
          22.86191
        ]
      },
      "properties": {
        "id": "stop_keutia",
        "name": "Keutia",
        "category": "bus_stop",
        "routeCount": 1,
        "routes": [
          "DN-5"
        ]
      }
    },
    {
      "type": "Feature",
      "id": "stop_panpur",
      "geometry": {
        "type": "Point",
        "coordinates": [
          88.43875,
          22.870117
        ]
      },
      "properties": {
        "id": "stop_panpur",
        "name": "Panpur",
        "category": "bus_stop",
        "routeCount": 3,
        "routes": [
          "DN-5",
          "E-43",
          "E-53"
        ]
      }
    },
    {
      "type": "Feature",
      "id": "stop_banstala",
      "geometry": {
        "type": "Point",
        "coordinates": [
          88.435051,
          22.876531
        ]
      },
      "properties": {
        "id": "stop_banstala",
        "name": "Banstala",
        "category": "bus_stop",
        "routeCount": 1,
        "routes": [
          "DN-5"
        ]
      }
    },
    {
      "type": "Feature",
      "id": "stop_dogachia",
      "geometry": {
        "type": "Point",
        "coordinates": [
          88.433638,
          22.884316
        ]
      },
      "properties": {
        "id": "stop_dogachia",
        "name": "Dogachia",
        "category": "bus_stop",
        "routeCount": 3,
        "routes": [
          "DN-5",
          "DN-12",
          "DN-44"
        ]
      }
    },
    {
      "type": "Feature",
      "id": "stop_saheb_colony",
      "geometry": {
        "type": "Point",
        "coordinates": [
          88.430679,
          22.891175
        ]
      },
      "properties": {
        "id": "stop_saheb_colony",
        "name": "Saheb Colony",
        "category": "bus_stop",
        "routeCount": 1,
        "routes": [
          "DN-5"
        ]
      }
    },
    {
      "type": "Feature",
      "id": "stop_naihati_station",
      "geometry": {
        "type": "Point",
        "coordinates": [
          88.4285,
          22.8985
        ]
      },
      "properties": {
        "id": "stop_naihati_station",
        "name": "Naihati Station",
        "category": "bus_stop",
        "routeCount": 1,
        "routes": [
          "DN-5"
        ]
      }
    },
    {
      "type": "Feature",
      "id": "stop_madhyamgram",
      "geometry": {
        "type": "Point",
        "coordinates": [
          88.4555,
          22.6985
        ]
      },
      "properties": {
        "id": "stop_madhyamgram",
        "name": "Madhyamgram",
        "category": "bus_stop",
        "routeCount": 9,
        "routes": [
          "DN-8",
          "DN-9/1",
          "DN-16/1",
          "DN-17",
          "DN-18",
          "DN-43",
          "DN-44",
          "DN-47",
          "AC-2"
        ]
      }
    },
    {
      "type": "Feature",
      "id": "stop_bt_college",
      "geometry": {
        "type": "Point",
        "coordinates": [
          88.4655,
          22.7055
        ]
      },
      "properties": {
        "id": "stop_bt_college",
        "name": "BT College",
        "category": "bus_stop",
        "routeCount": 9,
        "routes": [
          "DN-8",
          "DN-9/1",
          "DN-16/1",
          "DN-17",
          "DN-18",
          "DN-44",
          "DN-47",
          "KB-21",
          "AC-2"
        ]
      }
    },
    {
      "type": "Feature",
      "id": "stop_saltlake_4no_tank",
      "geometry": {
        "type": "Point",
        "coordinates": [
          88.403189,
          22.587364
        ]
      },
      "properties": {
        "id": "stop_saltlake_4no_tank",
        "name": "Saltlake 4no Tank",
        "category": "bus_stop",
        "routeCount": 3,
        "routes": [
          "DN-8",
          "KB-17",
          "S-4"
        ]
      }
    },
    {
      "type": "Feature",
      "id": "stop_baisakhi",
      "geometry": {
        "type": "Point",
        "coordinates": [
          88.4105,
          22.5884
        ]
      },
      "properties": {
        "id": "stop_baisakhi",
        "name": "Baisakhi",
        "category": "bus_stop",
        "routeCount": 2,
        "routes": [
          "DN-8",
          "S-4"
        ]
      }
    },
    {
      "type": "Feature",
      "id": "stop_purta_bhawan",
      "geometry": {
        "type": "Point",
        "coordinates": [
          88.412689,
          22.586364
        ]
      },
      "properties": {
        "id": "stop_purta_bhawan",
        "name": "Purta Bhawan",
        "category": "bus_stop",
        "routeCount": 2,
        "routes": [
          "DN-8",
          "S-4"
        ]
      }
    },
    {
      "type": "Feature",
      "id": "stop_bongaon",
      "geometry": {
        "type": "Point",
        "coordinates": [
          88.8285,
          23.0485
        ]
      },
      "properties": {
        "id": "stop_bongaon",
        "name": "Bongaon",
        "category": "bus_stop",
        "routeCount": 2,
        "routes": [
          "DN-12",
          "DN-44"
        ]
      }
    },
    {
      "type": "Feature",
      "id": "stop_panchpota",
      "geometry": {
        "type": "Point",
        "coordinates": [
          88.829512,
          23.032787
        ]
      },
      "properties": {
        "id": "stop_panchpota",
        "name": "Panchpota",
        "category": "bus_stop",
        "routeCount": 2,
        "routes": [
          "DN-12",
          "DN-44"
        ]
      }
    },
    {
      "type": "Feature",
      "id": "stop_kalupur",
      "geometry": {
        "type": "Point",
        "coordinates": [
          88.831273,
          23.017524
        ]
      },
      "properties": {
        "id": "stop_kalupur",
        "name": "Kalupur",
        "category": "bus_stop",
        "routeCount": 3,
        "routes": [
          "DN-12",
          "DN-35",
          "DN-44"
        ]
      }
    },
    {
      "type": "Feature",
      "id": "stop_mondonpara",
      "geometry": {
        "type": "Point",
        "coordinates": [
          88.834023,
          22.986534
        ]
      },
      "properties": {
        "id": "stop_mondonpara",
        "name": "Mondonpara",
        "category": "bus_stop",
        "routeCount": 2,
        "routes": [
          "DN-12",
          "DN-44"
        ]
      }
    },
    {
      "type": "Feature",
      "id": "stop_chandpara",
      "geometry": {
        "type": "Point",
        "coordinates": [
          88.836727,
          22.955516
        ]
      },
      "properties": {
        "id": "stop_chandpara",
        "name": "Chandpara",
        "category": "bus_stop",
        "routeCount": 2,
        "routes": [
          "DN-12",
          "DN-44"
        ]
      }
    },
    {
      "type": "Feature",
      "id": "stop_bokchora",
      "geometry": {
        "type": "Point",
        "coordinates": [
          88.835744,
          22.938607
        ]
      },
      "properties": {
        "id": "stop_bokchora",
        "name": "Bokchora",
        "category": "bus_stop",
        "routeCount": 2,
        "routes": [
          "DN-12",
          "DN-44"
        ]
      }
    },
    {
      "type": "Feature",
      "id": "stop_gaighata",
      "geometry": {
        "type": "Point",
        "coordinates": [
          88.839366,
          22.92446
        ]
      },
      "properties": {
        "id": "stop_gaighata",
        "name": "Gaighata",
        "category": "bus_stop",
        "routeCount": 2,
        "routes": [
          "DN-12",
          "DN-44"
        ]
      }
    },
    {
      "type": "Feature",
      "id": "stop_amkola",
      "geometry": {
        "type": "Point",
        "coordinates": [
          88.837943,
          22.907286
        ]
      },
      "properties": {
        "id": "stop_amkola",
        "name": "Amkola",
        "category": "bus_stop",
        "routeCount": 1,
        "routes": [
          "DN-12"
        ]
      }
    },
    {
      "type": "Feature",
      "id": "stop_matikumra",
      "geometry": {
        "type": "Point",
        "coordinates": [
          88.841927,
          22.893356
        ]
      },
      "properties": {
        "id": "stop_matikumra",
        "name": "Matikumra",
        "category": "bus_stop",
        "routeCount": 1,
        "routes": [
          "DN-12"
        ]
      }
    },
    {
      "type": "Feature",
      "id": "stop_gobardanga",
      "geometry": {
        "type": "Point",
        "coordinates": [
          88.840227,
          22.876016
        ]
      },
      "properties": {
        "id": "stop_gobardanga",
        "name": "Gobardanga",
        "category": "bus_stop",
        "routeCount": 1,
        "routes": [
          "DN-12"
        ]
      }
    },
    {
      "type": "Feature",
      "id": "stop_nakpul_bazar",
      "geometry": {
        "type": "Point",
        "coordinates": [
          88.844397,
          22.862198
        ]
      },
      "properties": {
        "id": "stop_nakpul_bazar",
        "name": "Nakpul Bazar",
        "category": "bus_stop",
        "routeCount": 3,
        "routes": [
          "DN-12",
          "DN-12/1",
          "DN-35"
        ]
      }
    },
    {
      "type": "Feature",
      "id": "stop_machhlandapur",
      "geometry": {
        "type": "Point",
        "coordinates": [
          88.842603,
          22.844802
        ]
      },
      "properties": {
        "id": "stop_machhlandapur",
        "name": "Machhlandapur",
        "category": "bus_stop",
        "routeCount": 3,
        "routes": [
          "DN-12",
          "DN-12/1",
          "DN-35"
        ]
      }
    },
    {
      "type": "Feature",
      "id": "stop_biswashati",
      "geometry": {
        "type": "Point",
        "coordinates": [
          88.846773,
          22.830984
        ]
      },
      "properties": {
        "id": "stop_biswashati",
        "name": "Biswashati",
        "category": "bus_stop",
        "routeCount": 2,
        "routes": [
          "DN-12",
          "DN-12/1"
        ]
      }
    },
    {
      "type": "Feature",
      "id": "stop_shimulpur",
      "geometry": {
        "type": "Point",
        "coordinates": [
          88.845073,
          22.813644
        ]
      },
      "properties": {
        "id": "stop_shimulpur",
        "name": "Shimulpur",
        "category": "bus_stop",
        "routeCount": 2,
        "routes": [
          "DN-12",
          "DN-12/1"
        ]
      }
    },
    {
      "type": "Feature",
      "id": "stop_magra_bazar",
      "geometry": {
        "type": "Point",
        "coordinates": [
          88.849057,
          22.799714
        ]
      },
      "properties": {
        "id": "stop_magra_bazar",
        "name": "Magra Bazar",
        "category": "bus_stop",
        "routeCount": 2,
        "routes": [
          "DN-12",
          "DN-12/1"
        ]
      }
    },
    {
      "type": "Feature",
      "id": "stop_bagjola_bazar",
      "geometry": {
        "type": "Point",
        "coordinates": [
          88.847634,
          22.78254
        ]
      },
      "properties": {
        "id": "stop_bagjola_bazar",
        "name": "Bagjola Bazar",
        "category": "bus_stop",
        "routeCount": 2,
        "routes": [
          "DN-12",
          "DN-12/1"
        ]
      }
    },
    {
      "type": "Feature",
      "id": "stop_haidarpur",
      "geometry": {
        "type": "Point",
        "coordinates": [
          88.851256,
          22.768393
        ]
      },
      "properties": {
        "id": "stop_haidarpur",
        "name": "Haidarpur",
        "category": "bus_stop",
        "routeCount": 2,
        "routes": [
          "DN-12",
          "DN-12/1"
        ]
      }
    },
    {
      "type": "Feature",
      "id": "stop_rudrapur",
      "geometry": {
        "type": "Point",
        "coordinates": [
          88.850273,
          22.751484
        ]
      },
      "properties": {
        "id": "stop_rudrapur",
        "name": "Rudrapur",
        "category": "bus_stop",
        "routeCount": 2,
        "routes": [
          "DN-12",
          "DN-12/1"
        ]
      }
    },
    {
      "type": "Feature",
      "id": "stop_baduria_bazar",
      "geometry": {
        "type": "Point",
        "coordinates": [
          88.853382,
          22.737029
        ]
      },
      "properties": {
        "id": "stop_baduria_bazar",
        "name": "Baduria Bazar",
        "category": "bus_stop",
        "routeCount": 2,
        "routes": [
          "DN-12",
          "DN-12/1"
        ]
      }
    },
    {
      "type": "Feature",
      "id": "stop_taragunia",
      "geometry": {
        "type": "Point",
        "coordinates": [
          88.852977,
          22.720466
        ]
      },
      "properties": {
        "id": "stop_taragunia",
        "name": "Taragunia",
        "category": "bus_stop",
        "routeCount": 2,
        "routes": [
          "DN-12",
          "DN-12/1"
        ]
      }
    },
    {
      "type": "Feature",
      "id": "stop_gadarati",
      "geometry": {
        "type": "Point",
        "coordinates": [
          88.855452,
          22.705631
        ]
      },
      "properties": {
        "id": "stop_gadarati",
        "name": "Gadarati",
        "category": "bus_stop",
        "routeCount": 2,
        "routes": [
          "DN-12",
          "DN-12/1"
        ]
      }
    },
    {
      "type": "Feature",
      "id": "stop_kholapota",
      "geometry": {
        "type": "Point",
        "coordinates": [
          88.855727,
          22.689476
        ]
      },
      "properties": {
        "id": "stop_kholapota",
        "name": "Kholapota",
        "category": "bus_stop",
        "routeCount": 3,
        "routes": [
          "DN-12",
          "DN-12/1",
          "DN-13"
        ]
      }
    },
    {
      "type": "Feature",
      "id": "stop_trimohini",
      "geometry": {
        "type": "Point",
        "coordinates": [
          88.857488,
          22.674213
        ]
      },
      "properties": {
        "id": "stop_trimohini",
        "name": "Trimohini",
        "category": "bus_stop",
        "routeCount": 3,
        "routes": [
          "DN-12",
          "DN-12/1",
          "DN-13"
        ]
      }
    },
    {
      "type": "Feature",
      "id": "stop_basirhat",
      "geometry": {
        "type": "Point",
        "coordinates": [
          88.8585,
          22.6585
        ]
      },
      "properties": {
        "id": "stop_basirhat",
        "name": "Basirhat",
        "category": "bus_stop",
        "routeCount": 4,
        "routes": [
          "DN-12",
          "DN-12/1",
          "DN-13",
          "DN-38"
        ]
      }
    },
    {
      "type": "Feature",
      "id": "stop_habra_station",
      "geometry": {
        "type": "Point",
        "coordinates": [
          88.6585,
          22.8385
        ]
      },
      "properties": {
        "id": "stop_habra_station",
        "name": "Habra Station",
        "category": "bus_stop",
        "routeCount": 3,
        "routes": [
          "DN-12/1",
          "DN-35",
          "DN-44"
        ]
      }
    },
    {
      "type": "Feature",
      "id": "stop_joygachi",
      "geometry": {
        "type": "Point",
        "coordinates": [
          88.670707,
          22.827074
        ]
      },
      "properties": {
        "id": "stop_joygachi",
        "name": "Joygachi",
        "category": "bus_stop",
        "routeCount": 3,
        "routes": [
          "DN-12/1",
          "DN-35",
          "DN-44"
        ]
      }
    },
    {
      "type": "Feature",
      "id": "stop_payragachi",
      "geometry": {
        "type": "Point",
        "coordinates": [
          88.684074,
          22.816344
        ]
      },
      "properties": {
        "id": "stop_payragachi",
        "name": "Payragachi",
        "category": "bus_stop",
        "routeCount": 2,
        "routes": [
          "DN-12/1",
          "DN-35"
        ]
      }
    },
    {
      "type": "Feature",
      "id": "stop_bhabla_station",
      "geometry": {
        "type": "Point",
        "coordinates": [
          88.796676,
          22.646319
        ]
      },
      "properties": {
        "id": "stop_bhabla_station",
        "name": "Bhabla Station",
        "category": "bus_stop",
        "routeCount": 1,
        "routes": [
          "DN-12/1"
        ]
      }
    },
    {
      "type": "Feature",
      "id": "stop_pifa_bazar",
      "geometry": {
        "type": "Point",
        "coordinates": [
          88.737061,
          22.635461
        ]
      },
      "properties": {
        "id": "stop_pifa_bazar",
        "name": "Pifa Bazar",
        "category": "bus_stop",
        "routeCount": 1,
        "routes": [
          "DN-12/1"
        ]
      }
    },
    {
      "type": "Feature",
      "id": "stop_bhebia_chowrasta",
      "geometry": {
        "type": "Point",
        "coordinates": [
          88.673364,
          22.622157
        ]
      },
      "properties": {
        "id": "stop_bhebia_chowrasta",
        "name": "Bhebia Chowrasta",
        "category": "bus_stop",
        "routeCount": 1,
        "routes": [
          "DN-12/1"
        ]
      }
    },
    {
      "type": "Feature",
      "id": "stop_rajapur",
      "geometry": {
        "type": "Point",
        "coordinates": [
          88.615,
          22.61205
        ]
      },
      "properties": {
        "id": "stop_rajapur",
        "name": "Rajapur",
        "category": "bus_stop",
        "routeCount": 1,
        "routes": [
          "DN-12/1"
        ]
      }
    },
    {
      "type": "Feature",
      "id": "stop_kharampur",
      "geometry": {
        "type": "Point",
        "coordinates": [
          88.550864,
          22.598481
        ]
      },
      "properties": {
        "id": "stop_kharampur",
        "name": "Kharampur",
        "category": "bus_stop",
        "routeCount": 1,
        "routes": [
          "DN-12/1"
        ]
      }
    },
    {
      "type": "Feature",
      "id": "stop_akhratala",
      "geometry": {
        "type": "Point",
        "coordinates": [
          88.492061,
          22.588111
        ]
      },
      "properties": {
        "id": "stop_akhratala",
        "name": "Akhratala",
        "category": "bus_stop",
        "routeCount": 1,
        "routes": [
          "DN-12/1"
        ]
      }
    },
    {
      "type": "Feature",
      "id": "stop_metekhali",
      "geometry": {
        "type": "Point",
        "coordinates": [
          88.429176,
          22.575293
        ]
      },
      "properties": {
        "id": "stop_metekhali",
        "name": "Metekhali",
        "category": "bus_stop",
        "routeCount": 1,
        "routes": [
          "DN-12/1"
        ]
      }
    },
    {
      "type": "Feature",
      "id": "stop_nazat",
      "geometry": {
        "type": "Point",
        "coordinates": [
          88.3685,
          22.5638
        ]
      },
      "properties": {
        "id": "stop_nazat",
        "name": "Nazat",
        "category": "bus_stop",
        "routeCount": 1,
        "routes": [
          "DN-12/1"
        ]
      }
    },
    {
      "type": "Feature",
      "id": "stop_sadarpur",
      "geometry": {
        "type": "Point",
        "coordinates": [
          88.858036,
          22.658222
        ]
      },
      "properties": {
        "id": "stop_sadarpur",
        "name": "Sadarpur",
        "category": "bus_stop",
        "routeCount": 1,
        "routes": [
          "DN-13"
        ]
      }
    },
    {
      "type": "Feature",
      "id": "stop_madartala",
      "geometry": {
        "type": "Point",
        "coordinates": [
          88.859382,
          22.659029
        ]
      },
      "properties": {
        "id": "stop_madartala",
        "name": "Madartala",
        "category": "bus_stop",
        "routeCount": 1,
        "routes": [
          "DN-13"
        ]
      }
    },
    {
      "type": "Feature",
      "id": "stop_kendua_bazar",
      "geometry": {
        "type": "Point",
        "coordinates": [
          88.857286,
          22.657772
        ]
      },
      "properties": {
        "id": "stop_kendua_bazar",
        "name": "Kendua Bazar",
        "category": "bus_stop",
        "routeCount": 1,
        "routes": [
          "DN-13"
        ]
      }
    },
    {
      "type": "Feature",
      "id": "stop_malatipur",
      "geometry": {
        "type": "Point",
        "coordinates": [
          88.859927,
          22.659356
        ]
      },
      "properties": {
        "id": "stop_malatipur",
        "name": "Malatipur",
        "category": "bus_stop",
        "routeCount": 1,
        "routes": [
          "DN-13"
        ]
      }
    },
    {
      "type": "Feature",
      "id": "stop_korapara",
      "geometry": {
        "type": "Point",
        "coordinates": [
          88.857,
          22.6576
        ]
      },
      "properties": {
        "id": "stop_korapara",
        "name": "Korapara",
        "category": "bus_stop",
        "routeCount": 1,
        "routes": [
          "DN-13"
        ]
      }
    },
    {
      "type": "Feature",
      "id": "stop_ghoraras_beltala",
      "geometry": {
        "type": "Point",
        "coordinates": [
          88.859927,
          22.659356
        ]
      },
      "properties": {
        "id": "stop_ghoraras_beltala",
        "name": "Ghoraras Beltala",
        "category": "bus_stop",
        "routeCount": 1,
        "routes": [
          "DN-13"
        ]
      }
    },
    {
      "type": "Feature",
      "id": "stop_gopalpur",
      "geometry": {
        "type": "Point",
        "coordinates": [
          88.857286,
          22.657772
        ]
      },
      "properties": {
        "id": "stop_gopalpur",
        "name": "Gopalpur",
        "category": "bus_stop",
        "routeCount": 1,
        "routes": [
          "DN-13"
        ]
      }
    },
    {
      "type": "Feature",
      "id": "stop_sangrampur",
      "geometry": {
        "type": "Point",
        "coordinates": [
          88.5825,
          22.6006
        ]
      },
      "properties": {
        "id": "stop_sangrampur",
        "name": "Sangrampur",
        "category": "bus_stop",
        "routeCount": 2,
        "routes": [
          "DN-13",
          "DN-38"
        ]
      }
    },
    {
      "type": "Feature",
      "id": "stop_biramnagar",
      "geometry": {
        "type": "Point",
        "coordinates": [
          88.3095,
          22.5445
        ]
      },
      "properties": {
        "id": "stop_biramnagar",
        "name": "Biramnagar",
        "category": "bus_stop",
        "routeCount": 2,
        "routes": [
          "DN-13",
          "DN-38"
        ]
      }
    },
    {
      "type": "Feature",
      "id": "stop_gandharbapur",
      "geometry": {
        "type": "Point",
        "coordinates": [
          88.31338,
          22.545679
        ]
      },
      "properties": {
        "id": "stop_gandharbapur",
        "name": "Gandharbapur",
        "category": "bus_stop",
        "routeCount": 1,
        "routes": [
          "DN-13"
        ]
      }
    },
    {
      "type": "Feature",
      "id": "stop_katiahat_bazar",
      "geometry": {
        "type": "Point",
        "coordinates": [
          88.31858,
          22.547647
        ]
      },
      "properties": {
        "id": "stop_katiahat_bazar",
        "name": "Katiahat Bazar",
        "category": "bus_stop",
        "routeCount": 2,
        "routes": [
          "DN-13",
          "DN-38"
        ]
      }
    },
    {
      "type": "Feature",
      "id": "stop_aturia",
      "geometry": {
        "type": "Point",
        "coordinates": [
          88.321208,
          22.548075
        ]
      },
      "properties": {
        "id": "stop_aturia",
        "name": "Aturia",
        "category": "bus_stop",
        "routeCount": 3,
        "routes": [
          "DN-13",
          "DN-28",
          "DN-38"
        ]
      }
    },
    {
      "type": "Feature",
      "id": "stop_goaldaha",
      "geometry": {
        "type": "Point",
        "coordinates": [
          88.32753,
          22.550718
        ]
      },
      "properties": {
        "id": "stop_goaldaha",
        "name": "Goaldaha",
        "category": "bus_stop",
        "routeCount": 2,
        "routes": [
          "DN-13",
          "DN-38"
        ]
      }
    },
    {
      "type": "Feature",
      "id": "stop_gokulpur",
      "geometry": {
        "type": "Point",
        "coordinates": [
          88.32922,
          22.550582
        ]
      },
      "properties": {
        "id": "stop_gokulpur",
        "name": "Gokulpur",
        "category": "bus_stop",
        "routeCount": 2,
        "routes": [
          "DN-13",
          "DN-38"
        ]
      }
    },
    {
      "type": "Feature",
      "id": "stop_tentulia",
      "geometry": {
        "type": "Point",
        "coordinates": [
          88.336248,
          22.553648
        ]
      },
      "properties": {
        "id": "stop_tentulia",
        "name": "Tentulia",
        "category": "bus_stop",
        "routeCount": 3,
        "routes": [
          "DN-13",
          "DN-35",
          "DN-38"
        ]
      }
    },
    {
      "type": "Feature",
      "id": "stop_hathatgange",
      "geometry": {
        "type": "Point",
        "coordinates": [
          88.3375,
          22.55325
        ]
      },
      "properties": {
        "id": "stop_hathatgange",
        "name": "Hathatgange",
        "category": "bus_stop",
        "routeCount": 3,
        "routes": [
          "DN-13",
          "DN-35",
          "DN-38"
        ]
      }
    },
    {
      "type": "Feature",
      "id": "stop_swarupnagar",
      "geometry": {
        "type": "Point",
        "coordinates": [
          88.344676,
          22.556406
        ]
      },
      "properties": {
        "id": "stop_swarupnagar",
        "name": "Swarupnagar",
        "category": "bus_stop",
        "routeCount": 3,
        "routes": [
          "DN-13",
          "DN-35",
          "DN-38"
        ]
      }
    },
    {
      "type": "Feature",
      "id": "stop_sarapul",
      "geometry": {
        "type": "Point",
        "coordinates": [
          88.346078,
          22.556096
        ]
      },
      "properties": {
        "id": "stop_sarapul",
        "name": "Sarapul",
        "category": "bus_stop",
        "routeCount": 3,
        "routes": [
          "DN-13",
          "DN-35",
          "DN-38"
        ]
      }
    },
    {
      "type": "Feature",
      "id": "stop_dakbungalow_bazar",
      "geometry": {
        "type": "Point",
        "coordinates": [
          88.352816,
          22.55899
        ]
      },
      "properties": {
        "id": "stop_dakbungalow_bazar",
        "name": "Dakbungalow Bazar",
        "category": "bus_stop",
        "routeCount": 1,
        "routes": [
          "DN-13"
        ]
      }
    },
    {
      "type": "Feature",
      "id": "stop_nirman",
      "geometry": {
        "type": "Point",
        "coordinates": [
          88.354922,
          22.559103
        ]
      },
      "properties": {
        "id": "stop_nirman",
        "name": "Nirman",
        "category": "bus_stop",
        "routeCount": 2,
        "routes": [
          "DN-13",
          "DN-35"
        ]
      }
    },
    {
      "type": "Feature",
      "id": "stop_duttapara",
      "geometry": {
        "type": "Point",
        "coordinates": [
          88.360722,
          22.561433
        ]
      },
      "properties": {
        "id": "stop_duttapara",
        "name": "Duttapara",
        "category": "bus_stop",
        "routeCount": 2,
        "routes": [
          "DN-13",
          "DN-35"
        ]
      }
    },
    {
      "type": "Feature",
      "id": "stop_bithari",
      "geometry": {
        "type": "Point",
        "coordinates": [
          88.363952,
          22.562221
        ]
      },
      "properties": {
        "id": "stop_bithari",
        "name": "Bithari",
        "category": "bus_stop",
        "routeCount": 2,
        "routes": [
          "DN-13",
          "DN-35"
        ]
      }
    },
    {
      "type": "Feature",
      "id": "stop_hakimpur",
      "geometry": {
        "type": "Point",
        "coordinates": [
          88.3685,
          22.5638
        ]
      },
      "properties": {
        "id": "stop_hakimpur",
        "name": "Hakimpur",
        "category": "bus_stop",
        "routeCount": 1,
        "routes": [
          "DN-13"
        ]
      }
    },
    {
      "type": "Feature",
      "id": "stop_nicco_park",
      "geometry": {
        "type": "Point",
        "coordinates": [
          88.4235,
          22.5695
        ]
      },
      "properties": {
        "id": "stop_nicco_park",
        "name": "Nicco Park",
        "category": "bus_stop",
        "routeCount": 6,
        "routes": [
          "DN-16/1",
          "KB-12",
          "S-3W",
          "S-4D",
          "AC-4A",
          "AC-4B"
        ]
      }
    },
    {
      "type": "Feature",
      "id": "stop_chingrighata",
      "geometry": {
        "type": "Point",
        "coordinates": [
          88.4055,
          22.5655
        ]
      },
      "properties": {
        "id": "stop_chingrighata",
        "name": "Chingrighata",
        "category": "bus_stop",
        "routeCount": 7,
        "routes": [
          "DN-16/1",
          "KB-12",
          "S-3W",
          "S-4",
          "S-4D",
          "AC-4A",
          "AC-4B"
        ]
      }
    },
    {
      "type": "Feature",
      "id": "stop_mathpukur",
      "geometry": {
        "type": "Point",
        "coordinates": [
          88.3995,
          22.5526
        ]
      },
      "properties": {
        "id": "stop_mathpukur",
        "name": "Mathpukur",
        "category": "bus_stop",
        "routeCount": 6,
        "routes": [
          "DN-16/1",
          "S-3W",
          "S-4",
          "S-4D",
          "AC-4A",
          "AC-4B"
        ]
      }
    },
    {
      "type": "Feature",
      "id": "stop_calcutta_leather_complex",
      "geometry": {
        "type": "Point",
        "coordinates": [
          88.4715,
          22.5185
        ]
      },
      "properties": {
        "id": "stop_calcutta_leather_complex",
        "name": "Calcutta Leather Complex",
        "category": "bus_stop",
        "routeCount": 1,
        "routes": [
          "DN-16/1"
        ]
      }
    },
    {
      "type": "Feature",
      "id": "stop_mathbari",
      "geometry": {
        "type": "Point",
        "coordinates": [
          88.706431,
          22.487081
        ]
      },
      "properties": {
        "id": "stop_mathbari",
        "name": "Mathbari",
        "category": "bus_stop",
        "routeCount": 1,
        "routes": [
          "DN-16/1"
        ]
      }
    },
    {
      "type": "Feature",
      "id": "stop_rajbari",
      "geometry": {
        "type": "Point",
        "coordinates": [
          88.656353,
          22.486857
        ]
      },
      "properties": {
        "id": "stop_rajbari",
        "name": "Rajbari",
        "category": "bus_stop",
        "routeCount": 1,
        "routes": [
          "DN-16/1"
        ]
      }
    },
    {
      "type": "Feature",
      "id": "stop_shirishtala",
      "geometry": {
        "type": "Point",
        "coordinates": [
          88.602534,
          22.484388
        ]
      },
      "properties": {
        "id": "stop_shirishtala",
        "name": "Shirishtala",
        "category": "bus_stop",
        "routeCount": 1,
        "routes": [
          "DN-16/1"
        ]
      }
    },
    {
      "type": "Feature",
      "id": "stop_kanmari",
      "geometry": {
        "type": "Point",
        "coordinates": [
          88.499245,
          22.482058
        ]
      },
      "properties": {
        "id": "stop_kanmari",
        "name": "Kanmari",
        "category": "bus_stop",
        "routeCount": 1,
        "routes": [
          "DN-16/1"
        ]
      }
    },
    {
      "type": "Feature",
      "id": "stop_fakirtala",
      "geometry": {
        "type": "Point",
        "coordinates": [
          88.346569,
          22.479919
        ]
      },
      "properties": {
        "id": "stop_fakirtala",
        "name": "Fakirtala",
        "category": "bus_stop",
        "routeCount": 1,
        "routes": [
          "DN-16/1"
        ]
      }
    },
    {
      "type": "Feature",
      "id": "stop_rampur",
      "geometry": {
        "type": "Point",
        "coordinates": [
          88.2945,
          22.4785
        ]
      },
      "properties": {
        "id": "stop_rampur",
        "name": "Rampur",
        "category": "bus_stop",
        "routeCount": 2,
        "routes": [
          "DN-16/1",
          "E-44"
        ]
      }
    },
    {
      "type": "Feature",
      "id": "stop_sukantanagar",
      "geometry": {
        "type": "Point",
        "coordinates": [
          88.402868,
          22.671054
        ]
      },
      "properties": {
        "id": "stop_sukantanagar",
        "name": "Sukantanagar",
        "category": "bus_stop",
        "routeCount": 3,
        "routes": [
          "DN-17",
          "KB-12",
          "KB-21"
        ]
      }
    },
    {
      "type": "Feature",
      "id": "stop_michaelnagar",
      "geometry": {
        "type": "Point",
        "coordinates": [
          88.344132,
          22.638946
        ]
      },
      "properties": {
        "id": "stop_michaelnagar",
        "name": "Michaelnagar",
        "category": "bus_stop",
        "routeCount": 4,
        "routes": [
          "DN-17",
          "DN-44",
          "DN-47",
          "KB-21"
        ]
      }
    },
    {
      "type": "Feature",
      "id": "stop_bankra",
      "geometry": {
        "type": "Point",
        "coordinates": [
          88.2815,
          22.6045
        ]
      },
      "properties": {
        "id": "stop_bankra",
        "name": "Bankra",
        "category": "bus_stop",
        "routeCount": 2,
        "routes": [
          "DN-17",
          "KB-21"
        ]
      }
    },
    {
      "type": "Feature",
      "id": "stop_akashbani_bhawan",
      "geometry": {
        "type": "Point",
        "coordinates": [
          88.34485,
          22.56525
        ]
      },
      "properties": {
        "id": "stop_akashbani_bhawan",
        "name": "Akashbani Bhawan",
        "category": "bus_stop",
        "routeCount": 1,
        "routes": [
          "DN-17"
        ]
      }
    },
    {
      "type": "Feature",
      "id": "stop_vidyasagar_setu",
      "geometry": {
        "type": "Point",
        "coordinates": [
          88.3265,
          22.5565
        ]
      },
      "properties": {
        "id": "stop_vidyasagar_setu",
        "name": "Vidyasagar Setu",
        "category": "bus_stop",
        "routeCount": 7,
        "routes": [
          "DN-17",
          "K-11",
          "KB-15",
          "S-2N",
          "S-5N",
          "S-5C/N",
          "S-7N"
        ]
      }
    },
    {
      "type": "Feature",
      "id": "stop_carry_road",
      "geometry": {
        "type": "Point",
        "coordinates": [
          88.3115,
          22.5645
        ]
      },
      "properties": {
        "id": "stop_carry_road",
        "name": "Carry Road",
        "category": "bus_stop",
        "routeCount": 3,
        "routes": [
          "DN-17",
          "K-11",
          "KB-15"
        ]
      }
    },
    {
      "type": "Feature",
      "id": "stop_belepole",
      "geometry": {
        "type": "Point",
        "coordinates": [
          88.3015,
          22.5685
        ]
      },
      "properties": {
        "id": "stop_belepole",
        "name": "Belepole",
        "category": "bus_stop",
        "routeCount": 3,
        "routes": [
          "DN-17",
          "K-11",
          "KB-15"
        ]
      }
    },
    {
      "type": "Feature",
      "id": "stop_baksara",
      "geometry": {
        "type": "Point",
        "coordinates": [
          88.2915,
          22.5715
        ]
      },
      "properties": {
        "id": "stop_baksara",
        "name": "Baksara",
        "category": "bus_stop",
        "routeCount": 3,
        "routes": [
          "DN-17",
          "K-11",
          "KB-15"
        ]
      }
    },
    {
      "type": "Feature",
      "id": "stop_santragachi",
      "geometry": {
        "type": "Point",
        "coordinates": [
          88.2815,
          22.5785
        ]
      },
      "properties": {
        "id": "stop_santragachi",
        "name": "Santragachi",
        "category": "bus_stop",
        "routeCount": 3,
        "routes": [
          "DN-17",
          "K-11",
          "KB-15"
        ]
      }
    },
    {
      "type": "Feature",
      "id": "stop_deganga",
      "geometry": {
        "type": "Point",
        "coordinates": [
          88.391618,
          22.563831
        ]
      },
      "properties": {
        "id": "stop_deganga",
        "name": "Deganga",
        "category": "bus_stop",
        "routeCount": 2,
        "routes": [
          "DN-18",
          "DN-28"
        ]
      }
    },
    {
      "type": "Feature",
      "id": "stop_berachampa",
      "geometry": {
        "type": "Point",
        "coordinates": [
          88.387927,
          22.565076
        ]
      },
      "properties": {
        "id": "stop_berachampa",
        "name": "Berachampa",
        "category": "bus_stop",
        "routeCount": 2,
        "routes": [
          "DN-18",
          "DN-28"
        ]
      }
    },
    {
      "type": "Feature",
      "id": "stop_jadurhati",
      "geometry": {
        "type": "Point",
        "coordinates": [
          88.379073,
          22.563224
        ]
      },
      "properties": {
        "id": "stop_jadurhati",
        "name": "Jadurhati",
        "category": "bus_stop",
        "routeCount": 1,
        "routes": [
          "DN-18"
        ]
      }
    },
    {
      "type": "Feature",
      "id": "stop_raghunathpur",
      "geometry": {
        "type": "Point",
        "coordinates": [
          88.375382,
          22.564469
        ]
      },
      "properties": {
        "id": "stop_raghunathpur",
        "name": "Raghunathpur",
        "category": "bus_stop",
        "routeCount": 1,
        "routes": [
          "DN-18"
        ]
      }
    },
    {
      "type": "Feature",
      "id": "stop_baduria",
      "geometry": {
        "type": "Point",
        "coordinates": [
          88.3685,
          22.5638
        ]
      },
      "properties": {
        "id": "stop_baduria",
        "name": "Baduria",
        "category": "bus_stop",
        "routeCount": 1,
        "routes": [
          "DN-18"
        ]
      }
    },
    {
      "type": "Feature",
      "id": "stop_hadipur",
      "geometry": {
        "type": "Point",
        "coordinates": [
          88.340466,
          22.551946
        ]
      },
      "properties": {
        "id": "stop_hadipur",
        "name": "Hadipur",
        "category": "bus_stop",
        "routeCount": 1,
        "routes": [
          "DN-28"
        ]
      }
    },
    {
      "type": "Feature",
      "id": "stop_hamadama",
      "geometry": {
        "type": "Point",
        "coordinates": [
          88.323583,
          22.547383
        ]
      },
      "properties": {
        "id": "stop_hamadama",
        "name": "Hamadama",
        "category": "bus_stop",
        "routeCount": 1,
        "routes": [
          "DN-28"
        ]
      }
    },
    {
      "type": "Feature",
      "id": "stop_adampur",
      "geometry": {
        "type": "Point",
        "coordinates": [
          88.3375,
          22.55325
        ]
      },
      "properties": {
        "id": "stop_adampur",
        "name": "Adampur",
        "category": "bus_stop",
        "routeCount": 1,
        "routes": [
          "DN-28"
        ]
      }
    },
    {
      "type": "Feature",
      "id": "stop_haroa_bazar",
      "geometry": {
        "type": "Point",
        "coordinates": [
          88.3685,
          22.5638
        ]
      },
      "properties": {
        "id": "stop_haroa_bazar",
        "name": "Haroa Bazar",
        "category": "bus_stop",
        "routeCount": 1,
        "routes": [
          "DN-28"
        ]
      }
    },
    {
      "type": "Feature",
      "id": "stop_duttapukur",
      "geometry": {
        "type": "Point",
        "coordinates": [
          88.5485,
          22.7685
        ]
      },
      "properties": {
        "id": "stop_duttapukur",
        "name": "Duttapukur",
        "category": "bus_stop",
        "routeCount": 2,
        "routes": [
          "DN-35",
          "DN-44"
        ]
      }
    },
    {
      "type": "Feature",
      "id": "stop_bira_chowmatha",
      "geometry": {
        "type": "Point",
        "coordinates": [
          88.567439,
          22.782864
        ]
      },
      "properties": {
        "id": "stop_bira_chowmatha",
        "name": "Bira Chowmatha",
        "category": "bus_stop",
        "routeCount": 2,
        "routes": [
          "DN-35",
          "DN-44"
        ]
      }
    },
    {
      "type": "Feature",
      "id": "stop_guma_chowmatha",
      "geometry": {
        "type": "Point",
        "coordinates": [
          88.59,
          22.7994
        ]
      },
      "properties": {
        "id": "stop_guma_chowmatha",
        "name": "Guma Chowmatha",
        "category": "bus_stop",
        "routeCount": 2,
        "routes": [
          "DN-35",
          "DN-44"
        ]
      }
    },
    {
      "type": "Feature",
      "id": "stop_khosdelpur",
      "geometry": {
        "type": "Point",
        "coordinates": [
          88.607439,
          22.812864
        ]
      },
      "properties": {
        "id": "stop_khosdelpur",
        "name": "Khosdelpur",
        "category": "bus_stop",
        "routeCount": 2,
        "routes": [
          "DN-35",
          "DN-44"
        ]
      }
    },
    {
      "type": "Feature",
      "id": "stop_ashoknagar_station",
      "geometry": {
        "type": "Point",
        "coordinates": [
          88.6285,
          22.8285
        ]
      },
      "properties": {
        "id": "stop_ashoknagar_station",
        "name": "Ashoknagar Station",
        "category": "bus_stop",
        "routeCount": 2,
        "routes": [
          "DN-35",
          "DN-44"
        ]
      }
    },
    {
      "type": "Feature",
      "id": "stop_chatra_bazar",
      "geometry": {
        "type": "Point",
        "coordinates": [
          88.59451,
          22.778215
        ]
      },
      "properties": {
        "id": "stop_chatra_bazar",
        "name": "Chatra Bazar",
        "category": "bus_stop",
        "routeCount": 1,
        "routes": [
          "DN-35"
        ]
      }
    },
    {
      "type": "Feature",
      "id": "stop_benar",
      "geometry": {
        "type": "Point",
        "coordinates": [
          88.558962,
          22.743751
        ]
      },
      "properties": {
        "id": "stop_benar",
        "name": "Benar",
        "category": "bus_stop",
        "routeCount": 1,
        "routes": [
          "DN-35"
        ]
      }
    },
    {
      "type": "Feature",
      "id": "stop_kayosa_bazar",
      "geometry": {
        "type": "Point",
        "coordinates": [
          88.543609,
          22.730161
        ]
      },
      "properties": {
        "id": "stop_kayosa_bazar",
        "name": "Kayosa Bazar",
        "category": "bus_stop",
        "routeCount": 1,
        "routes": [
          "DN-35"
        ]
      }
    },
    {
      "type": "Feature",
      "id": "stop_ramchandrapur_bazar",
      "geometry": {
        "type": "Point",
        "coordinates": [
          88.533882,
          22.719946
        ]
      },
      "properties": {
        "id": "stop_ramchandrapur_bazar",
        "name": "Ramchandrapur Bazar",
        "category": "bus_stop",
        "routeCount": 1,
        "routes": [
          "DN-35"
        ]
      }
    },
    {
      "type": "Feature",
      "id": "stop_malangapara",
      "geometry": {
        "type": "Point",
        "coordinates": [
          88.483391,
          22.672139
        ]
      },
      "properties": {
        "id": "stop_malangapara",
        "name": "Malangapara",
        "category": "bus_stop",
        "routeCount": 1,
        "routes": [
          "DN-35"
        ]
      }
    },
    {
      "type": "Feature",
      "id": "stop_mallickbari",
      "geometry": {
        "type": "Point",
        "coordinates": [
          88.468038,
          22.658549
        ]
      },
      "properties": {
        "id": "stop_mallickbari",
        "name": "Mallickbari",
        "category": "bus_stop",
        "routeCount": 1,
        "routes": [
          "DN-35"
        ]
      }
    },
    {
      "type": "Feature",
      "id": "stop_nandibari",
      "geometry": {
        "type": "Point",
        "coordinates": [
          88.418156,
          22.611106
        ]
      },
      "properties": {
        "id": "stop_nandibari",
        "name": "Nandibari",
        "category": "bus_stop",
        "routeCount": 1,
        "routes": [
          "DN-35"
        ]
      }
    },
    {
      "type": "Feature",
      "id": "stop_goalbathan",
      "geometry": {
        "type": "Point",
        "coordinates": [
          88.393312,
          22.587444
        ]
      },
      "properties": {
        "id": "stop_goalbathan",
        "name": "Goalbathan",
        "category": "bus_stop",
        "routeCount": 1,
        "routes": [
          "DN-35"
        ]
      }
    },
    {
      "type": "Feature",
      "id": "stop_balti_bazar",
      "geometry": {
        "type": "Point",
        "coordinates": [
          88.381313,
          22.575866
        ]
      },
      "properties": {
        "id": "stop_balti_bazar",
        "name": "Balti Bazar",
        "category": "bus_stop",
        "routeCount": 1,
        "routes": [
          "DN-35"
        ]
      }
    },
    {
      "type": "Feature",
      "id": "stop_nabatkati",
      "geometry": {
        "type": "Point",
        "coordinates": [
          88.3685,
          22.5638
        ]
      },
      "properties": {
        "id": "stop_nabatkati",
        "name": "Nabatkati",
        "category": "bus_stop",
        "routeCount": 1,
        "routes": [
          "DN-35"
        ]
      }
    },
    {
      "type": "Feature",
      "id": "stop_raghabkati",
      "geometry": {
        "type": "Point",
        "coordinates": [
          88.356962,
          22.559804
        ]
      },
      "properties": {
        "id": "stop_raghabkati",
        "name": "Raghabkati",
        "category": "bus_stop",
        "routeCount": 1,
        "routes": [
          "DN-38"
        ]
      }
    },
    {
      "type": "Feature",
      "id": "stop_gobindapur",
      "geometry": {
        "type": "Point",
        "coordinates": [
          88.363559,
          22.562299
        ]
      },
      "properties": {
        "id": "stop_gobindapur",
        "name": "Gobindapur",
        "category": "bus_stop",
        "routeCount": 1,
        "routes": [
          "DN-38"
        ]
      }
    },
    {
      "type": "Feature",
      "id": "stop_taranipur",
      "geometry": {
        "type": "Point",
        "coordinates": [
          88.3685,
          22.5638
        ]
      },
      "properties": {
        "id": "stop_taranipur",
        "name": "Taranipur",
        "category": "bus_stop",
        "routeCount": 1,
        "routes": [
          "DN-38"
        ]
      }
    },
    {
      "type": "Feature",
      "id": "stop_sajirhat",
      "geometry": {
        "type": "Point",
        "coordinates": [
          88.444426,
          22.692281
        ]
      },
      "properties": {
        "id": "stop_sajirhat",
        "name": "Sajirhat",
        "category": "bus_stop",
        "routeCount": 1,
        "routes": [
          "DN-43"
        ]
      }
    },
    {
      "type": "Feature",
      "id": "stop_boardghar",
      "geometry": {
        "type": "Point",
        "coordinates": [
          88.435561,
          22.687386
        ]
      },
      "properties": {
        "id": "stop_boardghar",
        "name": "Boardghar",
        "category": "bus_stop",
        "routeCount": 1,
        "routes": [
          "DN-43"
        ]
      }
    },
    {
      "type": "Feature",
      "id": "stop_muragacha",
      "geometry": {
        "type": "Point",
        "coordinates": [
          88.422614,
          22.680044
        ]
      },
      "properties": {
        "id": "stop_muragacha",
        "name": "Muragacha",
        "category": "bus_stop",
        "routeCount": 1,
        "routes": [
          "DN-43"
        ]
      }
    },
    {
      "type": "Feature",
      "id": "stop_ghola_bazar",
      "geometry": {
        "type": "Point",
        "coordinates": [
          88.415,
          22.6759
        ]
      },
      "properties": {
        "id": "stop_ghola_bazar",
        "name": "Ghola Bazar",
        "category": "bus_stop",
        "routeCount": 1,
        "routes": [
          "DN-43"
        ]
      }
    },
    {
      "type": "Feature",
      "id": "stop_bagna",
      "geometry": {
        "type": "Point",
        "coordinates": [
          87.9715,
          22.4685
        ]
      },
      "properties": {
        "id": "stop_bagna",
        "name": "Bagna",
        "category": "bus_stop",
        "routeCount": 1,
        "routes": [
          "DN-44"
        ]
      }
    },
    {
      "type": "Feature",
      "id": "stop_dharampur",
      "geometry": {
        "type": "Point",
        "coordinates": [
          88.056801,
          22.514406
        ]
      },
      "properties": {
        "id": "stop_dharampur",
        "name": "Dharampur",
        "category": "bus_stop",
        "routeCount": 1,
        "routes": [
          "DN-44"
        ]
      }
    },
    {
      "type": "Feature",
      "id": "stop_kolashim_bazar",
      "geometry": {
        "type": "Point",
        "coordinates": [
          88.144311,
          22.561636
        ]
      },
      "properties": {
        "id": "stop_kolashim_bazar",
        "name": "Kolashim Bazar",
        "category": "bus_stop",
        "routeCount": 1,
        "routes": [
          "DN-44"
        ]
      }
    },
    {
      "type": "Feature",
      "id": "stop_kulpukur",
      "geometry": {
        "type": "Point",
        "coordinates": [
          88.227739,
          22.606419
        ]
      },
      "properties": {
        "id": "stop_kulpukur",
        "name": "Kulpukur",
        "category": "bus_stop",
        "routeCount": 1,
        "routes": [
          "DN-44"
        ]
      }
    },
    {
      "type": "Feature",
      "id": "stop_chongda",
      "geometry": {
        "type": "Point",
        "coordinates": [
          88.3165,
          22.6544
        ]
      },
      "properties": {
        "id": "stop_chongda",
        "name": "Chongda",
        "category": "bus_stop",
        "routeCount": 1,
        "routes": [
          "DN-44"
        ]
      }
    },
    {
      "type": "Feature",
      "id": "stop_hatthuba",
      "geometry": {
        "type": "Point",
        "coordinates": [
          88.399489,
          22.698919
        ]
      },
      "properties": {
        "id": "stop_hatthuba",
        "name": "Hatthuba",
        "category": "bus_stop",
        "routeCount": 1,
        "routes": [
          "DN-44"
        ]
      }
    },
    {
      "type": "Feature",
      "id": "stop_saptapally",
      "geometry": {
        "type": "Point",
        "coordinates": [
          88.487811,
          22.746636
        ]
      },
      "properties": {
        "id": "stop_saptapally",
        "name": "Saptapally",
        "category": "bus_stop",
        "routeCount": 1,
        "routes": [
          "DN-44"
        ]
      }
    },
    {
      "type": "Feature",
      "id": "stop_joypul_bazar",
      "geometry": {
        "type": "Point",
        "coordinates": [
          88.565382,
          22.781029
        ]
      },
      "properties": {
        "id": "stop_joypul_bazar",
        "name": "Joypul Bazar",
        "category": "bus_stop",
        "routeCount": 1,
        "routes": [
          "DN-44"
        ]
      }
    },
    {
      "type": "Feature",
      "id": "stop_mondonkathi",
      "geometry": {
        "type": "Point",
        "coordinates": [
          88.5165,
          22.7459
        ]
      },
      "properties": {
        "id": "stop_mondonkathi",
        "name": "Mondonkathi",
        "category": "bus_stop",
        "routeCount": 1,
        "routes": [
          "DN-44"
        ]
      }
    },
    {
      "type": "Feature",
      "id": "stop_belgharia_expressway",
      "geometry": {
        "type": "Point",
        "coordinates": [
          88.424439,
          22.653114
        ]
      },
      "properties": {
        "id": "stop_belgharia_expressway",
        "name": "Belgharia Expressway",
        "category": "bus_stop",
        "routeCount": 1,
        "routes": [
          "DN-44"
        ]
      }
    },
    {
      "type": "Feature",
      "id": "stop_narkelbagan",
      "geometry": {
        "type": "Point",
        "coordinates": [
          88.4755,
          22.5865
        ]
      },
      "properties": {
        "id": "stop_narkelbagan",
        "name": "Narkelbagan",
        "category": "bus_stop",
        "routeCount": 10,
        "routes": [
          "DN-46",
          "DN-47",
          "K-1",
          "KB-12",
          "KB-16",
          "KB-17",
          "KB-22",
          "KB-24",
          "S-3W",
          "AC-4A"
        ]
      }
    },
    {
      "type": "Feature",
      "id": "stop_axis_mall",
      "geometry": {
        "type": "Point",
        "coordinates": [
          88.4725,
          22.5845
        ]
      },
      "properties": {
        "id": "stop_axis_mall",
        "name": "Axis Mall",
        "category": "bus_stop",
        "routeCount": 10,
        "routes": [
          "DN-46",
          "DN-47",
          "K-1",
          "KB-12",
          "KB-16",
          "KB-17",
          "KB-22",
          "KB-24",
          "S-3W",
          "AC-4A"
        ]
      }
    },
    {
      "type": "Feature",
      "id": "stop_newtown",
      "geometry": {
        "type": "Point",
        "coordinates": [
          88.4685,
          22.5815
        ]
      },
      "properties": {
        "id": "stop_newtown",
        "name": "Newtown",
        "category": "bus_stop",
        "routeCount": 12,
        "routes": [
          "DN-46",
          "DN-47",
          "K-1",
          "KB-12",
          "KB-16",
          "KB-17",
          "KB-22",
          "KB-24",
          "S-3W",
          "S-4D",
          "AC-4A",
          "AC-4B"
        ]
      }
    },
    {
      "type": "Feature",
      "id": "stop_dlf_1",
      "geometry": {
        "type": "Point",
        "coordinates": [
          88.4645,
          22.5825
        ]
      },
      "properties": {
        "id": "stop_dlf_1",
        "name": "DLF 1",
        "category": "bus_stop",
        "routeCount": 12,
        "routes": [
          "DN-46",
          "DN-47",
          "K-1",
          "KB-12",
          "KB-16",
          "KB-17",
          "KB-22",
          "KB-24",
          "S-3W",
          "S-4D",
          "AC-4A",
          "AC-4B"
        ]
      }
    },
    {
      "type": "Feature",
      "id": "stop_jatragachi",
      "geometry": {
        "type": "Point",
        "coordinates": [
          88.469,
          22.5966
        ]
      },
      "properties": {
        "id": "stop_jatragachi",
        "name": "Jatragachi",
        "category": "bus_stop",
        "routeCount": 1,
        "routes": [
          "DN-47"
        ]
      }
    },
    {
      "type": "Feature",
      "id": "stop_saltlake_10no_tank",
      "geometry": {
        "type": "Point",
        "coordinates": [
          88.425,
          22.5826
        ]
      },
      "properties": {
        "id": "stop_saltlake_10no_tank",
        "name": "Saltlake 10no Tank",
        "category": "bus_stop",
        "routeCount": 3,
        "routes": [
          "DN-47",
          "K-1",
          "KB-16"
        ]
      }
    },
    {
      "type": "Feature",
      "id": "stop_hatishala",
      "geometry": {
        "type": "Point",
        "coordinates": [
          88.3315,
          22.5245
        ]
      },
      "properties": {
        "id": "stop_hatishala",
        "name": "Hatishala",
        "category": "bus_stop",
        "routeCount": 3,
        "routes": [
          "K-1",
          "KB-22",
          "KB-24"
        ]
      }
    },
    {
      "type": "Feature",
      "id": "stop_ultadanga_hudco",
      "geometry": {
        "type": "Point",
        "coordinates": [
          88.3915,
          22.5935
        ]
      },
      "properties": {
        "id": "stop_ultadanga_hudco",
        "name": "Ultadanga Hudco",
        "category": "bus_stop",
        "routeCount": 2,
        "routes": [
          "K-1",
          "KB-16"
        ]
      }
    },
    {
      "type": "Feature",
      "id": "stop_kolkata_station",
      "geometry": {
        "type": "Point",
        "coordinates": [
          88.3685,
          22.5638
        ]
      },
      "properties": {
        "id": "stop_kolkata_station",
        "name": "Kolkata Station",
        "category": "bus_stop",
        "routeCount": 3,
        "routes": [
          "K-1",
          "KB-22",
          "KB-24"
        ]
      }
    },
    {
      "type": "Feature",
      "id": "stop_tantipara",
      "geometry": {
        "type": "Point",
        "coordinates": [
          88.364201,
          22.651388
        ]
      },
      "properties": {
        "id": "stop_tantipara",
        "name": "Tantipara",
        "category": "bus_stop",
        "routeCount": 1,
        "routes": [
          "K-4"
        ]
      }
    },
    {
      "type": "Feature",
      "id": "stop_sabedabagan",
      "geometry": {
        "type": "Point",
        "coordinates": [
          88.369799,
          22.652612
        ]
      },
      "properties": {
        "id": "stop_sabedabagan",
        "name": "Sabedabagan",
        "category": "bus_stop",
        "routeCount": 1,
        "routes": [
          "K-4"
        ]
      }
    },
    {
      "type": "Feature",
      "id": "stop_indian_statistical_institute",
      "geometry": {
        "type": "Point",
        "coordinates": [
          88.37,
          22.6476
        ]
      },
      "properties": {
        "id": "stop_indian_statistical_institute",
        "name": "Indian Statistical Institute",
        "category": "bus_stop",
        "routeCount": 1,
        "routes": [
          "K-4"
        ]
      }
    },
    {
      "type": "Feature",
      "id": "stop_sukea_street",
      "geometry": {
        "type": "Point",
        "coordinates": [
          88.3735,
          22.5791
        ]
      },
      "properties": {
        "id": "stop_sukea_street",
        "name": "Sukea Street",
        "category": "bus_stop",
        "routeCount": 2,
        "routes": [
          "K-4",
          "KB-21"
        ]
      }
    },
    {
      "type": "Feature",
      "id": "stop_uttar_panchannagram",
      "geometry": {
        "type": "Point",
        "coordinates": [
          88.396,
          22.5346
        ]
      },
      "properties": {
        "id": "stop_uttar_panchannagram",
        "name": "Uttar Panchannagram",
        "category": "bus_stop",
        "routeCount": 6,
        "routes": [
          "K-4",
          "S-3W",
          "S-4",
          "S-4D",
          "AC-4A",
          "AC-4B"
        ]
      }
    },
    {
      "type": "Feature",
      "id": "stop_domjur_bdo_office",
      "geometry": {
        "type": "Point",
        "coordinates": [
          88.2185,
          22.6415
        ]
      },
      "properties": {
        "id": "stop_domjur_bdo_office",
        "name": "Domjur Bdo Office",
        "category": "bus_stop",
        "routeCount": 1,
        "routes": [
          "K-11"
        ]
      }
    },
    {
      "type": "Feature",
      "id": "stop_khejurtala",
      "geometry": {
        "type": "Point",
        "coordinates": [
          88.266868,
          22.601721
        ]
      },
      "properties": {
        "id": "stop_khejurtala",
        "name": "Khejurtala",
        "category": "bus_stop",
        "routeCount": 1,
        "routes": [
          "K-11"
        ]
      }
    },
    {
      "type": "Feature",
      "id": "stop_garpa",
      "geometry": {
        "type": "Point",
        "coordinates": [
          88.276132,
          22.591279
        ]
      },
      "properties": {
        "id": "stop_garpa",
        "name": "Garpa",
        "category": "bus_stop",
        "routeCount": 1,
        "routes": [
          "K-11"
        ]
      }
    },
    {
      "type": "Feature",
      "id": "stop_betore",
      "geometry": {
        "type": "Point",
        "coordinates": [
          88.295,
          22.5691
        ]
      },
      "properties": {
        "id": "stop_betore",
        "name": "Betore",
        "category": "bus_stop",
        "routeCount": 1,
        "routes": [
          "KB-15"
        ]
      }
    },
    {
      "type": "Feature",
      "id": "stop_natunpukur",
      "geometry": {
        "type": "Point",
        "coordinates": [
          88.499868,
          22.571388
        ]
      },
      "properties": {
        "id": "stop_natunpukur",
        "name": "Natunpukur",
        "category": "bus_stop",
        "routeCount": 1,
        "routes": [
          "KB-16"
        ]
      }
    },
    {
      "type": "Feature",
      "id": "stop_hajratala",
      "geometry": {
        "type": "Point",
        "coordinates": [
          88.501132,
          22.573612
        ]
      },
      "properties": {
        "id": "stop_hajratala",
        "name": "Hajratala",
        "category": "bus_stop",
        "routeCount": 1,
        "routes": [
          "KB-16"
        ]
      }
    },
    {
      "type": "Feature",
      "id": "stop_ibm",
      "geometry": {
        "type": "Point",
        "coordinates": [
          88.4325,
          22.5776
        ]
      },
      "properties": {
        "id": "stop_ibm",
        "name": "IBM",
        "category": "bus_stop",
        "routeCount": 1,
        "routes": [
          "KB-16"
        ]
      }
    },
    {
      "type": "Feature",
      "id": "stop_mayukh_bhawan",
      "geometry": {
        "type": "Point",
        "coordinates": [
          88.416,
          22.5871
        ]
      },
      "properties": {
        "id": "stop_mayukh_bhawan",
        "name": "Mayukh Bhawan",
        "category": "bus_stop",
        "routeCount": 1,
        "routes": [
          "KB-16"
        ]
      }
    },
    {
      "type": "Feature",
      "id": "stop_central_park",
      "geometry": {
        "type": "Point",
        "coordinates": [
          88.4145,
          22.5875
        ]
      },
      "properties": {
        "id": "stop_central_park",
        "name": "Central Park",
        "category": "bus_stop",
        "routeCount": 1,
        "routes": [
          "KB-16"
        ]
      }
    },
    {
      "type": "Feature",
      "id": "stop_2_no_tank",
      "geometry": {
        "type": "Point",
        "coordinates": [
          88.4005,
          22.5871
        ]
      },
      "properties": {
        "id": "stop_2_no_tank",
        "name": "2 No Tank",
        "category": "bus_stop",
        "routeCount": 1,
        "routes": [
          "KB-16"
        ]
      }
    },
    {
      "type": "Feature",
      "id": "stop_duttabagan",
      "geometry": {
        "type": "Point",
        "coordinates": [
          88.383,
          22.6056
        ]
      },
      "properties": {
        "id": "stop_duttabagan",
        "name": "Duttabagan",
        "category": "bus_stop",
        "routeCount": 1,
        "routes": [
          "KB-16"
        ]
      }
    },
    {
      "type": "Feature",
      "id": "stop_laketown_jessore_road",
      "geometry": {
        "type": "Point",
        "coordinates": [
          88.4045,
          22.5985
        ]
      },
      "properties": {
        "id": "stop_laketown_jessore_road",
        "name": "Laketown Jessore Road",
        "category": "bus_stop",
        "routeCount": 1,
        "routes": [
          "KB-16"
        ]
      }
    },
    {
      "type": "Feature",
      "id": "stop_sulekha",
      "geometry": {
        "type": "Point",
        "coordinates": [
          88.370689,
          22.490364
        ]
      },
      "properties": {
        "id": "stop_sulekha",
        "name": "Sulekha",
        "category": "bus_stop",
        "routeCount": 4,
        "routes": [
          "KB-17",
          "S-5",
          "S-5N",
          "AC-5"
        ]
      }
    },
    {
      "type": "Feature",
      "id": "stop_sech_bhawan",
      "geometry": {
        "type": "Point",
        "coordinates": [
          88.412132,
          22.589946
        ]
      },
      "properties": {
        "id": "stop_sech_bhawan",
        "name": "Sech Bhawan",
        "category": "bus_stop",
        "routeCount": 1,
        "routes": [
          "KB-17"
        ]
      }
    },
    {
      "type": "Feature",
      "id": "stop_tata_medical",
      "geometry": {
        "type": "Point",
        "coordinates": [
          88.479,
          22.5796
        ]
      },
      "properties": {
        "id": "stop_tata_medical",
        "name": "Tata Medical",
        "category": "bus_stop",
        "routeCount": 1,
        "routes": [
          "KB-17"
        ]
      }
    },
    {
      "type": "Feature",
      "id": "stop_ganga_nagar",
      "geometry": {
        "type": "Point",
        "coordinates": [
          88.3315,
          22.5245
        ]
      },
      "properties": {
        "id": "stop_ganga_nagar",
        "name": "Ganga Nagar",
        "category": "bus_stop",
        "routeCount": 1,
        "routes": [
          "KB-21"
        ]
      }
    },
    {
      "type": "Feature",
      "id": "stop_entally_market",
      "geometry": {
        "type": "Point",
        "coordinates": [
          88.365018,
          22.558171
        ]
      },
      "properties": {
        "id": "stop_entally_market",
        "name": "Entally Market",
        "category": "bus_stop",
        "routeCount": 1,
        "routes": [
          "KB-21"
        ]
      }
    },
    {
      "type": "Feature",
      "id": "stop_jora_girja",
      "geometry": {
        "type": "Point",
        "coordinates": [
          88.366727,
          22.556756
        ]
      },
      "properties": {
        "id": "stop_jora_girja",
        "name": "Jora Girja",
        "category": "bus_stop",
        "routeCount": 1,
        "routes": [
          "KB-21"
        ]
      }
    },
    {
      "type": "Feature",
      "id": "stop_ripon_street",
      "geometry": {
        "type": "Point",
        "coordinates": [
          88.363273,
          22.552244
        ]
      },
      "properties": {
        "id": "stop_ripon_street",
        "name": "Ripon Street",
        "category": "bus_stop",
        "routeCount": 1,
        "routes": [
          "KB-21"
        ]
      }
    },
    {
      "type": "Feature",
      "id": "stop_nonapukur",
      "geometry": {
        "type": "Point",
        "coordinates": [
          88.364982,
          22.550829
        ]
      },
      "properties": {
        "id": "stop_nonapukur",
        "name": "Nonapukur",
        "category": "bus_stop",
        "routeCount": 1,
        "routes": [
          "KB-21"
        ]
      }
    },
    {
      "type": "Feature",
      "id": "stop_jamirgachi",
      "geometry": {
        "type": "Point",
        "coordinates": [
          88.3315,
          22.5245
        ]
      },
      "properties": {
        "id": "stop_jamirgachi",
        "name": "Jamirgachi",
        "category": "bus_stop",
        "routeCount": 1,
        "routes": [
          "KB-22"
        ]
      }
    },
    {
      "type": "Feature",
      "id": "stop_shonepur",
      "geometry": {
        "type": "Point",
        "coordinates": [
          88.373189,
          22.535614
        ]
      },
      "properties": {
        "id": "stop_shonepur",
        "name": "Shonepur",
        "category": "bus_stop",
        "routeCount": 1,
        "routes": [
          "KB-22"
        ]
      }
    },
    {
      "type": "Feature",
      "id": "stop_gabtala_bazar",
      "geometry": {
        "type": "Point",
        "coordinates": [
          88.4185,
          22.5489
        ]
      },
      "properties": {
        "id": "stop_gabtala_bazar",
        "name": "Gabtala Bazar",
        "category": "bus_stop",
        "routeCount": 1,
        "routes": [
          "KB-22"
        ]
      }
    },
    {
      "type": "Feature",
      "id": "stop_dihibhursut",
      "geometry": {
        "type": "Point",
        "coordinates": [
          88.3315,
          22.5245
        ]
      },
      "properties": {
        "id": "stop_dihibhursut",
        "name": "Dihibhursut",
        "category": "bus_stop",
        "routeCount": 1,
        "routes": [
          "E-43"
        ]
      }
    },
    {
      "type": "Feature",
      "id": "stop_udaynarayanpur",
      "geometry": {
        "type": "Point",
        "coordinates": [
          88.339,
          22.5281
        ]
      },
      "properties": {
        "id": "stop_udaynarayanpur",
        "name": "Udaynarayanpur",
        "category": "bus_stop",
        "routeCount": 2,
        "routes": [
          "E-43",
          "E-44"
        ]
      }
    },
    {
      "type": "Feature",
      "id": "stop_garh_bhowanipore",
      "geometry": {
        "type": "Point",
        "coordinates": [
          88.3495,
          22.5335
        ]
      },
      "properties": {
        "id": "stop_garh_bhowanipore",
        "name": "Garh Bhowanipore",
        "category": "bus_stop",
        "routeCount": 1,
        "routes": [
          "E-43"
        ]
      }
    },
    {
      "type": "Feature",
      "id": "stop_sehagori",
      "geometry": {
        "type": "Point",
        "coordinates": [
          88.263939,
          22.544864
        ]
      },
      "properties": {
        "id": "stop_sehagori",
        "name": "Sehagori",
        "category": "bus_stop",
        "routeCount": 2,
        "routes": [
          "E-43",
          "E-53"
        ]
      }
    },
    {
      "type": "Feature",
      "id": "stop_khorop",
      "geometry": {
        "type": "Point",
        "coordinates": [
          88.182,
          22.5584
        ]
      },
      "properties": {
        "id": "stop_khorop",
        "name": "Khorop",
        "category": "bus_stop",
        "routeCount": 1,
        "routes": [
          "E-43"
        ]
      }
    },
    {
      "type": "Feature",
      "id": "stop_betai_bandar",
      "geometry": {
        "type": "Point",
        "coordinates": [
          88.094939,
          22.568864
        ]
      },
      "properties": {
        "id": "stop_betai_bandar",
        "name": "Betai Bandar",
        "category": "bus_stop",
        "routeCount": 1,
        "routes": [
          "E-43"
        ]
      }
    },
    {
      "type": "Feature",
      "id": "stop_amta",
      "geometry": {
        "type": "Point",
        "coordinates": [
          88.0115,
          22.5815
        ]
      },
      "properties": {
        "id": "stop_amta",
        "name": "Amta",
        "category": "bus_stop",
        "routeCount": 2,
        "routes": [
          "E-43",
          "E-53"
        ]
      }
    },
    {
      "type": "Feature",
      "id": "stop_ranihati",
      "geometry": {
        "type": "Point",
        "coordinates": [
          88.132799,
          22.568946
        ]
      },
      "properties": {
        "id": "stop_ranihati",
        "name": "Ranihati",
        "category": "bus_stop",
        "routeCount": 2,
        "routes": [
          "E-43",
          "E-53"
        ]
      }
    },
    {
      "type": "Feature",
      "id": "stop_dhulagarh",
      "geometry": {
        "type": "Point",
        "coordinates": [
          88.1915,
          22.5615
        ]
      },
      "properties": {
        "id": "stop_dhulagarh",
        "name": "Dhulagarh",
        "category": "bus_stop",
        "routeCount": 2,
        "routes": [
          "E-43",
          "E-53"
        ]
      }
    },
    {
      "type": "Feature",
      "id": "stop_jalan_gate",
      "geometry": {
        "type": "Point",
        "coordinates": [
          88.245439,
          22.566614
        ]
      },
      "properties": {
        "id": "stop_jalan_gate",
        "name": "Jalan Gate",
        "category": "bus_stop",
        "routeCount": 2,
        "routes": [
          "E-43",
          "E-53"
        ]
      }
    },
    {
      "type": "Feature",
      "id": "stop_ankurhati",
      "geometry": {
        "type": "Point",
        "coordinates": [
          88.253,
          22.5839
        ]
      },
      "properties": {
        "id": "stop_ankurhati",
        "name": "Ankurhati",
        "category": "bus_stop",
        "routeCount": 2,
        "routes": [
          "E-43",
          "E-53"
        ]
      }
    },
    {
      "type": "Feature",
      "id": "stop_nibra",
      "geometry": {
        "type": "Point",
        "coordinates": [
          88.255439,
          22.598114
        ]
      },
      "properties": {
        "id": "stop_nibra",
        "name": "Nibra",
        "category": "bus_stop",
        "routeCount": 2,
        "routes": [
          "E-43",
          "E-53"
        ]
      }
    },
    {
      "type": "Feature",
      "id": "stop_munshirhat",
      "geometry": {
        "type": "Point",
        "coordinates": [
          88.258,
          22.5609
        ]
      },
      "properties": {
        "id": "stop_munshirhat",
        "name": "Munshirhat",
        "category": "bus_stop",
        "routeCount": 1,
        "routes": [
          "E-44"
        ]
      }
    },
    {
      "type": "Feature",
      "id": "stop_bargachia",
      "geometry": {
        "type": "Point",
        "coordinates": [
          88.236439,
          22.600114
        ]
      },
      "properties": {
        "id": "stop_bargachia",
        "name": "Bargachia",
        "category": "bus_stop",
        "routeCount": 1,
        "routes": [
          "E-44"
        ]
      }
    },
    {
      "type": "Feature",
      "id": "stop_narit",
      "geometry": {
        "type": "Point",
        "coordinates": [
          88.3315,
          22.5245
        ]
      },
      "properties": {
        "id": "stop_narit",
        "name": "Narit",
        "category": "bus_stop",
        "routeCount": 1,
        "routes": [
          "E-53"
        ]
      }
    },
    {
      "type": "Feature",
      "id": "stop_khejurdaha",
      "geometry": {
        "type": "Point",
        "coordinates": [
          88.250439,
          22.538114
        ]
      },
      "properties": {
        "id": "stop_khejurdaha",
        "name": "Khejurdaha",
        "category": "bus_stop",
        "routeCount": 1,
        "routes": [
          "E-53"
        ]
      }
    },
    {
      "type": "Feature",
      "id": "stop_joypur",
      "geometry": {
        "type": "Point",
        "coordinates": [
          88.173,
          22.5539
        ]
      },
      "properties": {
        "id": "stop_joypur",
        "name": "Joypur",
        "category": "bus_stop",
        "routeCount": 1,
        "routes": [
          "E-53"
        ]
      }
    },
    {
      "type": "Feature",
      "id": "stop_behala_tram_depot",
      "geometry": {
        "type": "Point",
        "coordinates": [
          88.3135,
          22.4996
        ]
      },
      "properties": {
        "id": "stop_behala_tram_depot",
        "name": "Behala Tram Depot",
        "category": "bus_stop",
        "routeCount": 1,
        "routes": [
          "Kolkata"
        ]
      }
    },
    {
      "type": "Feature",
      "id": "stop_thakurpukur_bazar",
      "geometry": {
        "type": "Point",
        "coordinates": [
          88.3085,
          22.4685
        ]
      },
      "properties": {
        "id": "stop_thakurpukur_bazar",
        "name": "Thakurpukur Bazar",
        "category": "bus_stop",
        "routeCount": 2,
        "routes": [
          "Kolkata",
          "S-3A"
        ]
      }
    },
    {
      "type": "Feature",
      "id": "stop_thakurpukur_3a_bus_stand",
      "geometry": {
        "type": "Point",
        "coordinates": [
          88.3085,
          22.4685
        ]
      },
      "properties": {
        "id": "stop_thakurpukur_3a_bus_stand",
        "name": "Thakurpukur 3A Bus Stand",
        "category": "bus_stop",
        "routeCount": 1,
        "routes": [
          "Kolkata"
        ]
      }
    },
    {
      "type": "Feature",
      "id": "stop_joka_esi",
      "geometry": {
        "type": "Point",
        "coordinates": [
          88.304818,
          22.461971
        ]
      },
      "properties": {
        "id": "stop_joka_esi",
        "name": "Joka Esi",
        "category": "bus_stop",
        "routeCount": 1,
        "routes": [
          "Kolkata"
        ]
      }
    },
    {
      "type": "Feature",
      "id": "stop_joka_khalpole",
      "geometry": {
        "type": "Point",
        "coordinates": [
          88.304327,
          22.457356
        ]
      },
      "properties": {
        "id": "stop_joka_khalpole",
        "name": "Joka Khalpole",
        "category": "bus_stop",
        "routeCount": 1,
        "routes": [
          "Kolkata"
        ]
      }
    },
    {
      "type": "Feature",
      "id": "stop_iim_joka",
      "geometry": {
        "type": "Point",
        "coordinates": [
          88.298673,
          22.449644
        ]
      },
      "properties": {
        "id": "stop_iim_joka",
        "name": "Iim Joka",
        "category": "bus_stop",
        "routeCount": 1,
        "routes": [
          "Kolkata"
        ]
      }
    },
    {
      "type": "Feature",
      "id": "stop_joka_bharat_sevashram_hospital",
      "geometry": {
        "type": "Point",
        "coordinates": [
          88.298182,
          22.445029
        ]
      },
      "properties": {
        "id": "stop_joka_bharat_sevashram_hospital",
        "name": "Joka Bharat Sevashram Hospital",
        "category": "bus_stop",
        "routeCount": 1,
        "routes": [
          "Kolkata"
        ]
      }
    },
    {
      "type": "Feature",
      "id": "stop_konchowki",
      "geometry": {
        "type": "Point",
        "coordinates": [
          88.28825,
          22.42805
        ]
      },
      "properties": {
        "id": "stop_konchowki",
        "name": "Konchowki",
        "category": "bus_stop",
        "routeCount": 1,
        "routes": [
          "Kolkata"
        ]
      }
    },
    {
      "type": "Feature",
      "id": "stop_swaminarayan_temple",
      "geometry": {
        "type": "Point",
        "coordinates": [
          88.284799,
          22.419279
        ]
      },
      "properties": {
        "id": "stop_swaminarayan_temple",
        "name": "Swaminarayan Temple",
        "category": "bus_stop",
        "routeCount": 1,
        "routes": [
          "Kolkata"
        ]
      }
    },
    {
      "type": "Feature",
      "id": "stop_bagirhat",
      "geometry": {
        "type": "Point",
        "coordinates": [
          88.273799,
          22.399279
        ]
      },
      "properties": {
        "id": "stop_bagirhat",
        "name": "Bagirhat",
        "category": "bus_stop",
        "routeCount": 1,
        "routes": [
          "Kolkata"
        ]
      }
    },
    {
      "type": "Feature",
      "id": "stop_bishnupur_ps",
      "geometry": {
        "type": "Point",
        "coordinates": [
          88.26625,
          22.38805
        ]
      },
      "properties": {
        "id": "stop_bishnupur_ps",
        "name": "Bishnupur PS",
        "category": "bus_stop",
        "routeCount": 1,
        "routes": [
          "Kolkata"
        ]
      }
    },
    {
      "type": "Feature",
      "id": "stop_kriparampur",
      "geometry": {
        "type": "Point",
        "coordinates": [
          88.253534,
          22.367721
        ]
      },
      "properties": {
        "id": "stop_kriparampur",
        "name": "Kriparampur",
        "category": "bus_stop",
        "routeCount": 1,
        "routes": [
          "Kolkata"
        ]
      }
    },
    {
      "type": "Feature",
      "id": "stop_rajarhat",
      "geometry": {
        "type": "Point",
        "coordinates": [
          88.249466,
          22.359279
        ]
      },
      "properties": {
        "id": "stop_rajarhat",
        "name": "Rajarhat",
        "category": "bus_stop",
        "routeCount": 1,
        "routes": [
          "Kolkata"
        ]
      }
    },
    {
      "type": "Feature",
      "id": "stop_mollarthesh",
      "geometry": {
        "type": "Point",
        "coordinates": [
          88.235431,
          22.330525
        ]
      },
      "properties": {
        "id": "stop_mollarthesh",
        "name": "Mollarthesh",
        "category": "bus_stop",
        "routeCount": 1,
        "routes": [
          "Kolkata"
        ]
      }
    },
    {
      "type": "Feature",
      "id": "stop_hashimnagar",
      "geometry": {
        "type": "Point",
        "coordinates": [
          88.231353,
          22.313746
        ]
      },
      "properties": {
        "id": "stop_hashimnagar",
        "name": "Hashimnagar",
        "category": "bus_stop",
        "routeCount": 1,
        "routes": [
          "Kolkata"
        ]
      }
    },
    {
      "type": "Feature",
      "id": "stop_marine_college",
      "geometry": {
        "type": "Point",
        "coordinates": [
          88.212245,
          22.259281
        ]
      },
      "properties": {
        "id": "stop_marine_college",
        "name": "Marine College",
        "category": "bus_stop",
        "routeCount": 1,
        "routes": [
          "Kolkata"
        ]
      }
    },
    {
      "type": "Feature",
      "id": "stop_sarishahat",
      "geometry": {
        "type": "Point",
        "coordinates": [
          88.209466,
          22.243279
        ]
      },
      "properties": {
        "id": "stop_sarishahat",
        "name": "Sarishahat",
        "category": "bus_stop",
        "routeCount": 1,
        "routes": [
          "Kolkata"
        ]
      }
    },
    {
      "type": "Feature",
      "id": "stop_sarisha_ashram",
      "geometry": {
        "type": "Point",
        "coordinates": [
          88.201647,
          22.224254
        ]
      },
      "properties": {
        "id": "stop_sarisha_ashram",
        "name": "Sarisha Ashram",
        "category": "bus_stop",
        "routeCount": 1,
        "routes": [
          "Kolkata"
        ]
      }
    },
    {
      "type": "Feature",
      "id": "stop_hatugunj",
      "geometry": {
        "type": "Point",
        "coordinates": [
          88.215,
          22.1331
        ]
      },
      "properties": {
        "id": "stop_hatugunj",
        "name": "Hatugunj",
        "category": "bus_stop",
        "routeCount": 1,
        "routes": [
          "Kolkata"
        ]
      }
    },
    {
      "type": "Feature",
      "id": "stop_nischintapur",
      "geometry": {
        "type": "Point",
        "coordinates": [
          88.225132,
          22.012612
        ]
      },
      "properties": {
        "id": "stop_nischintapur",
        "name": "Nischintapur",
        "category": "bus_stop",
        "routeCount": 1,
        "routes": [
          "Kolkata"
        ]
      }
    },
    {
      "type": "Feature",
      "id": "stop_kshirishtala",
      "geometry": {
        "type": "Point",
        "coordinates": [
          88.2135,
          21.9776
        ]
      },
      "properties": {
        "id": "stop_kshirishtala",
        "name": "Kshirishtala",
        "category": "bus_stop",
        "routeCount": 1,
        "routes": [
          "Kolkata"
        ]
      }
    },
    {
      "type": "Feature",
      "id": "stop_5no_haat",
      "geometry": {
        "type": "Point",
        "coordinates": [
          88.207466,
          21.945946
        ]
      },
      "properties": {
        "id": "stop_5no_haat",
        "name": "5no Haat",
        "category": "bus_stop",
        "routeCount": 1,
        "routes": [
          "Kolkata"
        ]
      }
    },
    {
      "type": "Feature",
      "id": "stop_notun_rasta",
      "geometry": {
        "type": "Point",
        "coordinates": [
          88.196583,
          21.911383
        ]
      },
      "properties": {
        "id": "stop_notun_rasta",
        "name": "Notun Rasta",
        "category": "bus_stop",
        "routeCount": 1,
        "routes": [
          "Kolkata"
        ]
      }
    },
    {
      "type": "Feature",
      "id": "stop_kakdwip",
      "geometry": {
        "type": "Point",
        "coordinates": [
          88.1885,
          21.8785
        ]
      },
      "properties": {
        "id": "stop_kakdwip",
        "name": "Kakdwip",
        "category": "bus_stop",
        "routeCount": 1,
        "routes": [
          "Kolkata"
        ]
      }
    },
    {
      "type": "Feature",
      "id": "stop_namkhana",
      "geometry": {
        "type": "Point",
        "coordinates": [
          88.2315,
          21.7685
        ]
      },
      "properties": {
        "id": "stop_namkhana",
        "name": "Namkhana",
        "category": "bus_stop",
        "routeCount": 1,
        "routes": [
          "Kolkata"
        ]
      }
    },
    {
      "type": "Feature",
      "id": "stop_notun_bazar",
      "geometry": {
        "type": "Point",
        "coordinates": [
          88.233426,
          21.742281
        ]
      },
      "properties": {
        "id": "stop_notun_bazar",
        "name": "Notun Bazar",
        "category": "bus_stop",
        "routeCount": 1,
        "routes": [
          "Kolkata"
        ]
      }
    },
    {
      "type": "Feature",
      "id": "stop_dwariknagar",
      "geometry": {
        "type": "Point",
        "coordinates": [
          88.237561,
          21.717386
        ]
      },
      "properties": {
        "id": "stop_dwariknagar",
        "name": "Dwariknagar",
        "category": "bus_stop",
        "routeCount": 1,
        "routes": [
          "Kolkata"
        ]
      }
    },
    {
      "type": "Feature",
      "id": "stop_chandranagar",
      "geometry": {
        "type": "Point",
        "coordinates": [
          88.237614,
          21.690044
        ]
      },
      "properties": {
        "id": "stop_chandranagar",
        "name": "Chandranagar",
        "category": "bus_stop",
        "routeCount": 1,
        "routes": [
          "Kolkata"
        ]
      }
    },
    {
      "type": "Feature",
      "id": "stop_7_mile_bazar",
      "geometry": {
        "type": "Point",
        "coordinates": [
          88.243,
          21.6659
        ]
      },
      "properties": {
        "id": "stop_7_mile_bazar",
        "name": "7 Mile Bazar",
        "category": "bus_stop",
        "routeCount": 1,
        "routes": [
          "Kolkata"
        ]
      }
    },
    {
      "type": "Feature",
      "id": "stop_shibpur_junction",
      "geometry": {
        "type": "Point",
        "coordinates": [
          88.242614,
          21.638294
        ]
      },
      "properties": {
        "id": "stop_shibpur_junction",
        "name": "Shibpur Junction",
        "category": "bus_stop",
        "routeCount": 1,
        "routes": [
          "Kolkata"
        ]
      }
    },
    {
      "type": "Feature",
      "id": "stop_frasergunj",
      "geometry": {
        "type": "Point",
        "coordinates": [
          88.248426,
          21.587031
        ]
      },
      "properties": {
        "id": "stop_frasergunj",
        "name": "Frasergunj",
        "category": "bus_stop",
        "routeCount": 1,
        "routes": [
          "Kolkata"
        ]
      }
    },
    {
      "type": "Feature",
      "id": "stop_jadavpur_university",
      "geometry": {
        "type": "Point",
        "coordinates": [
          88.366,
          22.5011
        ]
      },
      "properties": {
        "id": "stop_jadavpur_university",
        "name": "Jadavpur University",
        "category": "bus_stop",
        "routeCount": 1,
        "routes": [
          "E-1"
        ]
      }
    },
    {
      "type": "Feature",
      "id": "stop_kudghat",
      "geometry": {
        "type": "Point",
        "coordinates": [
          88.3445,
          22.4885
        ]
      },
      "properties": {
        "id": "stop_kudghat",
        "name": "Kudghat",
        "category": "bus_stop",
        "routeCount": 2,
        "routes": [
          "S-2",
          "S-2N"
        ]
      }
    },
    {
      "type": "Feature",
      "id": "stop_dakbanglow",
      "geometry": {
        "type": "Point",
        "coordinates": [
          88.467,
          22.7091
        ]
      },
      "properties": {
        "id": "stop_dakbanglow",
        "name": "Dakbanglow",
        "category": "bus_stop",
        "routeCount": 1,
        "routes": [
          "AC-2"
        ]
      }
    },
    {
      "type": "Feature",
      "id": "stop_nabanna",
      "geometry": {
        "type": "Point",
        "coordinates": [
          88.3185,
          22.5575
        ]
      },
      "properties": {
        "id": "stop_nabanna",
        "name": "Nabanna",
        "category": "bus_stop",
        "routeCount": 4,
        "routes": [
          "S-2N",
          "S-5N",
          "S-5C/N",
          "S-7N"
        ]
      }
    },
    {
      "type": "Feature",
      "id": "stop_suryasen_street",
      "geometry": {
        "type": "Point",
        "coordinates": [
          88.3675,
          22.5736
        ]
      },
      "properties": {
        "id": "stop_suryasen_street",
        "name": "Suryasen Street",
        "category": "bus_stop",
        "routeCount": 1,
        "routes": [
          "S-3A"
        ]
      }
    },
    {
      "type": "Feature",
      "id": "stop_rajabazar_tram_depot",
      "geometry": {
        "type": "Point",
        "coordinates": [
          88.3735,
          22.5745
        ]
      },
      "properties": {
        "id": "stop_rajabazar_tram_depot",
        "name": "Rajabazar Tram Depot",
        "category": "bus_stop",
        "routeCount": 1,
        "routes": [
          "S-3A"
        ]
      }
    },
    {
      "type": "Feature",
      "id": "stop_bagmari_bazar",
      "geometry": {
        "type": "Point",
        "coordinates": [
          88.381,
          22.5806
        ]
      },
      "properties": {
        "id": "stop_bagmari_bazar",
        "name": "Bagmari Bazar",
        "category": "bus_stop",
        "routeCount": 1,
        "routes": [
          "S-3B"
        ]
      }
    },
    {
      "type": "Feature",
      "id": "stop_manton",
      "geometry": {
        "type": "Point",
        "coordinates": [
          88.3115,
          22.4961
        ]
      },
      "properties": {
        "id": "stop_manton",
        "name": "Manton",
        "category": "bus_stop",
        "routeCount": 1,
        "routes": [
          "S-3W"
        ]
      }
    },
    {
      "type": "Feature",
      "id": "stop_gst_bhawan",
      "geometry": {
        "type": "Point",
        "coordinates": [
          88.395,
          22.51295
        ]
      },
      "properties": {
        "id": "stop_gst_bhawan",
        "name": "GST Bhawan",
        "category": "bus_stop",
        "routeCount": 1,
        "routes": [
          "S-3W"
        ]
      }
    },
    {
      "type": "Feature",
      "id": "stop_technopolis",
      "geometry": {
        "type": "Point",
        "coordinates": [
          88.4475,
          22.5786
        ]
      },
      "properties": {
        "id": "stop_technopolis",
        "name": "Technopolis",
        "category": "bus_stop",
        "routeCount": 2,
        "routes": [
          "S-3W",
          "S-4D"
        ]
      }
    },
    {
      "type": "Feature",
      "id": "stop_tata_cancer_hospital",
      "geometry": {
        "type": "Point",
        "coordinates": [
          88.481,
          22.5806
        ]
      },
      "properties": {
        "id": "stop_tata_cancer_hospital",
        "name": "Tata Cancer Hospital",
        "category": "bus_stop",
        "routeCount": 1,
        "routes": [
          "S-3W"
        ]
      }
    },
    {
      "type": "Feature",
      "id": "stop_amity_university",
      "geometry": {
        "type": "Point",
        "coordinates": [
          88.3685,
          22.5638
        ]
      },
      "properties": {
        "id": "stop_amity_university",
        "name": "Amity University",
        "category": "bus_stop",
        "routeCount": 1,
        "routes": [
          "S-3W"
        ]
      }
    },
    {
      "type": "Feature",
      "id": "stop_apollo_hospital",
      "geometry": {
        "type": "Point",
        "coordinates": [
          88.397689,
          22.569864
        ]
      },
      "properties": {
        "id": "stop_apollo_hospital",
        "name": "Apollo Hospital",
        "category": "bus_stop",
        "routeCount": 1,
        "routes": [
          "S-4"
        ]
      }
    },
    {
      "type": "Feature",
      "id": "stop_bengal_chemical",
      "geometry": {
        "type": "Point",
        "coordinates": [
          88.4005,
          22.5774
        ]
      },
      "properties": {
        "id": "stop_bengal_chemical",
        "name": "Bengal Chemical",
        "category": "bus_stop",
        "routeCount": 1,
        "routes": [
          "S-4"
        ]
      }
    },
    {
      "type": "Feature",
      "id": "stop_saltlake_gate",
      "geometry": {
        "type": "Point",
        "coordinates": [
          88.398189,
          22.581864
        ]
      },
      "properties": {
        "id": "stop_saltlake_gate",
        "name": "Saltlake Gate",
        "category": "bus_stop",
        "routeCount": 1,
        "routes": [
          "S-4"
        ]
      }
    },
    {
      "type": "Feature",
      "id": "stop_quality",
      "geometry": {
        "type": "Point",
        "coordinates": [
          88.407132,
          22.588612
        ]
      },
      "properties": {
        "id": "stop_quality",
        "name": "Quality",
        "category": "bus_stop",
        "routeCount": 1,
        "routes": [
          "S-4"
        ]
      }
    },
    {
      "type": "Feature",
      "id": "stop_bidyut_bhawan",
      "geometry": {
        "type": "Point",
        "coordinates": [
          88.414583,
          22.586383
        ]
      },
      "properties": {
        "id": "stop_bidyut_bhawan",
        "name": "Bidyut Bhawan",
        "category": "bus_stop",
        "routeCount": 1,
        "routes": [
          "S-4"
        ]
      }
    },
    {
      "type": "Feature",
      "id": "stop_tollygunge_karunamoyee",
      "geometry": {
        "type": "Point",
        "coordinates": [
          88.4185,
          22.5865
        ]
      },
      "properties": {
        "id": "stop_tollygunge_karunamoyee",
        "name": "Tollygunge Karunamoyee",
        "category": "bus_stop",
        "routeCount": 1,
        "routes": [
          "S-4C"
        ]
      }
    },
    {
      "type": "Feature",
      "id": "stop_state_garage",
      "geometry": {
        "type": "Point",
        "coordinates": [
          88.31,
          22.5046
        ]
      },
      "properties": {
        "id": "stop_state_garage",
        "name": "State Garage",
        "category": "bus_stop",
        "routeCount": 1,
        "routes": [
          "S-4D"
        ]
      }
    },
    {
      "type": "Feature",
      "id": "stop_garia_bus_stand",
      "geometry": {
        "type": "Point",
        "coordinates": [
          88.3845,
          22.4685
        ]
      },
      "properties": {
        "id": "stop_garia_bus_stand",
        "name": "Garia Bus Stand",
        "category": "bus_stop",
        "routeCount": 5,
        "routes": [
          "S-5",
          "S-5N",
          "AC-5",
          "S-7",
          "S-7N"
        ]
      }
    },
    {
      "type": "Feature",
      "id": "stop_jodhpur_park",
      "geometry": {
        "type": "Point",
        "coordinates": [
          88.364,
          22.5016
        ]
      },
      "properties": {
        "id": "stop_jodhpur_park",
        "name": "Jodhpur Park",
        "category": "bus_stop",
        "routeCount": 3,
        "routes": [
          "S-5",
          "S-5N",
          "AC-5"
        ]
      }
    },
    {
      "type": "Feature",
      "id": "stop_elgin",
      "geometry": {
        "type": "Point",
        "coordinates": [
          88.347534,
          22.535388
        ]
      },
      "properties": {
        "id": "stop_elgin",
        "name": "Elgin",
        "category": "bus_stop",
        "routeCount": 3,
        "routes": [
          "S-5",
          "S-5N",
          "AC-5"
        ]
      }
    },
    {
      "type": "Feature",
      "id": "stop_exide",
      "geometry": {
        "type": "Point",
        "coordinates": [
          88.349466,
          22.539612
        ]
      },
      "properties": {
        "id": "stop_exide",
        "name": "Exide",
        "category": "bus_stop",
        "routeCount": 3,
        "routes": [
          "S-5",
          "S-5N",
          "AC-5"
        ]
      }
    },
    {
      "type": "Feature",
      "id": "stop_mayo_road",
      "geometry": {
        "type": "Point",
        "coordinates": [
          88.3505,
          22.55715
        ]
      },
      "properties": {
        "id": "stop_mayo_road",
        "name": "Mayo Road",
        "category": "bus_stop",
        "routeCount": 2,
        "routes": [
          "S-5",
          "AC-5"
        ]
      }
    },
    {
      "type": "Feature",
      "id": "stop_hiland_park",
      "geometry": {
        "type": "Point",
        "coordinates": [
          88.39135,
          22.48125
        ]
      },
      "properties": {
        "id": "stop_hiland_park",
        "name": "Hiland Park",
        "category": "bus_stop",
        "routeCount": 1,
        "routes": [
          "S-5C/N"
        ]
      }
    },
    {
      "type": "Feature",
      "id": "stop_gpo",
      "geometry": {
        "type": "Point",
        "coordinates": [
          88.3495,
          22.5766
        ]
      },
      "properties": {
        "id": "stop_gpo",
        "name": "GPO",
        "category": "bus_stop",
        "routeCount": 1,
        "routes": [
          "S-7"
        ]
      }
    }
  ]
}